000ac0423f26af34b80cf699e788ce67	stunts_run.track_trick_jumpspinvault_0
000ac0423f26af34b80cf699e788ce67:3702659733388392739	stunts_run.track_trick_jumpspinvault_0
0023ca37b7287bc4f9f349f584ae27c5	zone2.light_panel30_0
0023ca37b7287bc4f9f349f584ae27c5:722325550196770883	zone2.light_panel30_0
0037233b3edff13478f33fd6216fa4aa	warning_signs.acceleration_holographic_0
0037233b3edff13478f33fd6216fa4aa:-5788968654010523149	warning_signs.acceleration_holographic_2
0037233b3edff13478f33fd6216fa4aa:4187895482129416839	warning_signs.acceleration_holographic_0
0037233b3edff13478f33fd6216fa4aa:6729591323124127934	warning_signs.acceleration_holographic_1
003774f21df8ce74fbe7f6706678d6a7	stunts_run.track_trick_wallspeedvault_0
003774f21df8ce74fbe7f6706678d6a7:2703059872112852372	stunts_run.track_trick_wallspeedvault_0
006ef8acdfaf85a4ab9fe057b0b86670	stunts_run.banner_1_top_0
006ef8acdfaf85a4ab9fe057b0b86670:1740916473060296407	stunts_run.banner_1_top_0
00b623d685effbe42a2f83fbbbd84efd	q_server.server2_0
00b623d685effbe42a2f83fbbbd84efd:3495787861436902011	q_server.server2_0
00cecedab67347a4996aac5b29225e69	walls.pw_angle_up_0
00cecedab67347a4996aac5b29225e69:8178726958982319074	walls.pw_angle_up_0
00dbf1edbee80374384f84b24ded1aac	black.truck_fence_0
00dbf1edbee80374384f84b24ded1aac:6586211068937203438	black.truck_fence_0
00e6e0ea3fb646f0b00060a0bb1e4b7a	walls.column_white_1
00e6e0ea3fb646f0b00060a0bb1e4b7a:21300000	walls.column_white_1
00e6e0ea3fb646f0b00060a0bb1e4b7a:21300002	walls.column_white_2
00e6e0ea3fb646f0b00060a0bb1e4b7a:21300004	walls.column_white_3
00e6e0ea3fb646f0b00060a0bb1e4b7a:21300006	walls.column_white_4
00e6e0ea3fb646f0b00060a0bb1e4b7a:21300008	walls.column_white_5
00e6e0ea3fb646f0b00060a0bb1e4b7a:21300010	walls.cord_for_tiling
00e6e0ea3fb646f0b00060a0bb1e4b7a:21300012	walls.cords_connection
00e6e0ea3fb646f0b00060a0bb1e4b7a:21300014	walls.cords_contetnt
00e6e0ea3fb646f0b00060a0bb1e4b7a:21300016	walls.cords_lamp_blue
00e6e0ea3fb646f0b00060a0bb1e4b7a:21300018	walls.cords_lamp_yellow
00e6e0ea3fb646f0b00060a0bb1e4b7a:21300020	walls.cords_relief
00e6e0ea3fb646f0b00060a0bb1e4b7a:21300022	walls.cords_type_atf
00e6e0ea3fb646f0b00060a0bb1e4b7a:21300024	walls.cords_type_ats
00e6e0ea3fb646f0b00060a0bb1e4b7a:21300026	walls.cords_underfloor_edge_dark
00e6e0ea3fb646f0b00060a0bb1e4b7a:21300028	walls.cords_underfloor_edge_light
00e6e0ea3fb646f0b00060a0bb1e4b7a:21300030	walls.cords_underfloor_main
00e6e0ea3fb646f0b00060a0bb1e4b7a:21300032	walls.cords_wall_recess
00e6e0ea3fb646f0b00060a0bb1e4b7a:21300034	walls.decal_0
00e6e0ea3fb646f0b00060a0bb1e4b7a:21300036	walls.decal_1
00e6e0ea3fb646f0b00060a0bb1e4b7a:21300038	walls.decal_2
00e6e0ea3fb646f0b00060a0bb1e4b7a:21300040	walls.decal_3
00e6e0ea3fb646f0b00060a0bb1e4b7a:21300042	walls.decal_4
00e6e0ea3fb646f0b00060a0bb1e4b7a:21300044	walls.decal_5
00e6e0ea3fb646f0b00060a0bb1e4b7a:21300046	walls.decal_6
00e6e0ea3fb646f0b00060a0bb1e4b7a:21300048	walls.decal_7
00e6e0ea3fb646f0b00060a0bb1e4b7a:21300050	walls.decal_8
00e6e0ea3fb646f0b00060a0bb1e4b7a:21300052	walls.decal_9
00e6e0ea3fb646f0b00060a0bb1e4b7a:21300054	walls.decal_level
00e6e0ea3fb646f0b00060a0bb1e4b7a:21300056	walls.door_corridor
00e6e0ea3fb646f0b00060a0bb1e4b7a:21300058	walls.door_street
00e6e0ea3fb646f0b00060a0bb1e4b7a:21300060	walls.heck
00e6e0ea3fb646f0b00060a0bb1e4b7a:21300062	walls.hex_blue
00e6e0ea3fb646f0b00060a0bb1e4b7a:21300064	walls.hex_blue_flare
00e6e0ea3fb646f0b00060a0bb1e4b7a:21300066	walls.hex_green
00e6e0ea3fb646f0b00060a0bb1e4b7a:21300068	walls.hex_green_flare
00e6e0ea3fb646f0b00060a0bb1e4b7a:21300070	walls.hex_orange
00e6e0ea3fb646f0b00060a0bb1e4b7a:21300072	walls.hex_orange_flare
00e6e0ea3fb646f0b00060a0bb1e4b7a:21300074	walls.holographic_interface1
00e6e0ea3fb646f0b00060a0bb1e4b7a:21300076	walls.holographic_interface2
00e6e0ea3fb646f0b00060a0bb1e4b7a:21300078	walls.holographic_interface3
00e6e0ea3fb646f0b00060a0bb1e4b7a:21300080	walls.holographic_interface_bar1
00e6e0ea3fb646f0b00060a0bb1e4b7a:21300082	walls.holographic_interface_bar2
00e6e0ea3fb646f0b00060a0bb1e4b7a:21300084	walls.holographic_interface_bg_blue_quart
00e6e0ea3fb646f0b00060a0bb1e4b7a:21300086	walls.holographic_interface_bg_green_quart
00e6e0ea3fb646f0b00060a0bb1e4b7a:21300088	walls.holographic_interface_bg_red_quart
00e6e0ea3fb646f0b00060a0bb1e4b7a:21300090	walls.holographic_interface_circles1
00e6e0ea3fb646f0b00060a0bb1e4b7a:21300092	walls.holographic_interface_circles2
00e6e0ea3fb646f0b00060a0bb1e4b7a:21300094	walls.holographic_interface_circles3
00e6e0ea3fb646f0b00060a0bb1e4b7a:21300096	walls.monitors_street
00e6e0ea3fb646f0b00060a0bb1e4b7a:21300098	walls.monitors_wall
00e6e0ea3fb646f0b00060a0bb1e4b7a:21300100	walls.panel_blue_underfloor
00e6e0ea3fb646f0b00060a0bb1e4b7a:21300102	walls.panel_blue_underfloor_beam
00e6e0ea3fb646f0b00060a0bb1e4b7a:21300104	walls.panel_blue_underfloor_empty
00e6e0ea3fb646f0b00060a0bb1e4b7a:21300106	walls.panel_blue_underfloor_lightweight
00e6e0ea3fb646f0b00060a0bb1e4b7a:21300108	walls.panel_blue_underfloor_lightweight_lower
00e6e0ea3fb646f0b00060a0bb1e4b7a:21300110	walls.panel_blue_underfloor_lower
00e6e0ea3fb646f0b00060a0bb1e4b7a:21300112	walls.panel_blue_underfloor_secret
00e6e0ea3fb646f0b00060a0bb1e4b7a:21300114	walls.panel_blue_underfloor_support
00e6e0ea3fb646f0b00060a0bb1e4b7a:21300116	walls.panel_blue_underfloor_support_lower
00e6e0ea3fb646f0b00060a0bb1e4b7a:21300118	walls.panel_blue_underfloor_support_upper
00e6e0ea3fb646f0b00060a0bb1e4b7a:21300120	walls.panel_brown_underfloor
00e6e0ea3fb646f0b00060a0bb1e4b7a:21300122	walls.panel_brown_underfloor_beam
00e6e0ea3fb646f0b00060a0bb1e4b7a:21300124	walls.panel_brown_underfloor_empty
00e6e0ea3fb646f0b00060a0bb1e4b7a:21300126	walls.panel_brown_underfloor_lightweight
00e6e0ea3fb646f0b00060a0bb1e4b7a:21300128	walls.panel_brown_underfloor_lightweight_lower
00e6e0ea3fb646f0b00060a0bb1e4b7a:21300130	walls.panel_brown_underfloor_lower
00e6e0ea3fb646f0b00060a0bb1e4b7a:21300132	walls.panel_brown_underfloor_secret
00e6e0ea3fb646f0b00060a0bb1e4b7a:21300134	walls.panel_brown_underfloor_support
00e6e0ea3fb646f0b00060a0bb1e4b7a:21300136	walls.panel_brown_underfloor_support_lower
00e6e0ea3fb646f0b00060a0bb1e4b7a:21300138	walls.panel_brown_underfloor_support_upper
00e6e0ea3fb646f0b00060a0bb1e4b7a:21300140	walls.panel_red_underfloor
00e6e0ea3fb646f0b00060a0bb1e4b7a:21300142	walls.panel_red_underfloor_beam
00e6e0ea3fb646f0b00060a0bb1e4b7a:21300144	walls.panel_red_underfloor_empty
00e6e0ea3fb646f0b00060a0bb1e4b7a:21300146	walls.panel_red_underfloor_lightweight
00e6e0ea3fb646f0b00060a0bb1e4b7a:21300148	walls.panel_red_underfloor_lightweight_lower
00e6e0ea3fb646f0b00060a0bb1e4b7a:21300150	walls.panel_red_underfloor_lower
00e6e0ea3fb646f0b00060a0bb1e4b7a:21300152	walls.panel_red_underfloor_secret
00e6e0ea3fb646f0b00060a0bb1e4b7a:21300154	walls.panel_red_underfloor_support
00e6e0ea3fb646f0b00060a0bb1e4b7a:21300156	walls.panel_red_underfloor_support_lower
00e6e0ea3fb646f0b00060a0bb1e4b7a:21300158	walls.panel_red_underfloor_support_upper
00e6e0ea3fb646f0b00060a0bb1e4b7a:21300160	walls.pipeline_arris_dark_blue
00e6e0ea3fb646f0b00060a0bb1e4b7a:21300162	walls.pipeline_arris_dark_green
00e6e0ea3fb646f0b00060a0bb1e4b7a:21300164	walls.pipeline_arris_dark_red
00e6e0ea3fb646f0b00060a0bb1e4b7a:21300166	walls.pipeline_arris_light_blue
00e6e0ea3fb646f0b00060a0bb1e4b7a:21300168	walls.pipeline_arris_light_green
00e6e0ea3fb646f0b00060a0bb1e4b7a:21300170	walls.pipeline_arris_light_red
00e6e0ea3fb646f0b00060a0bb1e4b7a:21300172	walls.pipeline_connection_blue
00e6e0ea3fb646f0b00060a0bb1e4b7a:21300174	walls.pipeline_connection_green
00e6e0ea3fb646f0b00060a0bb1e4b7a:21300176	walls.pipeline_connection_lever_blue
00e6e0ea3fb646f0b00060a0bb1e4b7a:21300178	walls.pipeline_connection_lever_green
00e6e0ea3fb646f0b00060a0bb1e4b7a:21300180	walls.pipeline_connection_lever_red
00e6e0ea3fb646f0b00060a0bb1e4b7a:21300182	walls.pipeline_connection_red
00e6e0ea3fb646f0b00060a0bb1e4b7a:21300184	walls.pipeline_coupling_blue
00e6e0ea3fb646f0b00060a0bb1e4b7a:21300186	walls.pipeline_coupling_green
00e6e0ea3fb646f0b00060a0bb1e4b7a:21300188	walls.pipeline_coupling_red
00e6e0ea3fb646f0b00060a0bb1e4b7a:21300190	walls.pipeline_divarication_blue
00e6e0ea3fb646f0b00060a0bb1e4b7a:21300192	walls.pipeline_divarication_green
00e6e0ea3fb646f0b00060a0bb1e4b7a:21300194	walls.pipeline_divarication_red
00e6e0ea3fb646f0b00060a0bb1e4b7a:21300196	walls.pipeline_edge_light_blue
00e6e0ea3fb646f0b00060a0bb1e4b7a:21300198	walls.pipeline_edge_light_green
00e6e0ea3fb646f0b00060a0bb1e4b7a:21300200	walls.pipeline_edge_light_red
00e6e0ea3fb646f0b00060a0bb1e4b7a:21300202	walls.pipeline_edge_shadow_blue
00e6e0ea3fb646f0b00060a0bb1e4b7a:21300204	walls.pipeline_edge_shadow_green
00e6e0ea3fb646f0b00060a0bb1e4b7a:21300206	walls.pipeline_edge_shadow_red
00e6e0ea3fb646f0b00060a0bb1e4b7a:21300208	walls.pipeline_hight_pressure_blue
00e6e0ea3fb646f0b00060a0bb1e4b7a:21300210	walls.pipeline_hight_pressure_green
00e6e0ea3fb646f0b00060a0bb1e4b7a:21300212	walls.pipeline_hight_pressure_red
00e6e0ea3fb646f0b00060a0bb1e4b7a:21300214	walls.pipeline_lever_blue
00e6e0ea3fb646f0b00060a0bb1e4b7a:21300216	walls.pipeline_lever_green
00e6e0ea3fb646f0b00060a0bb1e4b7a:21300218	walls.pipeline_lever_red
00e6e0ea3fb646f0b00060a0bb1e4b7a:21300220	walls.pipeline_main_blue
00e6e0ea3fb646f0b00060a0bb1e4b7a:21300222	walls.pipeline_main_green
00e6e0ea3fb646f0b00060a0bb1e4b7a:21300224	walls.pipeline_main_red
00e6e0ea3fb646f0b00060a0bb1e4b7a:21300226	walls.pipeline_meter_large_blue
00e6e0ea3fb646f0b00060a0bb1e4b7a:21300228	walls.pipeline_meter_large_green
00e6e0ea3fb646f0b00060a0bb1e4b7a:21300230	walls.pipeline_meter_large_red
00e6e0ea3fb646f0b00060a0bb1e4b7a:21300232	walls.pipeline_meter_small_blue
00e6e0ea3fb646f0b00060a0bb1e4b7a:21300234	walls.pipeline_meter_small_green
00e6e0ea3fb646f0b00060a0bb1e4b7a:21300236	walls.pipeline_meter_small_red
00e6e0ea3fb646f0b00060a0bb1e4b7a:21300238	walls.pipeline_pipe_blue
00e6e0ea3fb646f0b00060a0bb1e4b7a:21300240	walls.pipeline_pipe_green
00e6e0ea3fb646f0b00060a0bb1e4b7a:21300242	walls.pipeline_pipe_red
00e6e0ea3fb646f0b00060a0bb1e4b7a:21300244	walls.pipeline_pipeline_a24_blue
00e6e0ea3fb646f0b00060a0bb1e4b7a:21300246	walls.pipeline_pipeline_a24_green
00e6e0ea3fb646f0b00060a0bb1e4b7a:21300248	walls.pipeline_pipeline_a24_red
00e6e0ea3fb646f0b00060a0bb1e4b7a:21300250	walls.pipeline_type_aw2_blue
00e6e0ea3fb646f0b00060a0bb1e4b7a:21300252	walls.pipeline_type_aw2_green
00e6e0ea3fb646f0b00060a0bb1e4b7a:21300254	walls.pipeline_type_aw2_red
00e6e0ea3fb646f0b00060a0bb1e4b7a:21300256	walls.pipeline_type_aw4_blue
00e6e0ea3fb646f0b00060a0bb1e4b7a:21300258	walls.pipeline_type_aw4_green
00e6e0ea3fb646f0b00060a0bb1e4b7a:21300260	walls.pipeline_type_aw4_red
00e6e0ea3fb646f0b00060a0bb1e4b7a:21300262	walls.pipeline_valve_blue
00e6e0ea3fb646f0b00060a0bb1e4b7a:21300264	walls.pipeline_valve_green
00e6e0ea3fb646f0b00060a0bb1e4b7a:21300266	walls.pipeline_valve_red
00e6e0ea3fb646f0b00060a0bb1e4b7a:21300268	walls.pipeline_wall_recess_blue
00e6e0ea3fb646f0b00060a0bb1e4b7a:21300270	walls.pipeline_wall_recess_green
00e6e0ea3fb646f0b00060a0bb1e4b7a:21300272	walls.pipeline_wall_recess_red
00e6e0ea3fb646f0b00060a0bb1e4b7a:21300274	walls.pw_angle_down
00e6e0ea3fb646f0b00060a0bb1e4b7a:21300276	walls.pw_angle_up
00e6e0ea3fb646f0b00060a0bb1e4b7a:21300278	walls.pw_decal_angle
00e6e0ea3fb646f0b00060a0bb1e4b7a:21300280	walls.pw_decal_big_center_down
00e6e0ea3fb646f0b00060a0bb1e4b7a:21300282	walls.pw_decal_big_center_up
00e6e0ea3fb646f0b00060a0bb1e4b7a:21300284	walls.pw_decal_big_down
00e6e0ea3fb646f0b00060a0bb1e4b7a:21300286	walls.pw_decal_big_up
00e6e0ea3fb646f0b00060a0bb1e4b7a:21300288	walls.pw_decal_center
00e6e0ea3fb646f0b00060a0bb1e4b7a:21300290	walls.pw_decal_edge_down
00e6e0ea3fb646f0b00060a0bb1e4b7a:21300292	walls.pw_decal_edge_up
00e6e0ea3fb646f0b00060a0bb1e4b7a:21300294	walls.pw_decal_light_center_down
00e6e0ea3fb646f0b00060a0bb1e4b7a:21300296	walls.pw_decal_light_center_up
00e6e0ea3fb646f0b00060a0bb1e4b7a:21300298	walls.pw_decal_light_down
00e6e0ea3fb646f0b00060a0bb1e4b7a:21300300	walls.pw_decal_light_up
00e6e0ea3fb646f0b00060a0bb1e4b7a:21300302	walls.pw_main_hor_down
00e6e0ea3fb646f0b00060a0bb1e4b7a:21300304	walls.pw_main_hor_up
00e6e0ea3fb646f0b00060a0bb1e4b7a:21300306	walls.pw_main_vert
00e6e0ea3fb646f0b00060a0bb1e4b7a:21300308	walls.real_white_sprite
00e6e0ea3fb646f0b00060a0bb1e4b7a:21300310	walls.recessed_panel_center
00e6e0ea3fb646f0b00060a0bb1e4b7a:21300312	walls.recessed_panel_edge_1
00e6e0ea3fb646f0b00060a0bb1e4b7a:21300314	walls.recessed_panel_edge_2
00e6e0ea3fb646f0b00060a0bb1e4b7a:21300316	walls.recessed_panel_edge_3
00e6e0ea3fb646f0b00060a0bb1e4b7a:21300318	walls.recessed_panel_lamp_1
00e6e0ea3fb646f0b00060a0bb1e4b7a:21300320	walls.recessed_panel_lamp_2
00e6e0ea3fb646f0b00060a0bb1e4b7a:21300322	walls.recessed_panel_lock_2
00e6e0ea3fb646f0b00060a0bb1e4b7a:21300324	walls.recessed_panel_lock_center
00e6e0ea3fb646f0b00060a0bb1e4b7a:21300326	walls.recessed_panel_main_1
00e6e0ea3fb646f0b00060a0bb1e4b7a:21300328	walls.recessed_panel_main_2
00e6e0ea3fb646f0b00060a0bb1e4b7a:21300330	walls.street_light
00e6e0ea3fb646f0b00060a0bb1e4b7a:21300332	walls.v_white_underfloor
00e6e0ea3fb646f0b00060a0bb1e4b7a:21300334	walls.wall_white_1x400
00e6e0ea3fb646f0b00060a0bb1e4b7a:21300336	walls.wall_white_1x400_decals
00e6e0ea3fb646f0b00060a0bb1e4b7a:21300338	walls.wb_corner_down
00e6e0ea3fb646f0b00060a0bb1e4b7a:21300340	walls.wb_corner_up
00e6e0ea3fb646f0b00060a0bb1e4b7a:21300342	walls.wb_frame_angled
00e6e0ea3fb646f0b00060a0bb1e4b7a:21300344	walls.wb_narrow_frame_down
00e6e0ea3fb646f0b00060a0bb1e4b7a:21300346	walls.wb_narrow_frame_up
00e6e0ea3fb646f0b00060a0bb1e4b7a:21300348	walls.wb_narrow_frame_vertical
00e6e0ea3fb646f0b00060a0bb1e4b7a:21300350	walls.wb_tee_down
00e6e0ea3fb646f0b00060a0bb1e4b7a:21300352	walls.wb_tee_up
00e6e0ea3fb646f0b00060a0bb1e4b7a:21300354	walls.wb_wide_frame_down
00e6e0ea3fb646f0b00060a0bb1e4b7a:21300356	walls.wb_wide_frame_up
00e6e0ea3fb646f0b00060a0bb1e4b7a:21300358	walls.wb_wide_to_narrow_down
00e6e0ea3fb646f0b00060a0bb1e4b7a:21300360	walls.wb_wide_to_narrow_up
00e6e0ea3fb646f0b00060a0bb1e4b7a:21300362	walls.wbsh_beam_1
00e6e0ea3fb646f0b00060a0bb1e4b7a:21300364	walls.wbsh_beam_2
00e6e0ea3fb646f0b00060a0bb1e4b7a:21300366	walls.wbsh_beam_3
00e6e0ea3fb646f0b00060a0bb1e4b7a:21300368	walls.wbsh_horizontal_down
00e6e0ea3fb646f0b00060a0bb1e4b7a:21300370	walls.wbsh_horizontal_up
00e6e0ea3fb646f0b00060a0bb1e4b7a:21300372	walls.wbsh_support_horizontal_down
00e6e0ea3fb646f0b00060a0bb1e4b7a:21300374	walls.wbsh_support_horizontal_up
00e6e0ea3fb646f0b00060a0bb1e4b7a:21300376	walls.wbsh_support_horizontal_vertical_1
00e6e0ea3fb646f0b00060a0bb1e4b7a:21300378	walls.wbsh_support_horizontal_vertical_2
00e6e0ea3fb646f0b00060a0bb1e4b7a:21300380	walls.wbsh_tee_1
00e6e0ea3fb646f0b00060a0bb1e4b7a:21300382	walls.wbsh_tee_2
00e6e0ea3fb646f0b00060a0bb1e4b7a:21300384	walls.wbsh_vertical
00e6e0ea3fb646f0b00060a0bb1e4b7a:21300386	walls.wbsh_wall_angle_beam_up_1
00e6e0ea3fb646f0b00060a0bb1e4b7a:21300388	walls.wbsh_wall_angle_beam_up_2
00e6e0ea3fb646f0b00060a0bb1e4b7a:21300390	walls.wbsh_wall_angle_down
00e6e0ea3fb646f0b00060a0bb1e4b7a:21300392	walls.wbsh_wall_angle_up
00e6e0ea3fb646f0b00060a0bb1e4b7a:21300394	walls.wbth_beam_diagonal
00e6e0ea3fb646f0b00060a0bb1e4b7a:21300396	walls.wbth_horizontal
00e6e0ea3fb646f0b00060a0bb1e4b7a:21300398	walls.wbth_support_down
00e6e0ea3fb646f0b00060a0bb1e4b7a:21300400	walls.wbth_support_up
00e6e0ea3fb646f0b00060a0bb1e4b7a:21300402	walls.wbth_tee
00e6e0ea3fb646f0b00060a0bb1e4b7a:21300404	walls.wbth_wall_angle_down_1
00e6e0ea3fb646f0b00060a0bb1e4b7a:21300406	walls.wbth_wall_angle_down_2
00e6e0ea3fb646f0b00060a0bb1e4b7a:21300408	walls.wbth_wall_angle_up_1
00e6e0ea3fb646f0b00060a0bb1e4b7a:21300410	walls.wbth_wall_angle_up_2
00e6e0ea3fb646f0b00060a0bb1e4b7a:21300412	walls.wbth_wall_beam
00e6e0ea3fb646f0b00060a0bb1e4b7a:21300414	walls.ww_bend_down
00e6e0ea3fb646f0b00060a0bb1e4b7a:21300416	walls.ww_bend_up
00e6e0ea3fb646f0b00060a0bb1e4b7a:21300418	walls.ww_corner_down
00e6e0ea3fb646f0b00060a0bb1e4b7a:21300420	walls.ww_corner_up
00e6e0ea3fb646f0b00060a0bb1e4b7a:21300422	walls.ww_decal_down
00e6e0ea3fb646f0b00060a0bb1e4b7a:21300424	walls.ww_decal_up
00e6e0ea3fb646f0b00060a0bb1e4b7a:21300426	walls.ww_frame_down
00e6e0ea3fb646f0b00060a0bb1e4b7a:21300428	walls.ww_frame_up
00e6e0ea3fb646f0b00060a0bb1e4b7a:21300430	walls.ww_frame_vertical
00e6e0ea3fb646f0b00060a0bb1e4b7a:21300432	walls.ww_lamp_down
00e6e0ea3fb646f0b00060a0bb1e4b7a:21300434	walls.ww_lamp_up
00e6e0ea3fb646f0b00060a0bb1e4b7a:21300436	walls.ws_acceleration
00e6e0ea3fb646f0b00060a0bb1e4b7a:21300438	walls.ws_blackball
00e6e0ea3fb646f0b00060a0bb1e4b7a:21300440	walls.ws_divarication_forward
00e6e0ea3fb646f0b00060a0bb1e4b7a:21300442	walls.ws_divarication_up_down
00e6e0ea3fb646f0b00060a0bb1e4b7a:21300444	walls.ws_electroball
00e6e0ea3fb646f0b00060a0bb1e4b7a:21300446	walls.ws_exit
00e6e0ea3fb646f0b00060a0bb1e4b7a:21300448	walls.ws_landmine
00e6e0ea3fb646f0b00060a0bb1e4b7a:21300450	walls.ws_laser
00e6e0ea3fb646f0b00060a0bb1e4b7a:21300452	walls.ws_skull
00ee11679fe1a58428d5e9ec0d6750bd	walls.panel_red_underfloor_lightweight_lower_0
00ee11679fe1a58428d5e9ec0d6750bd:-963135639201731055	walls.panel_red_underfloor_lightweight_lower_0
0100568f30a6f3e4cbb9aaa135143db7	zone2.angle_orange1_0
0100568f30a6f3e4cbb9aaa135143db7:-6303836060768466220	zone2.angle_orange1_0
0142bfeb0b91e3d4491e8e2827806df8	traps_shadows.black_ball_shadow_underfloor_0
0142bfeb0b91e3d4491e8e2827806df8:-4266104049258838733	traps_shadows.black_ball_shadow_underfloor_0
01503794fab8ba94e8563baa1a477934	walls.pipeline_pipe_green_0
01503794fab8ba94e8563baa1a477934:7636846380696495515	walls.pipeline_pipe_green_0
01979600da7916f49965eec93c69ea40	traps_shadows.gradient_rounded_0
01979600da7916f49965eec93c69ea40:8494363821022123403	traps_shadows.gradient_rounded_0
01ce743c791075e4081aba5af63ac96c	zone2.edge_brown1_0
01ce743c791075e4081aba5af63ac96c:5705136048292231090	zone2.edge_brown1_0
020d1de15202f744983e43dbeb49fcae	stunts_run.track_trick_webster_0
020d1de15202f744983e43dbeb49fcae:6653283956163510198	stunts_run.track_trick_webster_1
020d1de15202f744983e43dbeb49fcae:8633988653079001051	stunts_run.track_trick_webster_0
022c81b54d7c28b4f93e5a5ba28f47d2	warning_signs.electroball_holography_orange_0
022c81b54d7c28b4f93e5a5ba28f47d2:-667196503351901482	warning_signs.electroball_holography_orange_0
022cd188f84ffe041bf629722873c809	zone2.panel_dark_brown2_0
022cd188f84ffe041bf629722873c809:-5597643603012716840	zone2.panel_dark_brown2_0
0245ed7e3772a10419acdf7478d8f94f	zone2.light_panel31_0
0245ed7e3772a10419acdf7478d8f94f:153051566092223322	zone2.light_panel31_0
02648d41d54bb78459def561b2d089da	zone2.light_panel36_0
02648d41d54bb78459def561b2d089da:-8566752418515719540	zone2.light_panel36_0
028e97b7414a27540919daad5ef89f05	q_scanner_terminal.7_0
028e97b7414a27540919daad5ef89f05:3037542765415797217	q_scanner_terminal.7_0
02972938c786b0f4cb90b11fa0188f16	stunts_run.banner_1_main_0
02972938c786b0f4cb90b11fa0188f16:646724141726899679	stunts_run.banner_1_main_0
02b7ce35f6fca334bae3a9e2300e091d	zone2.slope5_0
02b7ce35f6fca334bae3a9e2300e091d:-5949923386414972343	zone2.slope5_0
02be49fd080d880458bed3d72f6eaeb2	zone2.heavy_panel32_0
02be49fd080d880458bed3d72f6eaeb2:3463703977524431134	zone2.heavy_panel32_0
02dbe37ec82044046a8647c5b211cf0d	zone2.heavy_panel62_0
02dbe37ec82044046a8647c5b211cf0d:7849070291855665082	zone2.heavy_panel62_0
02f7e3184e69e234ab4ffffbe808a3fe	traps_shadows.gradient_rounded_0
02f7e3184e69e234ab4ffffbe808a3fe:8494363821022123403	traps_shadows.gradient_rounded_0
02ff6a00116fdb240b5ae91c2ccecb8a	bg_barrel.1_4_0
02ff6a00116fdb240b5ae91c2ccecb8a:-6967789728026799554	bg_barrel.1_4_0
032a960ad0b0bda40accbd0c38ad630a	walls.recessed_panel_main_1_0
032a960ad0b0bda40accbd0c38ad630a:-3713492651973486315	walls.recessed_panel_main_1_0
035138422c8682f46af036d67bd700de	walls.ww_lamp_up_0
035138422c8682f46af036d67bd700de:1797561041225069514	walls.ww_lamp_up_0
03710946b5bac804b86407e0066df1de	black.silhouette_main_2_7_0
03710946b5bac804b86407e0066df1de:8659652466045677991	black.silhouette_main_2_7_0
039d0c999a0c18c48a566a8fe0a59ac1	walls.pipeline_main_blue_0
039d0c999a0c18c48a566a8fe0a59ac1:2507365156909579030	walls.pipeline_main_blue_0
03aeedb155557044887c54206f420bac	black.pedestal_1_3_0
03aeedb155557044887c54206f420bac:-2360699971505251037	black.pedestal_1_3_0
03f81cc94dc3b6f4ca766d7833bb5911	cutscene_swarm.cutscene_lamp2_0
03f81cc94dc3b6f4ca766d7833bb5911:395807934437914670	cutscene_swarm.cutscene_lamp2_0
041b1137687f73b43a1fc96f360376d0	zone2.angle_gray1_0
041b1137687f73b43a1fc96f360376d0:-7768880178249448308	zone2.angle_gray1_0
043950b3e7426474cbf557cc31f5d0f4	zone2.heavy_panel16_0
043950b3e7426474cbf557cc31f5d0f4:-5273837887985774321	zone2.heavy_panel16_0
044a506714b12ba409b09b4a10502cb2	zone2.ventilator6_0
044a506714b12ba409b09b4a10502cb2:5849314091063527392	zone2.ventilator6_0
045dcbc2b0acc27468b42d3c33a61108	bg_red_crane.1_14_0
045dcbc2b0acc27468b42d3c33a61108:2783896671262269116	bg_red_crane.1_14_0
045eb4233527aa04d9cc228214ac38f5	walls.wall_white_1x400_decals_0
045eb4233527aa04d9cc228214ac38f5:-336090715562138606	walls.wall_white_1x400_decals_0
045f4a3dd5e51e54fbc326be4133aa14	walls.cords_type_ats_0
045f4a3dd5e51e54fbc326be4133aa14:-8379126669908199092	walls.cords_type_ats_1
045f4a3dd5e51e54fbc326be4133aa14:3618830935902628892	walls.cords_type_ats_2
045f4a3dd5e51e54fbc326be4133aa14:4304750323957740426	walls.cords_type_ats_0
049679c14f890814e93231a343010059	traps_shadows.laser_emitter_underfloor_flap_0
049679c14f890814e93231a343010059:-5326647973741893887	traps_shadows.laser_emitter_underfloor_flap_0
04e43b06f9440a043a922f78d157e480	zone2.heavy_panel20_0
04e43b06f9440a043a922f78d157e480:-605717372151769513	zone2.heavy_panel20_0
04e990b620cb9f14daf8983bc68a187d	black.drawer_panel_1_0
04e990b620cb9f14daf8983bc68a187d:7502674368315870927	black.drawer_panel_1_0
04f7c5ec60614ba4b9f40e32d4cbf469	walls.ws_acceleration_0
04f7c5ec60614ba4b9f40e32d4cbf469:-1368397425920100763	walls.ws_acceleration_1
04f7c5ec60614ba4b9f40e32d4cbf469:-966308849062297565	walls.ws_acceleration_2
04f7c5ec60614ba4b9f40e32d4cbf469:4199761946427262911	walls.ws_acceleration_0
050a27666d52e1842b32b2d78308b769	zone2.flap_orange_up1_0
050a27666d52e1842b32b2d78308b769:3662399281849921955	zone2.flap_orange_up1_0
054c509d893c1af40a179f16458f3397	zone2.heavy_panel13_0
054c509d893c1af40a179f16458f3397:-7947184793469788251	zone2.heavy_panel13_0
054cda787ea44c549b212992514aba5d	lights.lamp_bg_green_grad_edge_128x32_0
054cda787ea44c549b212992514aba5d:-1541438564234280151	lights.lamp_bg_green_grad_edge_128x32_0
056641417d211624da92e4c573df243f	walls.pipeline_edge_shadow_green_0
056641417d211624da92e4c573df243f:-496699716024486838	walls.pipeline_edge_shadow_green_0
058993ce385a4ed48a1189516911eb3b	black.silhouette_main_4_6_0
058993ce385a4ed48a1189516911eb3b:-7774364332781841899	black.silhouette_main_4_6_0
059f6b5eac9d13449b0110f43655b996	lights.lamp_bg_yellow_foundation_edge_32x8_0
059f6b5eac9d13449b0110f43655b996:-4013523717852825505	lights.lamp_bg_yellow_foundation_edge_32x8_0
05bd9ff62fd4dd941bb832fe26a0e84b	zone2.heavy_panel59_0
05bd9ff62fd4dd941bb832fe26a0e84b:-4023472467865974544	zone2.heavy_panel59_0
05e1ae06c8be70f4db5c96fc78425ae0	walls.recessed_panel_lamp_1_0
05e1ae06c8be70f4db5c96fc78425ae0:-7543572058801575043	walls.recessed_panel_lamp_1_0
061b4b50060127f49bd3a7e74a4c0a77	cutscene_swarm.cutscene9_0
061b4b50060127f49bd3a7e74a4c0a77:-6979100185217057532	cutscene_swarm.cutscene9_0
061b4b50060127f49bd3a7e74a4c0a77:-8953288224974231034	cutscene_swarm.cutscene9_3
061b4b50060127f49bd3a7e74a4c0a77:1847658231396100025	cutscene_swarm.cutscene9_4
061b4b50060127f49bd3a7e74a4c0a77:4491019247303884054	cutscene_swarm.cutscene9_5
061b4b50060127f49bd3a7e74a4c0a77:6538912881370999333	cutscene_swarm.cutscene9_6
061b4b50060127f49bd3a7e74a4c0a77:7023552139193136893	cutscene_swarm.cutscene9_2
061b4b50060127f49bd3a7e74a4c0a77:8727747511853734810	cutscene_swarm.cutscene9_1
06232a10ee7aa264892d89aa19db5c3a	walls.pipeline_arris_light_red_0
06232a10ee7aa264892d89aa19db5c3a:-3381787594701207736	walls.pipeline_arris_light_red_0
063ef09eb0d648240829d3748af53312	cutscene_swarm.cutscene_monitor0_0
063ef09eb0d648240829d3748af53312:356998074965897591	cutscene_swarm.cutscene_monitor0_0
069ce2da91ccc004da47270e6ac7de73	traps_shadows.flamethrower_horizontal_on2_0
069ce2da91ccc004da47270e6ac7de73:-1481005906403972247	traps_shadows.flamethrower_horizontal_on2_0
06e81e043b13b7345a2074d6f11f60cc	walls.pipeline_valve_red_0
06e81e043b13b7345a2074d6f11f60cc:-7544124379818580820	walls.pipeline_valve_red_0
06e9408ccf1c1184793950706b756f49	traps_shadows.swarm_shaft2_0
06e9408ccf1c1184793950706b756f49:-2341212503070576519	traps_shadows.swarm_shaft2_0
06fb00d42b02bde4981dcbb715aac03a	electric_factory_2.plan_6-2_0
06fb00d42b02bde4981dcbb715aac03a:-7135699024921306905	electric_factory_2.plan_6-2_0
071985cfe376e124598f9a48bfd4a43b	zone2.light_panel16_0
071985cfe376e124598f9a48bfd4a43b:6627212354941736563	zone2.light_panel16_0
072ab9681ac171242bbcbbbf921262ce	bg_barrel.1_7_0
072ab9681ac171242bbcbbbf921262ce:3547902973002309043	bg_barrel.1_7_0
076dc5df763fd164886692b3e1942b62	walls.street_light_0
076dc5df763fd164886692b3e1942b62:-8186023235100605122	walls.street_light_0
07b27a75a29d0aa4281dc69d80ac59b6	zone2.heavy_panel3_0
07b27a75a29d0aa4281dc69d80ac59b6:-2664808022320105134	zone2.heavy_panel3_0
07bd05aba8247f744a6bba9adc4af1b3	stunts_run.track_trick_longjumptobarrel_0
07bd05aba8247f744a6bba9adc4af1b3:-5128220765943798357	stunts_run.track_trick_longjumptobarrel_0
07e38b974338243458310c4619ca0bb5	stunts_run.track_trick_frontfliplegsup_0
07e38b974338243458310c4619ca0bb5:-2216992992047402718	stunts_run.track_trick_frontfliplegsup_1
07e38b974338243458310c4619ca0bb5:-3052195476177731405	stunts_run.track_trick_frontfliplegsup_0
081d702e5939f1943ad6591f9997aa6a	zone2.light_panel22_0
081d702e5939f1943ad6591f9997aa6a:-1695769928003516823	zone2.light_panel22_0
082c8a819adda3a4a95e51076221b4f0	far_city.plan_4_3_0
082c8a819adda3a4a95e51076221b4f0:4617142755654751152	far_city.plan_4_3_0
084b7ba08761fb44eacad35bda756ac0	blue_crystal_lab.plan_2_5_0
084b7ba08761fb44eacad35bda756ac0:6228681970006621582	blue_crystal_lab.plan_2_5_0
084bfa35f3a0a154c82f6d92cad67f28	zone2.heavy_panel59_0
084bfa35f3a0a154c82f6d92cad67f28:-4023472467865974544	zone2.heavy_panel59_0
08a2ea12218c85a4790089e4a246cbc8	zone2.angle_orange2_0
08a2ea12218c85a4790089e4a246cbc8:335068543617172419	zone2.angle_orange2_0
08aa1319409c88548a159d1b68663f48	stunts_run.track_trick_descentvault_0
08aa1319409c88548a159d1b68663f48:7836408503197888961	stunts_run.track_trick_descentvault_0
08bbda230a315a34ebb1fa6943d7d197	stunts_run.track_trick_monkeytobomb_0
08bbda230a315a34ebb1fa6943d7d197:-2847165140994582963	stunts_run.track_trick_monkeytobomb_0
08bbda230a315a34ebb1fa6943d7d197:880714467051562190	stunts_run.track_trick_monkeytobomb_1
08d8d4fbfb311e6439cf25df493159de	bg_barrel.3_4_0
08d8d4fbfb311e6439cf25df493159de:56028792844528561	bg_barrel.3_4_0
0916a1f29a76b3e4eae821cc4dae3655	zone2.darkness_switch9_0
0916a1f29a76b3e4eae821cc4dae3655:-2532197510372982554	zone2.darkness_switch9_0
0916a1f29a76b3e4eae821cc4dae3655:-5953088135756117141	zone2.darkness_switch9_1
0916a1f29a76b3e4eae821cc4dae3655:4953554427814919218	zone2.darkness_switch9_2
093ea4ce2e412eb48a069f65645ecaf3	q_fuzesocket.7_0
093ea4ce2e412eb48a069f65645ecaf3:-8260189538582512166	q_fuzesocket.7_0
09696ec80be24b64cb40dc9ecb75234d	warning_signs.divarication_forward_holography_orange_install_0
09696ec80be24b64cb40dc9ecb75234d:4170172007683926232	warning_signs.divarication_forward_holography_orange_install_0
0970b17b25266474a835d584e2a968d9	zone2.heavy_panel49_0
0970b17b25266474a835d584e2a968d9:-1400478336669384460	zone2.heavy_panel49_0
0973168a598f2ac44920b007bb564e6d	electric_factory_1.plan_4-2_0
0973168a598f2ac44920b007bb564e6d:-7882861740894216827	electric_factory_1.plan_4-2_0
097e8f0597dd8b841b20e5d7dffc23a6	far_city.plan_2_0
097e8f0597dd8b841b20e5d7dffc23a6:1036972604540098389	far_city.plan_2_0
098b99b31e378784da82b71eeb1d20e6	lights.lamp_gradient_0
098b99b31e378784da82b71eeb1d20e6:-2314564141691781136	lights.lamp_gradient_0
0a49824e6ff75754aab8cc4c640dd7ab	walls.panel_brown_underfloor_lower_0
0a49824e6ff75754aab8cc4c640dd7ab:-8444466442024996503	walls.panel_brown_underfloor_lower_0
0a58d0b64d8570a4f8986d1838b70837	black.slope_3_3_0
0a58d0b64d8570a4f8986d1838b70837:6819104200759339185	black.slope_3_3_0
0a6ec989847b1e4469cf9b36f8af83d9	zone2.ventilator16_0
0a6ec989847b1e4469cf9b36f8af83d9:-4446308436669079611	zone2.ventilator16_1
0a6ec989847b1e4469cf9b36f8af83d9:-5602541028453359094	zone2.ventilator16_4
0a6ec989847b1e4469cf9b36f8af83d9:-723551399927596938	zone2.ventilator16_3
0a6ec989847b1e4469cf9b36f8af83d9:1810607978157566905	zone2.ventilator16_0
0a6ec989847b1e4469cf9b36f8af83d9:3944927420757106358	zone2.ventilator16_7
0a6ec989847b1e4469cf9b36f8af83d9:4177978891767930696	zone2.ventilator16_5
0a6ec989847b1e4469cf9b36f8af83d9:6648519695334366422	zone2.ventilator16_6
0a6ec989847b1e4469cf9b36f8af83d9:8426107659318412359	zone2.ventilator16_2
0aa553c04cc74964d803e4e30afcdc65	zone2.heavy_panel14_0
0aa553c04cc74964d803e4e30afcdc65:1404457930120213047	zone2.heavy_panel14_0
0ac2831e115f9084a97317f80ae7b6c4	zone2.light_panel2_0
0ac2831e115f9084a97317f80ae7b6c4:4914489165036429459	zone2.light_panel2_0
0ad9aa839fa57004fb9a05645eda93c1	bg_red_crane.1_10_0
0ad9aa839fa57004fb9a05645eda93c1:679709916608444826	bg_red_crane.1_10_0
0aef523fab5918645a06fa0ebad9406b	walls.hex_blue_flare_0
0aef523fab5918645a06fa0ebad9406b:-1245016001353326640	walls.hex_blue_flare_0
0b12284f1ea9cbb49bc4648c77c1d557	walls.hex_green_flare_0
0b12284f1ea9cbb49bc4648c77c1d557:-8071348635207765575	walls.hex_green_flare_0
0b14acdd7d74ed54eb9e88afa3d8e626	metal_pillars.plan_2_2_0
0b14acdd7d74ed54eb9e88afa3d8e626:2059528089245351430	metal_pillars.plan_2_2_0
0b15a46380152a54fb8d513dc932d255	stunts_run.track_trick_obstaclefrontflip_0
0b15a46380152a54fb8d513dc932d255:-6063387128963659201	stunts_run.track_trick_obstaclefrontflip_1
0b15a46380152a54fb8d513dc932d255:7503905183199599400	stunts_run.track_trick_obstaclefrontflip_0
0b51f0b9a91f6de4391f5bb49434e770	q_reactor.extra_temperature_0
0b51f0b9a91f6de4391f5bb49434e770:-7828947106342300672	q_reactor.extra_temperature_0
0b94b0a4d106aaa4b8ba5b6566f9f1ba	stunts_run.track_trick_barrelvault_0
0b94b0a4d106aaa4b8ba5b6566f9f1ba:-1298081932899673200	stunts_run.track_trick_barrelvault_0
0bdb5342096d5b748b2f1b3ef1ca03fb	zone2.flap_orange_up1_0
0bdb5342096d5b748b2f1b3ef1ca03fb:3662399281849921955	zone2.flap_orange_up1_0
0bf3ba29d288d614e92cce9f401d6fba	black.silhouette_main_3_9_0
0bf3ba29d288d614e92cce9f401d6fba:-4386178049602838802	black.silhouette_main_3_9_0
0bfd8149aa0e3ed4192aa039c8db05d6	traps_shadows.flamethrowe_horizontal_on1_0
0bfd8149aa0e3ed4192aa039c8db05d6:-8077937819199755358	traps_shadows.flamethrowe_horizontal_on1_0
0ca330f3b3622f846b44c23138f41d6a	traps_shadows.flamethrowe_horizontal_on1_0
0ca330f3b3622f846b44c23138f41d6a:-8077937819199755358	traps_shadows.flamethrowe_horizontal_on1_0
0cd34f316233cf447a50c9fba8f86277	zone2.slope9_0
0cd34f316233cf447a50c9fba8f86277:-3076713063655307597	zone2.slope9_0
0cfa049909297c849a2eec1701d4f13e	walls.ww_decal_up_0
0cfa049909297c849a2eec1701d4f13e:-884509446995016910	walls.ww_decal_up_0
0d10ed7f1baa1ff489aa143de6c25c1c	electric_factory_2.plan_5-3_0
0d10ed7f1baa1ff489aa143de6c25c1c:-1419586711804207874	electric_factory_2.plan_5-3_0
0d1ad16b49fcee7408eeb1b29c814800	warning_signs.landmine_holography_orange_0
0d1ad16b49fcee7408eeb1b29c814800:-2069828573828830323	warning_signs.landmine_holography_orange_0
0d38f7657e1fd10429dd5031709664bb	zone2.light_panel27_0
0d38f7657e1fd10429dd5031709664bb:-6316549873283627501	zone2.light_panel27_0
0d402ab0e339d3d4fa8cd83c098fb843	zone2.cords2-4_0
0d402ab0e339d3d4fa8cd83c098fb843:-3562704978722101090	zone2.cords2-4_0
0d9767b09c88b234297e18e292844ae5	q_fuzesocket.1_0
0d9767b09c88b234297e18e292844ae5:-6027052965885455638	q_fuzesocket.1_0
0d9ac9466df7df54c9b3b28e30290944	traps_seq.mine_blink_3_0
0d9ac9466df7df54c9b3b28e30290944:-9170389657299512954	traps_seq.mine_blink_3_0
0da219420fb487741a28111a93d15017	stunts_run.track_trick_spin360_0
0da219420fb487741a28111a93d15017:7720224025245303647	stunts_run.track_trick_spin360_0
0dbb474ddd2212241bdf6f3659f6278a	walls.pipeline_connection_red_0
0dbb474ddd2212241bdf6f3659f6278a:-2664061465698504778	walls.pipeline_connection_red_0
0ddb1f0c700581649b7038dd96d90460	black.silhouette2_0
0ddb1f0c700581649b7038dd96d90460:-1249585448352098730	black.silhouette2_0
0e016ab1f9073604480c9fc462dcd288	zone2.lamp_yellow1_0
0e016ab1f9073604480c9fc462dcd288:-6635584543107241108	zone2.lamp_yellow1_2
0e016ab1f9073604480c9fc462dcd288:1069569155014576413	zone2.lamp_yellow1_1
0e016ab1f9073604480c9fc462dcd288:4346920925790755341	zone2.lamp_yellow1_0
0e13322412ade1c4c8c5fd211f145825	lights.lamp_bg_green_round_64x64_0
0e13322412ade1c4c8c5fd211f145825:-147237521603762234	lights.lamp_bg_green_round_64x64_0
0e1f602d104d96e44a62aa3909d32d6d	zone2.manipulator11_0
0e1f602d104d96e44a62aa3909d32d6d:-8022299437759737431	zone2.manipulator11_0
0e6054265435da842aef36d6b8b57136	q_scanner_terminal.server4_0
0e6054265435da842aef36d6b8b57136:-1362104787087677467	q_scanner_terminal.server4_0
0ef71261b2fc77b4f840d1ef9563bfe5	bg_red_crane.1_19_0
0ef71261b2fc77b4f840d1ef9563bfe5:7738894183619563584	bg_red_crane.1_19_0
0ef7dd81149526c4b9f31ce1a93e6bb6	bg_communication.1_2_0
0ef7dd81149526c4b9f31ce1a93e6bb6:-973156169522280354	bg_communication.1_2_0
0efeea4e5f739404d9c4563b6e05a052	stunts_run.track_trick_slowspin_0
0efeea4e5f739404d9c4563b6e05a052:2786421603717436326	stunts_run.track_trick_slowspin_0
0f02cd45e7a55a84e877c42b9d9c36da	zone2.slope8_0
0f02cd45e7a55a84e877c42b9d9c36da:3982400819726330273	zone2.slope8_0
0f0fa600cf59d464ab429329a4f0439c	stunts_run.track_trick_handspring_0
0f0fa600cf59d464ab429329a4f0439c:6725890351835730117	stunts_run.track_trick_handspring_0
0f1b0681e45b8ce4ba38c92e686f877c	zone2.heavy_panel11_0
0f1b0681e45b8ce4ba38c92e686f877c:5843363368455439521	zone2.heavy_panel11_0
0f3f69342c21f764ea9d59bbcd8b48dc	cutscene_awaken.cutscene_awakening3_0
0f3f69342c21f764ea9d59bbcd8b48dc:3842786375169926575	cutscene_awaken.cutscene_awakening3_0
0f430487479e89e40a686a5652f92e73	q_scanner_terminal.server9_0
0f430487479e89e40a686a5652f92e73:-282311781629256140	q_scanner_terminal.server9_0
0f4cbfe08b3314847ab75d958e84a804	warning_signs.divarication_up_down_holography_orange_install_0
0f4cbfe08b3314847ab75d958e84a804:9014346855349651954	warning_signs.divarication_up_down_holography_orange_install_0
0f53773a2ce2de84a8f235530b3b9826	bg_barrel.4_3_0
0f53773a2ce2de84a8f235530b3b9826:-4703002679941615615	bg_barrel.4_3_0
0f7782d4c0cd14245aff691c25eb5260	walls.pipeline_meter_small_blue_0
0f7782d4c0cd14245aff691c25eb5260:9107073597524935729	walls.pipeline_meter_small_blue_0
0fb502d2b0343794da2ccfcd5da83bd6	lights.lamp_bg_yellow_round_64x64_0
0fb502d2b0343794da2ccfcd5da83bd6:8401367040269946446	lights.lamp_bg_yellow_round_64x64_0
0fc3d3ac1aeb2934f93ab4450e0a4bcd	walls.wbsh_support_horizontal_vertical_2_0
0fc3d3ac1aeb2934f93ab4450e0a4bcd:-7094481851735196999	walls.wbsh_support_horizontal_vertical_2_0
0fca5a06889f353438ee9d44f7a11767	walls.pipeline_type_aw4_red_0
0fca5a06889f353438ee9d44f7a11767:-522275379107192571	walls.pipeline_type_aw4_red_0
0fca5a06889f353438ee9d44f7a11767:-625219016115871632	walls.pipeline_type_aw4_red_1
0fca5a06889f353438ee9d44f7a11767:-8733670825327934914	walls.pipeline_type_aw4_red_3
0fca5a06889f353438ee9d44f7a11767:-8944666859524468604	walls.pipeline_type_aw4_red_5
0fca5a06889f353438ee9d44f7a11767:-9005013666678194027	walls.pipeline_type_aw4_red_6
0fca5a06889f353438ee9d44f7a11767:282169491440265936	walls.pipeline_type_aw4_red_4
0fca5a06889f353438ee9d44f7a11767:5809419577838160887	walls.pipeline_type_aw4_red_7
0fca5a06889f353438ee9d44f7a11767:899817447645160788	walls.pipeline_type_aw4_red_2
0fe3cb186e05bc2419e478f23b41ba55	zone2.light_panel13_0
0fe3cb186e05bc2419e478f23b41ba55:5895918402294615225	zone2.light_panel13_0
100002fc613920742be02e7b3ade7f20	walls.panel_red_underfloor_empty_0
100002fc613920742be02e7b3ade7f20:8416871009563845512	walls.panel_red_underfloor_empty_0
1008d13ce5d39f5439f07d5e174eb233	walls.pw_decal_light_up_0
1008d13ce5d39f5439f07d5e174eb233:-866744306630800714	walls.pw_decal_light_up_0
1033f47d5408022478abc2c757c4dcc8	q_scanner.6_0
1033f47d5408022478abc2c757c4dcc8:3037647839284250540	q_scanner.6_0
103c67828ddd8a349822cfff12476cbf	zone2.slope3_0
103c67828ddd8a349822cfff12476cbf:-6206414672544684992	zone2.slope3_0
1064423b923d3294188a663153727e80	walls.pipeline_type_aw4_blue_0
1064423b923d3294188a663153727e80:-1155723760157997667	walls.pipeline_type_aw4_blue_2
1064423b923d3294188a663153727e80:-1374299932182490941	walls.pipeline_type_aw4_blue_0
1064423b923d3294188a663153727e80:-6270435831373599087	walls.pipeline_type_aw4_blue_3
1064423b923d3294188a663153727e80:-6479510415559272776	walls.pipeline_type_aw4_blue_1
1064423b923d3294188a663153727e80:6285583418163487098	walls.pipeline_type_aw4_blue_4
1066b5a0b49a5aa4caf37d7df3bb6f31	q_reactor.monitor_0
1066b5a0b49a5aa4caf37d7df3bb6f31:7241890484009096689	q_reactor.monitor_0
107f68d96323b9f41979377f8af13b87	traps_shadows.laser_sphere_0
107f68d96323b9f41979377f8af13b87:2927635842306691536	traps_shadows.laser_sphere_0
1084ff295db17454d805b5af04e736fc	bg_barrel.2_2_0
1084ff295db17454d805b5af04e736fc:-5288781215422544760	bg_barrel.2_2_0
108ebab1763fb6445992d8fb700069a1	q_reactor.reactor_red_0
108ebab1763fb6445992d8fb700069a1:7873297166277240520	q_reactor.reactor_red_0
10b6b5360f1d83645a5db08b6aa6f764	cutscene_swarm.cutscene2_0
10b6b5360f1d83645a5db08b6aa6f764:-1552130323704127561	cutscene_swarm.cutscene2_0
10d2e1bf245f3174ea0e480bd0456ca5	zone2.heavy_panel52_0
10d2e1bf245f3174ea0e480bd0456ca5:7067291799835649469	zone2.heavy_panel52_0
10da5214bd189574b8becdabeb7263ab	walls.recessed_panel_main_2_0
10da5214bd189574b8becdabeb7263ab:8156350920498443628	walls.recessed_panel_main_2_0
10e9704a5d9e76a4786c953bfe805cfa	zone2.ventilator19_0
10e9704a5d9e76a4786c953bfe805cfa:-5060410586469486560	zone2.ventilator19_0
11037cec6a0204241ad7a82069b1c69d	zone2.light_panel24_0
11037cec6a0204241ad7a82069b1c69d:-2088957530186837609	zone2.light_panel24_0
1119976d956545442a0f70abe550ec1f	zone2.heavy_panel19_0
1119976d956545442a0f70abe550ec1f:-9161921833452844354	zone2.heavy_panel19_0
1129cb57bf7910646bd2917ce8911790	traps_shadows.electro_emitter_underfloor_main1_0
1129cb57bf7910646bd2917ce8911790:3249364077811710975	traps_shadows.electro_emitter_underfloor_main1_0
113a794d45b636746819c1c369824dcb	zone2.door2_8_0
113a794d45b636746819c1c369824dcb:3261507231581993982	zone2.door2_8_0
11c59ee17016be24891d7d6fb02da587	traps_shadows.mine_pillar10_0
11c59ee17016be24891d7d6fb02da587:8318246803498016379	traps_shadows.mine_pillar10_0
11d0a5200194d9e498a55a9bf49404cd	zone2.heavy_panel3_0
11d0a5200194d9e498a55a9bf49404cd:-2664808022320105134	zone2.heavy_panel3_0
11e01475560394f4382d168cf2ecf1e2	zone2.manipulator10_0
11e01475560394f4382d168cf2ecf1e2:9090126205961716716	zone2.manipulator10_0
120600e31e9b23840ae3ae956ac43f5c	walls.panel_red_underfloor_beam_0
120600e31e9b23840ae3ae956ac43f5c:-751442275656162683	walls.panel_red_underfloor_beam_0
1225d5e4f2693224f86427676255f409	walls.wbsh_horizontal_up_0
1225d5e4f2693224f86427676255f409:4945600901783986605	walls.wbsh_horizontal_up_0
12278cd6a8f104a4eb10b241f9538513	walls.real_white_sprite_0
12278cd6a8f104a4eb10b241f9538513:5688002761492159842	walls.real_white_sprite_0
1230a50885a514a4ca9eebc307004692	walls.door_corridor_0
1230a50885a514a4ca9eebc307004692:-1509974271787923406	walls.door_corridor_0
123aea7e956e0e74da7d7704b1207dfa	traps_shadows.sound_trap2_0
123aea7e956e0e74da7d7704b1207dfa:-2538646048450338823	traps_shadows.sound_trap2_0
12696a0da1fee714ba7a4f46446e1a60	zone2.ventilator28_0
12696a0da1fee714ba7a4f46446e1a60:-5749153815740615275	zone2.ventilator28_0
126d16069a286cc49b6d097d082e4850	walls.wbsh_wall_angle_beam_up_2_0
126d16069a286cc49b6d097d082e4850:-5862804636268996734	walls.wbsh_wall_angle_beam_up_2_0
126fe070507ed3c4baae35549bf7835c	traps_shadows.black_ball_body_0
126fe070507ed3c4baae35549bf7835c:-2770480800091313100	traps_shadows.black_ball_body_0
1276c44b88cc8c34086eef36442be8d3	metal_pillars.plan_1_1_0
1276c44b88cc8c34086eef36442be8d3:3132026155484743324	metal_pillars.plan_1_1_0
127fc085f493ce54cb2824ff70d5dd2d	zone2.heavy_panel64_0
127fc085f493ce54cb2824ff70d5dd2d:7991283420773929678	zone2.heavy_panel64_0
128e132c58de33948bf8823b03afe839	warning_signs.digit_8_0
128e132c58de33948bf8823b03afe839:-4391117507240989813	warning_signs.digit_8_0
129208b270ad0884cae8515b4b6ccf7a	walls.panel_blue_underfloor_support_upper_0
129208b270ad0884cae8515b4b6ccf7a:-89649606067178624	walls.panel_blue_underfloor_support_upper_0
129a6ae81f3949645aa3f922d4200c30	walls.panel_red_underfloor_lightweight_lower_0
129a6ae81f3949645aa3f922d4200c30:-963135639201731055	walls.panel_red_underfloor_lightweight_lower_0
12a61c72d577bf4468c9fe1b9c43a232	zone2.panel_gray_bg_0
12a61c72d577bf4468c9fe1b9c43a232:-5722080898497496572	zone2.panel_gray_bg_0
12afad7b3ced0b14281b5cc799d39914	black.silhouette_main_3_3_0
12afad7b3ced0b14281b5cc799d39914:-6716050483693145041	black.silhouette_main_3_3_0
12fa6e9bbcefca84ebfdabd9107b58d6	traps_shadows.sound_trap6_0
12fa6e9bbcefca84ebfdabd9107b58d6:-4462708086127376380	traps_shadows.sound_trap6_0
13164ab4afea23c47876b89d3669be7e	stunts_run.banner_arrow_0
13164ab4afea23c47876b89d3669be7e:-3941573759622767000	stunts_run.banner_arrow_0
133b8c6714c825c46bd22df534dfc4ed	black.battery_2_simple_0
133b8c6714c825c46bd22df534dfc4ed:-1341629468956817854	black.battery_2_simple_0
134d1e78044b85748aa4d1d596ee02d5	warning_signs.divarication_forward_holography_orange_0
134d1e78044b85748aa4d1d596ee02d5:4308849350760080336	warning_signs.divarication_forward_holography_orange_0
135505c6f8c4251449f55dae04cfb735	zone2.heavy_panel21_0
135505c6f8c4251449f55dae04cfb735:-5431861332307223101	zone2.heavy_panel21_0
138fb1e76d8a1c944bb82613b88ed235	zone2.light_panel7_0
138fb1e76d8a1c944bb82613b88ed235:-570393377934811343	zone2.light_panel7_0
139a48c7ea220534998dfde94a6e0e38	walls.pipeline_pipe_green_0
139a48c7ea220534998dfde94a6e0e38:-4392189318680481737	walls.pipeline_pipe_green_1
139a48c7ea220534998dfde94a6e0e38:7636846380696495515	walls.pipeline_pipe_green_0
13a028b47ee26c946a71c1b53b678044	walls.wbsh_wall_angle_beam_up_2_0
13a028b47ee26c946a71c1b53b678044:-5862804636268996734	walls.wbsh_wall_angle_beam_up_2_0
13a0361130fe56e469eb444203e3db86	walls.ws_divarication_forward_0
13a0361130fe56e469eb444203e3db86:-3548724695398240960	walls.ws_divarication_forward_0
13c6813a496f47f45922a3a62f1a8b0a	metal_pillars.plan_1_4_0
13c6813a496f47f45922a3a62f1a8b0a:1345351926227491589	metal_pillars.plan_1_4_0
13cb9ead5618259478e2e585224d73d9	zone2.heavy_panel26_0
13cb9ead5618259478e2e585224d73d9:4874059792042824359	zone2.heavy_panel26_0
13d617b303e80af43a8313e13b448cbd	warning_signs.electroball_holography_orange_0
13d617b303e80af43a8313e13b448cbd:-667196503351901482	warning_signs.electroball_holography_orange_0
13df2b17a88fa7644baf9a21402f7144	lights.liftlamp_0
13df2b17a88fa7644baf9a21402f7144:-7294295270055206681	lights.liftlamp_0
13fc8d01677555a47950316503cc5c64	q_fuzesocket.1_0
13fc8d01677555a47950316503cc5c64:-6027052965885455638	q_fuzesocket.1_0
140781d9e9be24e43a687fed3058faa4	walls.pipeline_type_aw4_red_0
140781d9e9be24e43a687fed3058faa4:-522275379107192571	walls.pipeline_type_aw4_red_0
140781d9e9be24e43a687fed3058faa4:-625219016115871632	walls.pipeline_type_aw4_red_1
140781d9e9be24e43a687fed3058faa4:-8733670825327934914	walls.pipeline_type_aw4_red_3
140781d9e9be24e43a687fed3058faa4:282169491440265936	walls.pipeline_type_aw4_red_4
140781d9e9be24e43a687fed3058faa4:899817447645160788	walls.pipeline_type_aw4_red_2
140e95461ae858c4995ae6cb5cadd835	black.obstacle_2_0
140e95461ae858c4995ae6cb5cadd835:5846393479389494790	black.obstacle_2_0
142ab0cda0d26fe40a7e8fb848141bb2	black.lab_ceiling_wires_0
142ab0cda0d26fe40a7e8fb848141bb2:-797688580381918228	black.lab_ceiling_wires_0
144a6cc366e51d848a74460b9d520c60	q_scanner.1_0
144a6cc366e51d848a74460b9d520c60:833563552987608990	q_scanner.1_0
145021ccd3bea054d94d615bbd1cfbbd	zone2.heavy_panel29_0
145021ccd3bea054d94d615bbd1cfbbd:-4318728475580153490	zone2.heavy_panel29_0
145b217dc01ed4045ab1722a66bc0c18	stunts_run.track_trick_screwdriver_0
145b217dc01ed4045ab1722a66bc0c18:-3682763812087355668	stunts_run.track_trick_screwdriver_0
146dec9072f82f344b5d4b8bb66e49db	black.slope_2_4_0
146dec9072f82f344b5d4b8bb66e49db:-3134943894280279417	black.slope_2_4_0
14a7f55ca12b146439544dbff53ed3cb	traps_seq.mine_blink_9_0
14a7f55ca12b146439544dbff53ed3cb:8482529329545046344	traps_seq.mine_blink_9_0
14bb504068518a3469cffd1a4d00ff27	zone2.ventilator17_0
14bb504068518a3469cffd1a4d00ff27:-7220013146557085429	zone2.ventilator17_0
14ed718a1aaeac44aa2864b0a119bcf1	q_scanner_terminal.4_0
14ed718a1aaeac44aa2864b0a119bcf1:6711603067828347394	q_scanner_terminal.4_0
14f5bb5abdef2ff498789e6d7c68fa2c	walls.ww_lamp_up_0
14f5bb5abdef2ff498789e6d7c68fa2c:1797561041225069514	walls.ww_lamp_up_0
1514177d34822a54d8466b7a93bd7210	zone2.ventilator23_0
1514177d34822a54d8466b7a93bd7210:4051259328697033278	zone2.ventilator23_0
15232704e69687f4ab33c0d79b3f2388	black.silhouette_main_3_9_0
15232704e69687f4ab33c0d79b3f2388:-4386178049602838802	black.silhouette_main_3_9_0
15763f30a8abb20478896e33a143d42e	traps_shadows.flamethrower_vertical_on1_0
15763f30a8abb20478896e33a143d42e:-4966870490826501921	traps_shadows.flamethrower_vertical_on1_0
157e2ad270efd934eafb8cceecf093fa	walls.door_street_0
157e2ad270efd934eafb8cceecf093fa:1079826195857884770	walls.door_street_0
15d38e9b62b024a49a4e6d13c449a987	zone2.slope23_0
15d38e9b62b024a49a4e6d13c449a987:-8903432471424934408	zone2.slope23_0
15e01cb7eb20c8247b605e75edebeb6d	stunts_run.track_trick_vertvault_0
15e01cb7eb20c8247b605e75edebeb6d:-759589814065602599	stunts_run.track_trick_vertvault_0
15f2095c3e2f50b45ad69abe42f5be84	black.silhouette_main_5_2_0
15f2095c3e2f50b45ad69abe42f5be84:-3119459462006392376	black.silhouette_main_5_2_0
15fc13c6cd8c93847be2c9d1af5b7350	zone2.door2_2_0
15fc13c6cd8c93847be2c9d1af5b7350:4950988855193039507	zone2.door2_2_0
16037b2605f68584084219be047a5d7e	zone2.ventilator10_0
16037b2605f68584084219be047a5d7e:9183372046840337893	zone2.ventilator10_0
1606058c58ee7d9408ccf0db87f7cc35	walls.holographic_interface_circles3_0
1606058c58ee7d9408ccf0db87f7cc35:7136333179513103966	walls.holographic_interface_circles3_0
1620f23afb5dd61448d0ab543d82cceb	walls.pipeline_main_red_0
1620f23afb5dd61448d0ab543d82cceb:-7395758142076772177	walls.pipeline_main_red_0
16c12ec618569054a89cfe819e8234e8	walls.pipeline_connection_lever_green_0
16c12ec618569054a89cfe819e8234e8:1301488537827350761	walls.pipeline_connection_lever_green_0
16c650ea39c37a249a0ec76ce415ad6a	far_city.plan_1_0
16c650ea39c37a249a0ec76ce415ad6a:-8424169650306414909	far_city.plan_1_0
16dec539b7146f649be3b7f3e9fecde4	traps_shadows.black_ball_fang_0
16dec539b7146f649be3b7f3e9fecde4:-2112551775113466774	traps_shadows.black_ball_fang_0
16e3713e447cac643bfa0ef0792fc3b5	lights.lamp_bg_yellow_grad_center_2x32_0
16e3713e447cac643bfa0ef0792fc3b5:-1160653200731074228	lights.lamp_bg_yellow_grad_center_2x32_0
16f136fc99e52094dab7e9fe62c2df77	zone2.light_panel33_0
16f136fc99e52094dab7e9fe62c2df77:1005824755400966693	zone2.light_panel33_0
16fad438b39ec7b48938f84c8bed415e	zone2.manipulator5_0
16fad438b39ec7b48938f84c8bed415e:6464727635190656820	zone2.manipulator5_0
16fadc7ddc126274e8db539be9c88384	walls.recessed_panel_lamp_1_0
16fadc7ddc126274e8db539be9c88384:-7543572058801575043	walls.recessed_panel_lamp_1_0
170c1415a5bc6a54b80f1ca9d520bf0d	traps_shadows.black_ball_fang_0
170c1415a5bc6a54b80f1ca9d520bf0d:-2112551775113466774	traps_shadows.black_ball_fang_0
17149e08281392847a7a53a0f1c2d147	stunts_run.track_trick_underbar_0
17149e08281392847a7a53a0f1c2d147:-3911439289230037302	stunts_run.track_trick_underbar_0
172c7cff941db6f4d9c918789c68998e	zone2.heavy_panel30_0
172c7cff941db6f4d9c918789c68998e:-8893396775345041436	zone2.heavy_panel30_0
175eb005b27c08246bda88fa72fdd523	traps_shadows.emitter_soaring_lamp_0
175eb005b27c08246bda88fa72fdd523:-1510988263476514136	traps_shadows.emitter_soaring_lamp_0
176a06a2cb91aec4b8f89767dd26f386	q_server.server11_0
176a06a2cb91aec4b8f89767dd26f386:9061057544276723949	q_server.server11_0
177587740c9216544993c185f2765e98	electric_factory_1.plan_1-1_0
177587740c9216544993c185f2765e98:1941965523558153441	electric_factory_1.plan_1-1_0
17a52fc05bbe8b84ca02e831a5f2f2a8	zone2.ventilator28_0
17a52fc05bbe8b84ca02e831a5f2f2a8:-5749153815740615275	zone2.ventilator28_0
17b796a397cd59241a25a7dcf0c3a2b7	black.tank_hooped_1_2_0
17b796a397cd59241a25a7dcf0c3a2b7:-8051538105677336273	black.tank_hooped_1_2_0
17c62ea349f420c4bae63cbb7d0369c7	stunts_run.track_trick_tripletricktoswallow_0
17c62ea349f420c4bae63cbb7d0369c7:-6052835628467209481	stunts_run.track_trick_tripletricktoswallow_0
18165978d262c8943a2aa62665c652b2	stunts_run.track_trick_sidebomb_0
18165978d262c8943a2aa62665c652b2:-1240197549756467760	stunts_run.track_trick_sidebomb_0
1853d5b9073c09341843a3254d85b181	walls.pw_decal_big_down_0
1853d5b9073c09341843a3254d85b181:-936050905404500646	walls.pw_decal_big_down_0
185bd9764e514ea47aa1e31ebfd84fb8	metal_pillars.plan_1_5_0
185bd9764e514ea47aa1e31ebfd84fb8:6295089635071637321	metal_pillars.plan_1_5_0
186c7dd2389d7de41b6e8e4ed0f44a3b	walls.ws_landmine_0
186c7dd2389d7de41b6e8e4ed0f44a3b:-8269322203292076049	walls.ws_landmine_0
1876ef5e13192ab4aa2e8d0b3672ac33	traps_shadows.triple_bomb4_0
1876ef5e13192ab4aa2e8d0b3672ac33:5820040350323625190	traps_shadows.triple_bomb4_0
187c97d1364a0ca4c91744bc2e682903	stunts_run.track_trick_sideflip_0
187c97d1364a0ca4c91744bc2e682903:-8088531451213701230	stunts_run.track_trick_sideflip_0
18818c43c7ec2b34e8ece9857745483b	zone2.darkness_switch6_0
18818c43c7ec2b34e8ece9857745483b:-2823564452808447781	zone2.darkness_switch6_0
18818c43c7ec2b34e8ece9857745483b:-8977503169552596867	zone2.darkness_switch6_1
18818c43c7ec2b34e8ece9857745483b:7536549487089784460	zone2.darkness_switch6_2
188dcf2f48eaee448881119a89ba098f	blue_crystal_lab.plan_2_2_0
188dcf2f48eaee448881119a89ba098f:-5340925133872731834	blue_crystal_lab.plan_2_2_0
18f1010d5dd623c4eabcca9a48e2331a	stunts_run.track_trick_straightlegsflip_0
18f1010d5dd623c4eabcca9a48e2331a:6324485327485833668	stunts_run.track_trick_straightlegsflip_0
18f948f12b5447548ad4b5f280b22324	zone2.edge_orange3_0
18f948f12b5447548ad4b5f280b22324:-5585125860237919753	zone2.edge_orange3_0
18fdce33b89b02d40b7876ee695de600	zone2.slope18_0
18fdce33b89b02d40b7876ee695de600:3625476885824963448	zone2.slope18_0
19700861f7827434b8864d33db10dfe6	traps_shadows.sound_trap5_2_0
19700861f7827434b8864d33db10dfe6:2165427568750837436	traps_shadows.sound_trap5_2_0
19929f253e9bce347902073a7cff36d5	walls.pipeline_connection_red_0
19929f253e9bce347902073a7cff36d5:-2664061465698504778	walls.pipeline_connection_red_0
1999286ebd5034b41975be6f87a078b0	zone2.door2_13_0
1999286ebd5034b41975be6f87a078b0:-1707540443377515441	zone2.door2_13_0
19a26bd5da8eb6b4180eaac0372806bf	cutscene_swarm.cutscene_lamp_off7_0
19a26bd5da8eb6b4180eaac0372806bf:7440933667093100790	cutscene_swarm.cutscene_lamp_off7_0
1a41ec44ef85a7344b51d87f1bc9df35	zone2.darkness_switch_0
1a41ec44ef85a7344b51d87f1bc9df35:-4941697446248465560	zone2.darkness_switch_0
1a7139cf328717c4d8b98426a9725710	stunts_run.track_trick_descentvault_0
1a7139cf328717c4d8b98426a9725710:7836408503197888961	stunts_run.track_trick_descentvault_0
1a8ec5c8763e0ba4582726f48a4335bb	cutscene_swarm.cutscene15_0
1a8ec5c8763e0ba4582726f48a4335bb:-4800266628426293762	cutscene_swarm.cutscene15_0
1acf13ec50e2375409be7a5ffc34651d	black.silhouette_main_5_4_0
1acf13ec50e2375409be7a5ffc34651d:-7891893362232616850	black.silhouette_main_5_4_0
1ae410d287c3d1b4fb3d56e1056ec14a	walls.panel_brown_underfloor_support_upper_0
1ae410d287c3d1b4fb3d56e1056ec14a:-2583214998003628118	walls.panel_brown_underfloor_support_upper_0
1b213172b50af30459fb233e8b0a0220	stunts_run.track_trick_dashtofrontflip_0
1b213172b50af30459fb233e8b0a0220:-8220634223884331045	stunts_run.track_trick_dashtofrontflip_0
1b2c3d1a313cbd046893e290fa4f200c	black.silhouette_main_4_7_0
1b2c3d1a313cbd046893e290fa4f200c:-7604319301150228610	black.silhouette_main_4_7_0
1b4f5145b1434624b8327f073842a34e	traps_seq.mine_blink_2_0
1b4f5145b1434624b8327f073842a34e:5929927476462927783	traps_seq.mine_blink_2_0
1b91ec9ebb91fbe49864ddd25c66a305	zone2.door2_9_0
1b91ec9ebb91fbe49864ddd25c66a305:-6499182936797036615	zone2.door2_9_0
1ba10d3f9450c1843963041772ede2c9	warning_signs.digit_6_0
1ba10d3f9450c1843963041772ede2c9:-5550448791130376997	warning_signs.digit_6_0
1bd433d4d72dfab4f8cce66272d76bc0	far_city.plan_1_0
1bd433d4d72dfab4f8cce66272d76bc0:-8424169650306414909	far_city.plan_1_0
1bf3a7aa586638b48b55e951592dc6b9	walls.wb_narrow_frame_down_0
1bf3a7aa586638b48b55e951592dc6b9:-5065082969859430275	walls.wb_narrow_frame_down_0
1c029ee5e81765144aff448def0bd862	traps_shadows.mine_pillar9_0
1c029ee5e81765144aff448def0bd862:476502564840664778	traps_shadows.mine_pillar9_0
1c2fcf9677fce01458b4096e8d48ef7a	walls.decal_1_0
1c2fcf9677fce01458b4096e8d48ef7a:-1509836483614462379	walls.decal_1_0
1c416ddda1a8d7844945955bd93d73b1	walls.door_corridor_0
1c416ddda1a8d7844945955bd93d73b1:-1509974271787923406	walls.door_corridor_0
1c87c113ec6d78b46aa8a64028c631d2	bg_red_crane.1_13_0
1c87c113ec6d78b46aa8a64028c631d2:8487344973597114490	bg_red_crane.1_13_0
1ce59577e1a4049488abfc6f245a51ba	walls.cords_relief_0
1ce59577e1a4049488abfc6f245a51ba:-928552825297788999	walls.cords_relief_0
1ce6e89801ac8b24ebbcfedaf3e225de	cutscene_swarm.cutscene_monitor4_0
1ce6e89801ac8b24ebbcfedaf3e225de:-8053361158234570090	cutscene_swarm.cutscene_monitor4_0
1d3933b1761e1754685127b41ddb865f	far_city.plan_2_0
1d3933b1761e1754685127b41ddb865f:1036972604540098389	far_city.plan_2_0
1d4d169aa2c5dee479dc150e61a9bdfa	stunts_run.track_trick_wallbackroll_0
1d4d169aa2c5dee479dc150e61a9bdfa:7594167116785181997	stunts_run.track_trick_wallbackroll_0
1d95eab2a7ee6f046b3c90016ef16758	black.barrel_3_0
1d95eab2a7ee6f046b3c90016ef16758:-2660714910125825885	black.barrel_3_0
1dacfd7ec25e0914cbb5294efbe58172	cutscene_awaken.cutscene_awakening3_0
1dacfd7ec25e0914cbb5294efbe58172:3842786375169926575	cutscene_awaken.cutscene_awakening3_0
1dbca4b6ec078a94a8fb7b4e581371c2	walls.hex_blue_flare_0
1dbca4b6ec078a94a8fb7b4e581371c2:-1245016001353326640	walls.hex_blue_flare_0
1dc909cb28030a842a07386aa307318a	black.slope_1_6_0
1dc909cb28030a842a07386aa307318a:-3356264963937738214	black.slope_1_6_0
1dea8b3287182544283f473c72324ab4	walls.holographic_interface_bg_green_quart_0
1dea8b3287182544283f473c72324ab4:283760769190680008	walls.holographic_interface_bg_green_quart_0
1e11f757d93aa424298186d07f6f05e5	memory_terminal.8_0
1e11f757d93aa424298186d07f6f05e5:8027520031974157159	memory_terminal.8_0
1e3c2427a2a8f364683523b8234609d2	q_reactor.base_wires_0
1e3c2427a2a8f364683523b8234609d2:6120718316578428344	q_reactor.base_wires_0
1e3c2427a2a8f364683523b8234609d2:8764112050516635383	q_reactor.base_wires_1
1eaeddae206e52745a2bcea0dbd60cad	walls.pipeline_pipe_blue_0
1eaeddae206e52745a2bcea0dbd60cad:4784237177594925690	walls.pipeline_pipe_blue_0
1ecbc54693ef554458915e8af29dae76	traps_shadows.v_white_0
1ecbc54693ef554458915e8af29dae76:1372624141318657928	traps_shadows.v_white_0
1f03f3b87630c654389f313e83856b5d	zone2.light_panel5_0
1f03f3b87630c654389f313e83856b5d:8354417914102026015	zone2.light_panel5_0
1f0d86b53356ee348b180ce96f7b4113	zone2.flap_orange_up3_0
1f0d86b53356ee348b180ce96f7b4113:-6970989479209319564	zone2.flap_orange_up3_0
1f35a8127456c514398fa787cdc0685d	stunts_run.track_trick_monkeytobomb_0
1f35a8127456c514398fa787cdc0685d:-2847165140994582963	stunts_run.track_trick_monkeytobomb_0
1f465d8d77921c64ba99646eb9a007c8	walls.pipeline_valve_red_0
1f465d8d77921c64ba99646eb9a007c8:-7544124379818580820	walls.pipeline_valve_red_0
1f56f43c490b63748a69be207bc0e127	cutscene_swarm.cutscene_monitor7_0
1f56f43c490b63748a69be207bc0e127:5355947426839524075	cutscene_swarm.cutscene_monitor7_0
1f8227557045384448dd346f25921fda	traps_shadows.v_black_traps_0
1f8227557045384448dd346f25921fda:8991925355859140024	traps_shadows.v_black_traps_0
1f9d544536d909e49b846538b5bb8a48	cutscene_swarm.cutscene_lamp1_0
1f9d544536d909e49b846538b5bb8a48:3764686025924842214	cutscene_swarm.cutscene_lamp1_0
1faf5c6e273a9864383707451fd1946f	zone2.ventilator8_0
1faf5c6e273a9864383707451fd1946f:-8556761202993775120	zone2.ventilator8_0
1fd06fc335e403a4f80d0b7e9a597fdf	walls.ww_decal_down_0
1fd06fc335e403a4f80d0b7e9a597fdf:6237129514552040483	walls.ww_decal_down_0
200a1f2b810001d46b9371cd8c527be7	electric_factory_1.plan_3-4_0
200a1f2b810001d46b9371cd8c527be7:4533286305756331720	electric_factory_1.plan_3-4_0
204816417d8409e4bb95daea2f3bc48b	zone2.ventilator20_0
204816417d8409e4bb95daea2f3bc48b:2830675510106556724	zone2.ventilator20_0
206be39f61b3f7c4fb6d900797b44a15	zone2.edge_gray1_0
206be39f61b3f7c4fb6d900797b44a15:1802706033366098343	zone2.edge_gray1_0
207f978f5b63b3b48baf90c4e62312b5	q_powernode.3_0
207f978f5b63b3b48baf90c4e62312b5:5516859933025860713	q_powernode.3_0
20a4154bf991b114da68448146178b18	stunts_run.track_trick_jumpobstacle_0
20a4154bf991b114da68448146178b18:90615498300364598	stunts_run.track_trick_jumpobstacle_0
20a920eaf1404814896ca4fc31c538e2	stunts_run.track_trick_barjumpsaltoless_0
20a920eaf1404814896ca4fc31c538e2:-3622476138926452308	stunts_run.track_trick_barjumpsaltoless_0
20a9e187a294a5f4ab70ed37cdb524a1	zone2.light_panel28_0
20a9e187a294a5f4ab70ed37cdb524a1:5848185238522754574	zone2.light_panel28_0
20b81ec464510544db414fdcbe7d6b7b	black.pedestal_1_1_0
20b81ec464510544db414fdcbe7d6b7b:-5063198516414609328	black.pedestal_1_1_0
20c20a1b91657ca42a85a2cc818089ba	stunts_run.track_trick_gatevault_0
20c20a1b91657ca42a85a2cc818089ba:8240698135296242677	stunts_run.track_trick_gatevault_0
20dc8379d7f407e4fa728f2494291382	black.barrel_4_0
20dc8379d7f407e4fa728f2494291382:8805576465910852086	black.barrel_4_0
211f355aad7ee0849a0aa1b9848f1fc1	zone2.light_panel16_0
211f355aad7ee0849a0aa1b9848f1fc1:6627212354941736563	zone2.light_panel16_0
213793a57b0d9cb48bc94720e89da28c	walls.pipeline_connection_blue_0
213793a57b0d9cb48bc94720e89da28c:-1912230016221561284	walls.pipeline_connection_blue_0
21446e2bb262219408b1110125f05af8	zone2.darkness_switch10_0
21446e2bb262219408b1110125f05af8:-6134127876869886410	zone2.darkness_switch10_0
214b649fb752daa45bf04de55bf95244	zone2.heavy_panel10_0
214b649fb752daa45bf04de55bf95244:8362153820371420475	zone2.heavy_panel10_0
2160dda736a3d154a8c1a7fd32bb3c20	zone2.heavy_panel63_0
2160dda736a3d154a8c1a7fd32bb3c20:5244313234637817815	zone2.heavy_panel63_0
217150ae388e08847b8250a18faa2e05	q_fuzesocket.5_0
217150ae388e08847b8250a18faa2e05:8853268354712972938	q_fuzesocket.5_0
2174b61d8e8e1a444a824c4a3f9deb37	walls.pw_angle_up_0
2174b61d8e8e1a444a824c4a3f9deb37:8178726958982319074	walls.pw_angle_up_0
219c37b8d008c83468a32abc2c8ab809	electric_factory_1.plan_1-1_0
219c37b8d008c83468a32abc2c8ab809:1941965523558153441	electric_factory_1.plan_1-1_0
21b6e896193ca784a905149857689d06	stunts_run.banner_arrow_0
21b6e896193ca784a905149857689d06:-3941573759622767000	stunts_run.banner_arrow_0
21d49d34e2a54244d8ed67a7281d3ae7	walls.decal_9_0
21d49d34e2a54244d8ed67a7281d3ae7:8767395420967823711	walls.decal_9_0
21e9cc7ac13016d489dbcab1b2d12d62	walls.panel_brown_underfloor_secret_0
21e9cc7ac13016d489dbcab1b2d12d62:641178889355031746	walls.panel_brown_underfloor_secret_0
21f85472fc3b55c45a36114566f5423f	walls.ww_decal_down_0
21f85472fc3b55c45a36114566f5423f:6237129514552040483	walls.ww_decal_down_0
22014903eac33eb4b862e14e15e7b2ee	bg_communication.1_2_0
22014903eac33eb4b862e14e15e7b2ee:-973156169522280354	bg_communication.1_2_0
2206720b4859975479cd48517f6de6ca	walls.pw_decal_edge_down_0
2206720b4859975479cd48517f6de6ca:-6340669413745948869	walls.pw_decal_edge_down_0
220ad782dc6ba0b49adf4c9bcfc2ced6	traps_shadows.black_ball_shadow_underfloor_0
220ad782dc6ba0b49adf4c9bcfc2ced6:-4266104049258838733	traps_shadows.black_ball_shadow_underfloor_0
2225a073d22eee74eb1f8685b3239bdb	q_scanner_terminal.3_0
2225a073d22eee74eb1f8685b3239bdb:4689587608015259669	q_scanner_terminal.3_0
224637921ccef4d439aff86a3aabf6e6	cutscene_swarm.cutscene_lamp_off6_0
224637921ccef4d439aff86a3aabf6e6:5150084831785133985	cutscene_swarm.cutscene_lamp_off6_0
22b3ff204fdb2f34db0e2c27b5836a07	bg_barrel.3_3_0
22b3ff204fdb2f34db0e2c27b5836a07:-6133038852455281363	bg_barrel.3_3_0
22fa1d7abd68d3a4c8632d63479e54fc	lights.lamp_bg_blue_foundation_center_2x8_0
22fa1d7abd68d3a4c8632d63479e54fc:-3046260900778898335	lights.lamp_bg_blue_foundation_center_2x8_0
22fd192dc46b57341a8b2048d527b628	lights.lamp_bg_red_foundation_center_2x8_0
22fd192dc46b57341a8b2048d527b628:1537898069668555963	lights.lamp_bg_red_foundation_center_2x8_0
23043b780a2bc9346a0032ae58bc820c	blue_crystal_lab.plan_4_1_0
23043b780a2bc9346a0032ae58bc820c:2313630342831303907	blue_crystal_lab.plan_4_1_0
23225267a20d47742877e2587f65dda6	traps_shadows.electro_ball_flap_0
23225267a20d47742877e2587f65dda6:-7858519799069467822	traps_shadows.electro_ball_flap_0
2357d69bbbdb1004dae24a79bbcc8df7	zone2.ventilator25_0
2357d69bbbdb1004dae24a79bbcc8df7:7403765791468088289	zone2.ventilator25_0
23591f5bf027745458ed928e60ff5889	zone2.edge_gray2_0
23591f5bf027745458ed928e60ff5889:8326075215419020805	zone2.edge_gray2_0
2364a036fa8c6f842bfcc912be4fa084	zone2.heavy_panel61_0
2364a036fa8c6f842bfcc912be4fa084:8086269830594488115	zone2.heavy_panel61_0
23a3e7a57f91dc543ada7c73998d8ac4	black.silhouette_main_3_2_0
23a3e7a57f91dc543ada7c73998d8ac4:7477420821407964810	black.silhouette_main_3_2_0
23a5cc9015bad524fad3e39ba0bcc41a	zone2.ventilator30_0
23a5cc9015bad524fad3e39ba0bcc41a:8822296441191176067	zone2.ventilator30_0
23b9d9450e17d1f418b653de90fcff47	electric_factory_1.plan_4-1_0
23b9d9450e17d1f418b653de90fcff47:-2047432673867938259	electric_factory_1.plan_4-1_0
23c36df35f2c34b41866134d530f726d	bg_red_crane.1_13_0
23c36df35f2c34b41866134d530f726d:8487344973597114490	bg_red_crane.1_13_0
23cca703279458f4f889cc4b46344e5e	zone2.manipulator6_0
23cca703279458f4f889cc4b46344e5e:7663684267151903609	zone2.manipulator6_0
23d7309aecdd8a4419325e0be41be921	zone2.cords2-1_0
23d7309aecdd8a4419325e0be41be921:-2667939320425614355	zone2.cords2-1_0
24182021e0e9f1d43bb740d74e4910e4	bg_barrel.1_9_0
24182021e0e9f1d43bb740d74e4910e4:7497974453613711106	bg_barrel.1_9_0
241b35856d56e5240ac29c738dd6005f	walls.pipeline_edge_shadow_blue_0
241b35856d56e5240ac29c738dd6005f:-8177596937468953778	walls.pipeline_edge_shadow_blue_0
2443114c0c50bd1439348e2b22d4920c	lights.vent_lamp_0
2443114c0c50bd1439348e2b22d4920c:-5515687797482737965	lights.vent_lamp_0
2457adba24ed2284e813db6c044a27c6	stunts_run.banner_3_main_0
2457adba24ed2284e813db6c044a27c6:-7601375849597926358	stunts_run.banner_3_main_0
24624eaf738d81f40a06d8307561027e	black.floor_obstacle_1_3_0
24624eaf738d81f40a06d8307561027e:2706096692760998763	black.floor_obstacle_1_3_0
24bab956dc2857a41b77a5ddd2f9c5f3	zone2.light_panel29_0
24bab956dc2857a41b77a5ddd2f9c5f3:-474315349900100418	zone2.light_panel29_0
24eb7f7ed1978f74780c067a27a0b880	q_powernode.2_0
24eb7f7ed1978f74780c067a27a0b880:2854348163066959295	q_powernode.2_0
24ffbf49d7d208b498efe301b0d17aff	q_fuzesocket.2_0
24ffbf49d7d208b498efe301b0d17aff:6182025397405652082	q_fuzesocket.2_0
252d28a830cb7ef4b92abc1ae3c25418	walls.holographic_interface_bg_green_quart_0
252d28a830cb7ef4b92abc1ae3c25418:283760769190680008	walls.holographic_interface_bg_green_quart_0
252ea738ea4f57c42bc76a7c9f1b31ee	blue_crystal_lab.plan_2_2_0
252ea738ea4f57c42bc76a7c9f1b31ee:-5340925133872731834	blue_crystal_lab.plan_2_2_0
255a035951d20db41acdddc68609efa7	black.v_slope_r_0
255a035951d20db41acdddc68609efa7:3518697153390262749	black.v_slope_r_0
256a14fa2f8c1294e85b393b8291d987	warning_signs.antisound_0
256a14fa2f8c1294e85b393b8291d987:-4025947297204459087	warning_signs.antisound_0
25a992d61a18815438f4190cfa10afc8	stunts_run.track_trick_360wallcling_0
25a992d61a18815438f4190cfa10afc8:1108115645692763979	stunts_run.track_trick_360wallcling_0
25b089dd5f1b4dc4589fb6ade5d8f9d0	walls.wbsh_beam_1_0
25b089dd5f1b4dc4589fb6ade5d8f9d0:-6207224560859972365	walls.wbsh_beam_1_0
25c07696f7a0f3746b7833a13e45c6cd	cutscene_swarm.cutscene3_0
25c07696f7a0f3746b7833a13e45c6cd:-3211990248059315607	cutscene_swarm.cutscene3_0
25ec7efbf0ce2ad4f87157ceb1c28fec	zone2.heavy_panel55_0
25ec7efbf0ce2ad4f87157ceb1c28fec:618808076282714380	zone2.heavy_panel55_0
26311f7209d10314288861462a4c7eff	cutscene_swarm.cutscene4_0
26311f7209d10314288861462a4c7eff:1499772904386762396	cutscene_swarm.cutscene4_0
263447f185d7d2b4d862e62f71480337	bg_communication.1_3_0
263447f185d7d2b4d862e62f71480337:983396780342687591	bg_communication.1_3_0
263ddd7e1a30982479544a2bf56c784b	zone2.darkness_switch2_0
263ddd7e1a30982479544a2bf56c784b:-7444318755084753874	zone2.darkness_switch2_0
26425a328b0a4b546923403fe22c0c01	walls.pw_decal_light_center_up_0
26425a328b0a4b546923403fe22c0c01:4827374276726265068	walls.pw_decal_light_center_up_0
2648f4af82373f1498fc2e3da0fc5e55	walls.panel_red_underfloor_lightweight_0
2648f4af82373f1498fc2e3da0fc5e55:7950905685888889410	walls.panel_red_underfloor_lightweight_0
267160136599e7f4c9850263e1057c68	zone2.lamp_yellow1_0
267160136599e7f4c9850263e1057c68:4346920925790755341	zone2.lamp_yellow1_0
268ffc3bbb6ed4347b3569d4fcea2ca1	stunts_run.track_trick_websterwithsalto_0
268ffc3bbb6ed4347b3569d4fcea2ca1:-5628985014062476668	stunts_run.track_trick_websterwithsalto_0
2696487201afc454185e5e2e8673f7a2	zone2.ventilator13_0
2696487201afc454185e5e2e8673f7a2:-5358483137911049403	zone2.ventilator13_0
269a64a9933a1a8468354ed4a9d25407	cutscene_swarm.cutscene6_0
269a64a9933a1a8468354ed4a9d25407:-1851453079988745952	cutscene_swarm.cutscene6_0
26a83c09a3d0aa94391fb07064e116a2	walls.hex_blue_0
26a83c09a3d0aa94391fb07064e116a2:7634744621927363179	walls.hex_blue_0
26a9c1289e493dd4b90cdb1aa8c534e7	stunts_run.track_trick_websterwithsalto_0
26a9c1289e493dd4b90cdb1aa8c534e7:-5628985014062476668	stunts_run.track_trick_websterwithsalto_0
26d36975cdaf5464e8e5e6ca3039eebd	traps_shadows.electro_emitter_body1_0
26d36975cdaf5464e8e5e6ca3039eebd:-1547239649898658806	traps_shadows.electro_emitter_body1_0
270401aaeccdc5e40bdaf8232e5d22d8	far_city.plan_4_1_0
270401aaeccdc5e40bdaf8232e5d22d8:8962018822611883961	far_city.plan_4_1_0
2705bcd58fe125241b713e4e8018f420	walls.column_white_5_0
2705bcd58fe125241b713e4e8018f420:-1075677803892649684	walls.column_white_5_0
276400a8401858c49a3741fe7eb9ae37	walls.wbth_wall_beam_0
276400a8401858c49a3741fe7eb9ae37:-5421707655287909025	walls.wbth_wall_beam_0
276ab862bef5ca84ea3585b303f9d7cd	walls.panel_red_underfloor_support_0
276ab862bef5ca84ea3585b303f9d7cd:8859185431230044582	walls.panel_red_underfloor_support_0
276e15959a0c8ee4cb69ee86c9ff071b	q_scanner_terminal.2_0
276e15959a0c8ee4cb69ee86c9ff071b:-8036251904340591893	q_scanner_terminal.2_0
2779c09f6a7a2ce4180947f6bb7b8c54	zone2.scratch1_0
2779c09f6a7a2ce4180947f6bb7b8c54:-1154383453032703687	zone2.scratch1_1
2779c09f6a7a2ce4180947f6bb7b8c54:-4640150973464562582	zone2.scratch1_5
2779c09f6a7a2ce4180947f6bb7b8c54:-5004156976451932614	zone2.scratch1_4
2779c09f6a7a2ce4180947f6bb7b8c54:207823805550885938	zone2.scratch1_3
2779c09f6a7a2ce4180947f6bb7b8c54:2963851069890592627	zone2.scratch1_2
2779c09f6a7a2ce4180947f6bb7b8c54:6597895068903248535	zone2.scratch1_0
27e84f77553870240b876aff0b711159	stunts_run.track_trick_divedown_0
27e84f77553870240b876aff0b711159:-5397140193764586601	stunts_run.track_trick_divedown_1
27e84f77553870240b876aff0b711159:5418073383076433916	stunts_run.track_trick_divedown_0
28110c480f7fc4e4299b228100c30801	zone2.door2_6_0
28110c480f7fc4e4299b228100c30801:-1171913230525870173	zone2.door2_6_0
28474b05dd85c7e43ae980f5aed3e349	walls.pipeline_main_green_0
28474b05dd85c7e43ae980f5aed3e349:-7787083677215154775	walls.pipeline_main_green_0
2860391584d32e549aef126fc455c829	q_server.server6_0
2860391584d32e549aef126fc455c829:-494998168082736653	q_server.server6_0
286444b38291361438abab2b91e237d9	traps_shadows.triple_bomb3_0
286444b38291361438abab2b91e237d9:-9152660094414123249	traps_shadows.triple_bomb3_0
288fcf12af39bb2499d7602b71203c5b	q_scanner_terminal.1_0
288fcf12af39bb2499d7602b71203c5b:-3380695348086471826	q_scanner_terminal.1_0
289c3037b49d05847b09f197e700aba1	zone2.shaft2_0
289c3037b49d05847b09f197e700aba1:2774120407290171874	zone2.shaft2_0
28e8a9e7e5e02e340aabf6441fb41de2	walls.panel_brown_underfloor_empty_0
28e8a9e7e5e02e340aabf6441fb41de2:-836164391630238029	walls.panel_brown_underfloor_empty_0
290c6de75e4750e48a148e917124561d	cutscene_swarm.cutscene10_0
290c6de75e4750e48a148e917124561d:-1820890030240234708	cutscene_swarm.cutscene10_0
291699085757bd347a5a0435e3a0ce72	lights.lamp_bg_green_grad_center_2x32_0
291699085757bd347a5a0435e3a0ce72:795789724915529147	lights.lamp_bg_green_grad_center_2x32_0
292f980cd356b05498c0208e3863a2a7	walls.pipeline_type_aw4_green_0
292f980cd356b05498c0208e3863a2a7:-2619220669751936100	walls.pipeline_type_aw4_green_4
292f980cd356b05498c0208e3863a2a7:-2995844606727343826	walls.pipeline_type_aw4_green_3
292f980cd356b05498c0208e3863a2a7:7863900301641919441	walls.pipeline_type_aw4_green_2
292f980cd356b05498c0208e3863a2a7:8068989030260763767	walls.pipeline_type_aw4_green_0
292f980cd356b05498c0208e3863a2a7:881225159454211558	walls.pipeline_type_aw4_green_1
29404a75e114a8e46b80b8ddb9a30535	traps_shadows.electro_emitter_underfloor_main2_0
29404a75e114a8e46b80b8ddb9a30535:-28505108082736633	traps_shadows.electro_emitter_underfloor_main2_0
294f01d89be92ee4fb46b52b0e0e1804	zone2.decal_light_line_0
294f01d89be92ee4fb46b52b0e0e1804:-4988774543475885214	zone2.decal_light_line_0
297b21bc2e641864eb5246bb630ac0fc	walls.cords_relief_0
297b21bc2e641864eb5246bb630ac0fc:-928552825297788999	walls.cords_relief_0
29ca0adcaa3c7024eb7fb2bb0153d3ef	zone2.light_panel25_0
29ca0adcaa3c7024eb7fb2bb0153d3ef:593687710006984511	zone2.light_panel25_0
29d804f9b4831284daf924c0f9315efb	lights.lamp_bg_blue_grad_center_2x32_0
29d804f9b4831284daf924c0f9315efb:-1262044964442505327	lights.lamp_bg_blue_grad_center_2x32_0
29da765c58ae8e54ea12f3a23ea02eb0	traps_shadows.laser_sphere_0
29da765c58ae8e54ea12f3a23ea02eb0:2927635842306691536	traps_shadows.laser_sphere_0
29f78738143a40e4c823e2f0771afe5c	warning_signs.laser_holography_orange_0
29f78738143a40e4c823e2f0771afe5c:960363862155355452	warning_signs.laser_holography_orange_0
29f8825715c09d4459e95a6ab5de1782	black.silhouette_main_3_10_0
29f8825715c09d4459e95a6ab5de1782:3028166896192612723	black.silhouette_main_3_10_0
2a0ed8556ad7bd24d8c68ad4592ae87c	traps_shadows.laser_emitter_underfloor_main_2_0
2a0ed8556ad7bd24d8c68ad4592ae87c:7789032230226228013	traps_shadows.laser_emitter_underfloor_main_2_0
2a2feb23b3925724eaded741d5042b6e	blue_crystal_lab.plan_1_0
2a2feb23b3925724eaded741d5042b6e:2080224417069005145	blue_crystal_lab.plan_1_0
2a45034bcc33edf4384cf719524f7942	walls.pw_decal_big_up_0
2a45034bcc33edf4384cf719524f7942:-2158018025702013486	walls.pw_decal_big_up_0
2a4ae6270f5630a4aba4e16ca25a25c9	zone2.heavy_panel58_0
2a4ae6270f5630a4aba4e16ca25a25c9:-1077207455435847926	zone2.heavy_panel58_0
2a4d11b44c8ecaf40ad569c8ddf2ec2d	zone2.heavy_panel60_0
2a4d11b44c8ecaf40ad569c8ddf2ec2d:-3788679200481671958	zone2.heavy_panel60_0
2a6693c104153cf46aa3b68bc5576e3c	black.obstacle_3_2_0
2a6693c104153cf46aa3b68bc5576e3c:3451924506982987573	black.obstacle_3_2_0
2a6e9663388227f47baeccd7062fe03b	metal_pillars.plan_3_0
2a6e9663388227f47baeccd7062fe03b:-5085846666146740211	metal_pillars.plan_3_1
2a6e9663388227f47baeccd7062fe03b:-9207931282191698623	metal_pillars.plan_3_0
2a6e9663388227f47baeccd7062fe03b:7855778587963025793	metal_pillars.plan_3_3
2a6e9663388227f47baeccd7062fe03b:934801455147430214	metal_pillars.plan_3_2
2a74e40232de6ce4e91a439154418c4d	traps_shadows.black_ball_turbine_0
2a74e40232de6ce4e91a439154418c4d:-1696145992552228240	traps_shadows.black_ball_turbine_0
2a7b4f4b73e31784980bf8b82685b2e9	zone2.heavy_panel31_0
2a7b4f4b73e31784980bf8b82685b2e9:4741883239469451909	zone2.heavy_panel31_0
2ac591339bfcfaf4b9dccd4a714c19e9	metal_pillars.plan_4_1_0
2ac591339bfcfaf4b9dccd4a714c19e9:2541780712060401691	metal_pillars.plan_4_1_0
2af1f00bcf179e544aad839547f6867b	traps_shadows.swarm_shaft2_0
2af1f00bcf179e544aad839547f6867b:-2341212503070576519	traps_shadows.swarm_shaft2_0
2b25ea8c2f8e2c74483824ba9903ac6c	zone2.light_panel10_0
2b25ea8c2f8e2c74483824ba9903ac6c:7910698977807268504	zone2.light_panel10_0
2b2fe932b1ac5e644894b6290a917f6e	traps_shadows.electro_emitter_body1_0
2b2fe932b1ac5e644894b6290a917f6e:-1547239649898658806	traps_shadows.electro_emitter_body1_0
2b4276aba6b54654b8f1183da41b3f00	"\u0441\u0435\u0440\u0432\u0435\u0440\u043D\u0430\u044F \u0438\u043D\u0441\u0442\u0440\u0443\u043A\u0446\u0438\u044F_0"
2b4276aba6b54654b8f1183da41b3f00:4807185586843112557	"\u0441\u0435\u0440\u0432\u0435\u0440\u043D\u0430\u044F \u0438\u043D\u0441\u0442\u0440\u0443\u043A\u0446\u0438\u044F_0"
2b47b8ed3fd7c284dac0b3cd9615a481	electric_factory_2.plan_5-4_0
2b47b8ed3fd7c284dac0b3cd9615a481:-4820367909143717323	electric_factory_2.plan_5-4_0
2b4ec834da0565246b2a110fafdc214a	black.manipulator_charlie_3_0
2b4ec834da0565246b2a110fafdc214a:6253097765886411754	black.manipulator_charlie_3_0
2b561c70b3df5c44f85745040dca4e6e	electric_factory_2.plan_5-4_0
2b561c70b3df5c44f85745040dca4e6e:-4820367909143717323	electric_factory_2.plan_5-4_0
2b5a34b119375af4d9ad414cb7ebc632	q_powernode.7_0
2b5a34b119375af4d9ad414cb7ebc632:-7030809728651682365	q_powernode.7_0
2b8afd6ff558e59438349e5c94a2262f	walls.pipeline_coupling_red_0
2b8afd6ff558e59438349e5c94a2262f:-6879481566940436746	walls.pipeline_coupling_red_0
2bc74961a53e9f84c99ef0bc837c62d0	stunts_run.track_trick_coolswing_0
2bc74961a53e9f84c99ef0bc837c62d0:4562749543991626939	stunts_run.track_trick_coolswing_0
2bcd0c616eea9b94c9fbbae138ec0bf2	walls.pipeline_hight_pressure_blue_0
2bcd0c616eea9b94c9fbbae138ec0bf2:-91462504149684988	walls.pipeline_hight_pressure_blue_2
2bcd0c616eea9b94c9fbbae138ec0bf2:2120910925431727386	walls.pipeline_hight_pressure_blue_1
2bcd0c616eea9b94c9fbbae138ec0bf2:5067999005355474841	walls.pipeline_hight_pressure_blue_0
2c00a92a78d574e4394d6c8d1271c1ad	traps_shadows.triple_bomb6_0
2c00a92a78d574e4394d6c8d1271c1ad:-9066479029389731904	traps_shadows.triple_bomb6_0
2c03777464b269f48b14897183a69203	electric_factory_1.plan_3-5_0
2c03777464b269f48b14897183a69203:3119829681350885749	electric_factory_1.plan_3-5_0
2c47fb9123e3daa42b23d144d0c6b3fe	q_server.server5_0
2c47fb9123e3daa42b23d144d0c6b3fe:-6171291654499183069	q_server.server5_0
2c65bd77c4221f44181052314b8ab169	black.springs_512x512_0
2c65bd77c4221f44181052314b8ab169:-6528090096318989108	black.springs_512x512_0
2c928416afcd2644a8f29697a5d568be	zone2.heavy_panel53_0
2c928416afcd2644a8f29697a5d568be:4078678873400183973	zone2.heavy_panel53_0
2ca2166ace27be247891c97b58e93fbe	bg_barrel.4_1_0
2ca2166ace27be247891c97b58e93fbe:3555568915858613143	bg_barrel.4_1_0
2cfa309606ba46846b18191a58d999b5	metal_pillars.plan_2_1_0
2cfa309606ba46846b18191a58d999b5:57440550001436180	metal_pillars.plan_2_1_0
2cff1c424a072274b82c9a2e1831a051	bg_red_crane.1_20_0
2cff1c424a072274b82c9a2e1831a051:348489101926699229	bg_red_crane.1_20_0
2d02265444d112d46b27f851f613492f	zone2.scratch3_0
2d02265444d112d46b27f851f613492f:759101258731423012	zone2.scratch3_0
2d07f5f2a7512064cb9cf5a09bea816f	stunts_run.track_trick_jumpdownroll_0
2d07f5f2a7512064cb9cf5a09bea816f:-5828208270070884016	stunts_run.track_trick_jumpdownroll_1
2d07f5f2a7512064cb9cf5a09bea816f:3578547509797758836	stunts_run.track_trick_jumpdownroll_0
2d45910d99ae90449b2f360ce3a2542a	q_powernode.6_0
2d45910d99ae90449b2f360ce3a2542a:-6016530591111915635	q_powernode.6_2
2d45910d99ae90449b2f360ce3a2542a:-6290586690554866917	q_powernode.6_3
2d45910d99ae90449b2f360ce3a2542a:3901446779949735158	q_powernode.6_1
2d45910d99ae90449b2f360ce3a2542a:4398675457419417249	q_powernode.6_0
2d6153f515280fa48b0c5945dbca8e6b	traps_shadows.gradient_intense_rounded_0
2d6153f515280fa48b0c5945dbca8e6b:-8373688942013522700	traps_shadows.gradient_intense_rounded_0
2d696fbc3268cf147ba04506136c233d	lights.lamp_bg_blue_foundation_edge_32x8_0
2d696fbc3268cf147ba04506136c233d:7347582169167933622	lights.lamp_bg_blue_foundation_edge_32x8_0
2d8758cfbb96e4244bae821662c0b427	lights.lamp_blue_1_0
2d8758cfbb96e4244bae821662c0b427:8593500330416602005	lights.lamp_blue_1_0
2da73e4dea614944abf151df9fb4dbc7	walls.pipeline_coupling_blue_0
2da73e4dea614944abf151df9fb4dbc7:-6692415902817485097	walls.pipeline_coupling_blue_0
2de1d4981a255814c920175c76b3e513	walls.pipeline_pipe_red_0
2de1d4981a255814c920175c76b3e513:4914206749665305317	walls.pipeline_pipe_red_0
2deed6437e6944a4594a477ff4fd1f9d	black.manipulator_alpha_3_0
2deed6437e6944a4594a477ff4fd1f9d:5251055994518637338	black.manipulator_alpha_3_0
2def34ec044e16a45ac440a8b7ca00a7	cutscene_swarm.cutscene_lamp3_0
2def34ec044e16a45ac440a8b7ca00a7:6799278999271295389	cutscene_swarm.cutscene_lamp3_0
2e2a052808a18f14b875b78899f40a7e	traps_shadows.laser_cone_0
2e2a052808a18f14b875b78899f40a7e:7875039895554918292	traps_shadows.laser_cone_0
2e668ae7b1aa0bc4da75d3bf22df1d89	bg_barrel.1_2_0
2e668ae7b1aa0bc4da75d3bf22df1d89:6676951749927501287	bg_barrel.1_2_0
2e739a9acf388be468be83e961e0977e	cutscene_awaken.cutscene_awakening2_0
2e739a9acf388be468be83e961e0977e:8679902180551344079	cutscene_awaken.cutscene_awakening2_0
2ebe4885e3fa189419c15e94258c468d	black.slope_2_6_0
2ebe4885e3fa189419c15e94258c468d:8458347088533049863	black.slope_2_6_0
2ec51b7f986f02e4486392148ed2660a	walls.wbth_wall_angle_down_1_0
2ec51b7f986f02e4486392148ed2660a:2597408844006743141	walls.wbth_wall_angle_down_1_0
2efc31fdaa2e2bf4eaf5ff4d6b7e5e22	walls.ww_frame_down_0
2efc31fdaa2e2bf4eaf5ff4d6b7e5e22:-2797452938741243634	walls.ww_frame_down_0
2f6133a325ef7b843abdef90f410f9c5	cutscene_swarm.cutscene_monitor8_0
2f6133a325ef7b843abdef90f410f9c5:2019429100211245476	cutscene_swarm.cutscene_monitor8_0
2f6dd96bf751ec64dbc5443493fe7c76	zone2.manipulator3_0
2f6dd96bf751ec64dbc5443493fe7c76:-6282104971738607047	zone2.manipulator3_0
2f6dd96bf751ec64dbc5443493fe7c76:4963395005876649459	zone2.manipulator3_1
2f7423089090de642b8bcfbe47dc6ee1	zone2.heavy_panel17_0
2f7423089090de642b8bcfbe47dc6ee1:1009886026195152850	zone2.heavy_panel17_0
2f874d7400274fe48be99c876995ce9e	walls.pw_decal_light_up_0
2f874d7400274fe48be99c876995ce9e:-866744306630800714	walls.pw_decal_light_up_0
2f916dba794848e46bea87e35abb1da3	zone2.door2_13_0
2f916dba794848e46bea87e35abb1da3:-1707540443377515441	zone2.door2_13_0
2fca866a59dd8e34a9e6df45ae8e04f0	black.v_slope_r_0
2fca866a59dd8e34a9e6df45ae8e04f0:3518697153390262749	black.v_slope_r_0
2fd64583ce682dc46bf773a0d1a217c1	black.silhouette_main_1_1_0
2fd64583ce682dc46bf773a0d1a217c1:6084840074417811340	black.silhouette_main_1_1_0
2fd9547cec6545e4fbf7abc664bccffe	warning_signs.skull_holography_0
2fd9547cec6545e4fbf7abc664bccffe:-1711669548704652621	warning_signs.skull_holography_0
2ffb28fd12a2db04a8bbd07e1b84aa33	walls.panel_blue_underfloor_support_lower_0
2ffb28fd12a2db04a8bbd07e1b84aa33:8850649873854493763	walls.panel_blue_underfloor_support_lower_0
300f1e38efd522144913f121a90f636d	warning_signs.divarication_forward_holography_orange_0
300f1e38efd522144913f121a90f636d:4308849350760080336	warning_signs.divarication_forward_holography_orange_0
30111352f85b4c54bacd9974f2bfbeed	zone2.light_panel17_0
30111352f85b4c54bacd9974f2bfbeed:9011709794724740764	zone2.light_panel17_0
3065c9e75bdbecf4686cc59a5e5554cb	walls.pipeline_edge_light_red_0
3065c9e75bdbecf4686cc59a5e5554cb:-7641756502554837971	walls.pipeline_edge_light_red_0
307d88c8e6a23dd4aa984ecbb6aa1a29	black.silhouette_main_3_1_0
307d88c8e6a23dd4aa984ecbb6aa1a29:8903359033115322465	black.silhouette_main_3_1_0
3092d27763c9ede4fa6e918339a4c22a	actives.emp_0
3092d27763c9ede4fa6e918339a4c22a:-2132842366724975557	actives.emp_0
30a395ab1f9f4a04c94d075c5055ec53	zone2.slope8_0
30a395ab1f9f4a04c94d075c5055ec53:3982400819726330273	zone2.slope8_0
30b1fe1eaec32b94d85875ee969408d1	traps_shadows.flamethrower_7_0
30b1fe1eaec32b94d85875ee969408d1:351128521646390849	traps_shadows.flamethrower_7_0
30cd264de4b08e64681ce7038cb63660	walls.wbth_wall_angle_down_1_0
30cd264de4b08e64681ce7038cb63660:2597408844006743141	walls.wbth_wall_angle_down_1_0
30ebf24df92b1de4581dce6ea05a434f	zone2.door2_4_0
30ebf24df92b1de4581dce6ea05a434f:5223512577077738250	zone2.door2_4_0
30f6923cd16935f4ab24f382c5bc51bf	q_scanner_terminal.server5_0
30f6923cd16935f4ab24f382c5bc51bf:-5117202023396312651	q_scanner_terminal.server5_0
30f96d2f255b4cf3977c9f13a7b964b5	black.angle
30f96d2f255b4cf3977c9f13a7b964b5:21300000	black.angle
30f96d2f255b4cf3977c9f13a7b964b5:21300002	black.angle_3_rounded
30f96d2f255b4cf3977c9f13a7b964b5:21300004	black.angle_45_1_rounded_512x512_simple
30f96d2f255b4cf3977c9f13a7b964b5:21300006	black.angle_45_2_rounded_512x512_simple
30f96d2f255b4cf3977c9f13a7b964b5:21300008	black.angle_45_hard_512x512_simple
30f96d2f255b4cf3977c9f13a7b964b5:21300010	black.angle_simple
30f96d2f255b4cf3977c9f13a7b964b5:21300012	black.balk_1
30f96d2f255b4cf3977c9f13a7b964b5:21300014	black.barrel_1_simple
30f96d2f255b4cf3977c9f13a7b964b5:21300016	black.barrel_256x256_simple
30f96d2f255b4cf3977c9f13a7b964b5:21300018	black.barrel_3
30f96d2f255b4cf3977c9f13a7b964b5:21300020	black.barrel_4
30f96d2f255b4cf3977c9f13a7b964b5:21300022	black.battery_1_simple
30f96d2f255b4cf3977c9f13a7b964b5:21300024	black.battery_2_simple
30f96d2f255b4cf3977c9f13a7b964b5:21300026	black.box_2
30f96d2f255b4cf3977c9f13a7b964b5:21300028	black.ceiling_silhouette_1_1
30f96d2f255b4cf3977c9f13a7b964b5:21300030	black.ceiling_silhouette_1_2
30f96d2f255b4cf3977c9f13a7b964b5:21300032	black.ceiling_silhouette_1_3
30f96d2f255b4cf3977c9f13a7b964b5:21300034	black.ceiling_silhouette_2
30f96d2f255b4cf3977c9f13a7b964b5:21300036	black.ceiling_silhouette_3
30f96d2f255b4cf3977c9f13a7b964b5:21300038	black.drawer_panel_1
30f96d2f255b4cf3977c9f13a7b964b5:21300040	black.floor_obstacle_1_1
30f96d2f255b4cf3977c9f13a7b964b5:21300042	black.floor_obstacle_1_2
30f96d2f255b4cf3977c9f13a7b964b5:21300044	black.floor_obstacle_1_3
30f96d2f255b4cf3977c9f13a7b964b5:21300046	black.lab_ceiling
30f96d2f255b4cf3977c9f13a7b964b5:21300048	black.lab_ceiling_wires
30f96d2f255b4cf3977c9f13a7b964b5:21300050	black.lab_corner_2_simple
30f96d2f255b4cf3977c9f13a7b964b5:21300052	black.lab_corner_4_simple
30f96d2f255b4cf3977c9f13a7b964b5:21300054	black.lab_sphere
30f96d2f255b4cf3977c9f13a7b964b5:21300056	black.manipulator_1_512x256
30f96d2f255b4cf3977c9f13a7b964b5:21300058	black.manipulator_2_1024x1024
30f96d2f255b4cf3977c9f13a7b964b5:21300060	black.manipulator_alpha_1
30f96d2f255b4cf3977c9f13a7b964b5:21300062	black.manipulator_alpha_2
30f96d2f255b4cf3977c9f13a7b964b5:21300064	black.manipulator_alpha_3
30f96d2f255b4cf3977c9f13a7b964b5:21300066	black.manipulator_alpha_4
30f96d2f255b4cf3977c9f13a7b964b5:21300068	black.manipulator_alpha_5
30f96d2f255b4cf3977c9f13a7b964b5:21300070	black.manipulator_bravo_1
30f96d2f255b4cf3977c9f13a7b964b5:21300072	black.manipulator_bravo_2
30f96d2f255b4cf3977c9f13a7b964b5:21300074	black.manipulator_charlie_1
30f96d2f255b4cf3977c9f13a7b964b5:21300076	black.manipulator_charlie_2
30f96d2f255b4cf3977c9f13a7b964b5:21300078	black.manipulator_charlie_3
30f96d2f255b4cf3977c9f13a7b964b5:21300080	black.manipulator_charlie_4
30f96d2f255b4cf3977c9f13a7b964b5:21300082	black.obstacle_1_1
30f96d2f255b4cf3977c9f13a7b964b5:21300084	black.obstacle_1_2
30f96d2f255b4cf3977c9f13a7b964b5:21300086	black.obstacle_2
30f96d2f255b4cf3977c9f13a7b964b5:21300088	black.obstacle_3_1
30f96d2f255b4cf3977c9f13a7b964b5:21300090	black.obstacle_3_2
30f96d2f255b4cf3977c9f13a7b964b5:21300092	black.pedestal_1_1
30f96d2f255b4cf3977c9f13a7b964b5:21300094	black.pedestal_1_2
30f96d2f255b4cf3977c9f13a7b964b5:21300096	black.pedestal_1_3
30f96d2f255b4cf3977c9f13a7b964b5:21300098	black.press_1_2
30f96d2f255b4cf3977c9f13a7b964b5:21300100	black.relief_2_simple
30f96d2f255b4cf3977c9f13a7b964b5:21300102	black.silhouette2
30f96d2f255b4cf3977c9f13a7b964b5:21300104	black.silhouette3
30f96d2f255b4cf3977c9f13a7b964b5:21300106	black.silhouette_main_1_1
30f96d2f255b4cf3977c9f13a7b964b5:21300108	black.silhouette_main_1_2
30f96d2f255b4cf3977c9f13a7b964b5:21300110	black.silhouette_main_1_3
30f96d2f255b4cf3977c9f13a7b964b5:21300112	black.silhouette_main_1_4
30f96d2f255b4cf3977c9f13a7b964b5:21300114	black.silhouette_main_1_5
30f96d2f255b4cf3977c9f13a7b964b5:21300116	black.silhouette_main_1_6
30f96d2f255b4cf3977c9f13a7b964b5:21300118	black.silhouette_main_1_7
30f96d2f255b4cf3977c9f13a7b964b5:21300120	black.silhouette_main_1_8
30f96d2f255b4cf3977c9f13a7b964b5:21300122	black.silhouette_main_2_1
30f96d2f255b4cf3977c9f13a7b964b5:21300124	black.silhouette_main_2_2
30f96d2f255b4cf3977c9f13a7b964b5:21300126	black.silhouette_main_2_3
30f96d2f255b4cf3977c9f13a7b964b5:21300128	black.silhouette_main_2_4
30f96d2f255b4cf3977c9f13a7b964b5:21300130	black.silhouette_main_2_5
30f96d2f255b4cf3977c9f13a7b964b5:21300132	black.silhouette_main_2_6
30f96d2f255b4cf3977c9f13a7b964b5:21300134	black.silhouette_main_2_7
30f96d2f255b4cf3977c9f13a7b964b5:21300136	black.silhouette_main_3_1
30f96d2f255b4cf3977c9f13a7b964b5:21300138	black.silhouette_main_3_10
30f96d2f255b4cf3977c9f13a7b964b5:21300140	black.silhouette_main_3_2
30f96d2f255b4cf3977c9f13a7b964b5:21300142	black.silhouette_main_3_3
30f96d2f255b4cf3977c9f13a7b964b5:21300144	black.silhouette_main_3_4
30f96d2f255b4cf3977c9f13a7b964b5:21300146	black.silhouette_main_3_5
30f96d2f255b4cf3977c9f13a7b964b5:21300148	black.silhouette_main_3_6
30f96d2f255b4cf3977c9f13a7b964b5:21300150	black.silhouette_main_3_7
30f96d2f255b4cf3977c9f13a7b964b5:21300152	black.silhouette_main_3_8
30f96d2f255b4cf3977c9f13a7b964b5:21300154	black.silhouette_main_3_9
30f96d2f255b4cf3977c9f13a7b964b5:21300156	black.silhouette_main_4_1
30f96d2f255b4cf3977c9f13a7b964b5:21300158	black.silhouette_main_4_2
30f96d2f255b4cf3977c9f13a7b964b5:21300160	black.silhouette_main_4_3
30f96d2f255b4cf3977c9f13a7b964b5:21300162	black.silhouette_main_4_4
30f96d2f255b4cf3977c9f13a7b964b5:21300164	black.silhouette_main_4_5
30f96d2f255b4cf3977c9f13a7b964b5:21300166	black.silhouette_main_4_6
30f96d2f255b4cf3977c9f13a7b964b5:21300168	black.silhouette_main_4_7
30f96d2f255b4cf3977c9f13a7b964b5:21300170	black.silhouette_main_5_1
30f96d2f255b4cf3977c9f13a7b964b5:21300172	black.silhouette_main_5_2
30f96d2f255b4cf3977c9f13a7b964b5:21300174	black.silhouette_main_5_3
30f96d2f255b4cf3977c9f13a7b964b5:21300176	black.silhouette_main_5_4
30f96d2f255b4cf3977c9f13a7b964b5:21300178	black.slope_1_1
30f96d2f255b4cf3977c9f13a7b964b5:21300180	black.slope_1_2
30f96d2f255b4cf3977c9f13a7b964b5:21300182	black.slope_1_3
30f96d2f255b4cf3977c9f13a7b964b5:21300184	black.slope_1_4
30f96d2f255b4cf3977c9f13a7b964b5:21300186	black.slope_1_5
30f96d2f255b4cf3977c9f13a7b964b5:21300188	black.slope_1_6
30f96d2f255b4cf3977c9f13a7b964b5:21300190	black.slope_2_1
30f96d2f255b4cf3977c9f13a7b964b5:21300192	black.slope_2_2
30f96d2f255b4cf3977c9f13a7b964b5:21300194	black.slope_2_3
30f96d2f255b4cf3977c9f13a7b964b5:21300196	black.slope_2_4
30f96d2f255b4cf3977c9f13a7b964b5:21300198	black.slope_2_5
30f96d2f255b4cf3977c9f13a7b964b5:21300200	black.slope_2_6
30f96d2f255b4cf3977c9f13a7b964b5:21300202	black.slope_3_1
30f96d2f255b4cf3977c9f13a7b964b5:21300204	black.slope_3_2
30f96d2f255b4cf3977c9f13a7b964b5:21300206	black.slope_3_3
30f96d2f255b4cf3977c9f13a7b964b5:21300208	black.slope_4_1
30f96d2f255b4cf3977c9f13a7b964b5:21300210	black.slope_4_2
30f96d2f255b4cf3977c9f13a7b964b5:21300212	black.slope_4_3
30f96d2f255b4cf3977c9f13a7b964b5:21300214	black.springs_512x512
30f96d2f255b4cf3977c9f13a7b964b5:21300216	black.support_1
30f96d2f255b4cf3977c9f13a7b964b5:21300218	black.tank_1
30f96d2f255b4cf3977c9f13a7b964b5:21300220	black.tank_hooped_1_1
30f96d2f255b4cf3977c9f13a7b964b5:21300222	black.tank_hooped_1_2
30f96d2f255b4cf3977c9f13a7b964b5:21300224	black.tp_obst
30f96d2f255b4cf3977c9f13a7b964b5:21300226	black.tp_sphere_simple
30f96d2f255b4cf3977c9f13a7b964b5:21300228	black.truck_fence
30f96d2f255b4cf3977c9f13a7b964b5:21300230	black.v_black
30f96d2f255b4cf3977c9f13a7b964b5:21300232	black.v_slope_r
30f96d2f255b4cf3977c9f13a7b964b5:21300234	black.wallbox
30f96d2f255b4cf3977c9f13a7b964b5:21300236	black.wires
314993998ab678a4b868c90d9d5f6770	walls.panel_blue_underfloor_lightweight_0
314993998ab678a4b868c90d9d5f6770:3672223897766533099	walls.panel_blue_underfloor_lightweight_0
31b0f1f371a297f43929a253d766f16b	traps_shadows.angle_45_hard_0
31b0f1f371a297f43929a253d766f16b:4490000420548424096	traps_shadows.angle_45_hard_0
31bb29fb15acd7e428dfa9355dd20a13	zone2.slope24_0
31bb29fb15acd7e428dfa9355dd20a13:-244618773547189235	zone2.slope24_0
31d9a42bccb717540991eb6b493ad407	bg_red_crane.1_16_0
31d9a42bccb717540991eb6b493ad407:1368379288242172325	bg_red_crane.1_16_0
320eaa689ed551e4091bdfde7dd19c02	walls.pw_decal_center_0
320eaa689ed551e4091bdfde7dd19c02:-434814386521457922	walls.pw_decal_center_0
325482735416d5745abb83bc1e7c2ae3	zone2.slope22_0
325482735416d5745abb83bc1e7c2ae3:1683119127221815318	zone2.slope22_0
32602d5e7495206429a03ff47a690212	q_reactor.base_wires_0
32602d5e7495206429a03ff47a690212:6120718316578428344	q_reactor.base_wires_0
32602d5e7495206429a03ff47a690212:8764112050516635383	q_reactor.base_wires_1
326e2eb3b6154934782f30fdb0449316	walls.pipeline_main_red_0
326e2eb3b6154934782f30fdb0449316:-7395758142076772177	walls.pipeline_main_red_0
329c9c111472ba845be732c5b0808e13	walls.pipeline_hight_pressure_red_0
329c9c111472ba845be732c5b0808e13:-2309236763423002060	walls.pipeline_hight_pressure_red_2
329c9c111472ba845be732c5b0808e13:-2885438840455396250	walls.pipeline_hight_pressure_red_6
329c9c111472ba845be732c5b0808e13:-6458784108186303814	walls.pipeline_hight_pressure_red_3
329c9c111472ba845be732c5b0808e13:-6547816886631988711	walls.pipeline_hight_pressure_red_19
329c9c111472ba845be732c5b0808e13:-6759780318863704918	walls.pipeline_hight_pressure_red_16
329c9c111472ba845be732c5b0808e13:-7139189943732969755	walls.pipeline_hight_pressure_red_1
329c9c111472ba845be732c5b0808e13:-7150296383342106661	walls.pipeline_hight_pressure_red_12
329c9c111472ba845be732c5b0808e13:-8162442658192908782	walls.pipeline_hight_pressure_red_15
329c9c111472ba845be732c5b0808e13:-8436156212362824901	walls.pipeline_hight_pressure_red_17
329c9c111472ba845be732c5b0808e13:-8834464918933856175	walls.pipeline_hight_pressure_red_14
329c9c111472ba845be732c5b0808e13:123000465691160580	walls.pipeline_hight_pressure_red_5
329c9c111472ba845be732c5b0808e13:1392611240404132222	walls.pipeline_hight_pressure_red_13
329c9c111472ba845be732c5b0808e13:2747053881368134552	walls.pipeline_hight_pressure_red_18
329c9c111472ba845be732c5b0808e13:2832434035073438479	walls.pipeline_hight_pressure_red_11
329c9c111472ba845be732c5b0808e13:4160026791879335247	walls.pipeline_hight_pressure_red_10
329c9c111472ba845be732c5b0808e13:4225123875019420709	walls.pipeline_hight_pressure_red_0
329c9c111472ba845be732c5b0808e13:4561344918828564853	walls.pipeline_hight_pressure_red_8
329c9c111472ba845be732c5b0808e13:7093042422609524294	walls.pipeline_hight_pressure_red_7
329c9c111472ba845be732c5b0808e13:8070025362185262519	walls.pipeline_hight_pressure_red_4
329c9c111472ba845be732c5b0808e13:8563824929654146036	walls.pipeline_hight_pressure_red_9
32b3f324b31086744a12cfd098a6f103	bg_red_crane.1_4_0
32b3f324b31086744a12cfd098a6f103:-8544220383589219469	bg_red_crane.1_4_0
32e35ebca670ceb42b421691bdc857e0	zone2.slope21_0
32e35ebca670ceb42b421691bdc857e0:-1482829009731195786	zone2.slope21_0
334b15437daf8404a9d177c4fa14553c	zone2.edge_brown1_0
334b15437daf8404a9d177c4fa14553c:5705136048292231090	zone2.edge_brown1_0
335051b7c0e174e41bd4723ed7ae6d2f	walls.wbsh_support_horizontal_up_0
335051b7c0e174e41bd4723ed7ae6d2f:-7578514075731485944	walls.wbsh_support_horizontal_up_0
336f1131c6eddff449725dffe9f47a81	walls.pipeline_pipeline_a24_blue_0
336f1131c6eddff449725dffe9f47a81:-3402154131907430317	walls.pipeline_pipeline_a24_blue_1
336f1131c6eddff449725dffe9f47a81:-4707650675498480146	walls.pipeline_pipeline_a24_blue_7
336f1131c6eddff449725dffe9f47a81:-7032601036335074186	walls.pipeline_pipeline_a24_blue_2
336f1131c6eddff449725dffe9f47a81:-7831800220019977382	walls.pipeline_pipeline_a24_blue_5
336f1131c6eddff449725dffe9f47a81:3013296586404997218	walls.pipeline_pipeline_a24_blue_3
336f1131c6eddff449725dffe9f47a81:3133189854269979200	walls.pipeline_pipeline_a24_blue_0
336f1131c6eddff449725dffe9f47a81:363792709066315083	walls.pipeline_pipeline_a24_blue_4
336f1131c6eddff449725dffe9f47a81:6579313858658533462	walls.pipeline_pipeline_a24_blue_6
33a6abf5409750943a8928576235d78a	zone2.edge_brown4_0
33a6abf5409750943a8928576235d78a:6275629910075681628	zone2.edge_brown4_0
33b2cca431fd62b4ab57da2b3927e2b6	zone2.slope11_0
33b2cca431fd62b4ab57da2b3927e2b6:870925343072589880	zone2.slope11_0
33ed9a78b8731fc498d2c7386bb64283	zone2.manipulator12_0
33ed9a78b8731fc498d2c7386bb64283:4669172334201217580	zone2.manipulator12_0
33ee17e9c13be7146b43b2931c43e23a	zone2.slope9_0
33ee17e9c13be7146b43b2931c43e23a:-3076713063655307597	zone2.slope9_0
3411e650b0856b6479ba64170e152ebe	metal_pillars.plan_5_0
3411e650b0856b6479ba64170e152ebe:-6503988889051746099	metal_pillars.plan_5_0
343cbf1b4b247ff4b9b0ce18d28a5ef4	walls.column_white_2_0
343cbf1b4b247ff4b9b0ce18d28a5ef4:-4080464533305984352	walls.column_white_2_0
344d4d903e82af24280ef2c7654d541d	traps_seq.mine_blink_6_0
344d4d903e82af24280ef2c7654d541d:-6613460636799041498	traps_seq.mine_blink_6_0
344fbf03e558cd141b3a78307219f485	zone2.panel_brown2_0
344fbf03e558cd141b3a78307219f485:-883458423766308935	zone2.panel_brown2_0
34543e2e344c3154cb0dc1e923629823	q_scanner_terminal.server12_0
34543e2e344c3154cb0dc1e923629823:-361863857846053468	q_scanner_terminal.server12_0
3454afa720598db48898203595517c52	zone2.heavy_panel17_0
3454afa720598db48898203595517c52:1009886026195152850	zone2.heavy_panel17_0
346a2a2492c12e64a9757d2030bc389f	walls.column_white_4_0
346a2a2492c12e64a9757d2030bc389f:-4166260423522709751	walls.column_white_4_0
346b64304b37c7941a08348480256fe0	blue_crystal_lab.plan_0_0
346b64304b37c7941a08348480256fe0:1602165214588018305	blue_crystal_lab.plan_0_0
34737d3d19f7a4b43a9878b2d7a727ff	zone2.ventilator10_0
34737d3d19f7a4b43a9878b2d7a727ff:9183372046840337893	zone2.ventilator10_0
348ebf0e160cbb3409f1d983690c0650	traps_shadows.sound_trap3_0
348ebf0e160cbb3409f1d983690c0650:-6041780647490008167	traps_shadows.sound_trap3_0
3499be2a1c31b154e851e1ae8e64f6de	bg_red_crane.1_7_0
3499be2a1c31b154e851e1ae8e64f6de:8212647966159057525	bg_red_crane.1_7_0
34afca1bde94c53498f7b4c80a7329e4	zone2.ventilator19_0
34afca1bde94c53498f7b4c80a7329e4:-5060410586469486560	zone2.ventilator19_0
34bb2941fd7b76f46a7e2f3641ff7ebf	walls.wbsh_vertical_0
34bb2941fd7b76f46a7e2f3641ff7ebf:-2282718295855671814	walls.wbsh_vertical_0
34c6d9cf78c41554f975ef2106ba4aa0	walls.wbth_beam_diagonal_0
34c6d9cf78c41554f975ef2106ba4aa0:-4131245152996251923	walls.wbth_beam_diagonal_0
34e46a151b0e0b14b854874d5d19b86f	electric_factory_2.plan_5-2_0
34e46a151b0e0b14b854874d5d19b86f:-3270781414874485302	electric_factory_2.plan_5-2_0
34e4e606a79bfe945941624617af01df	far_city.plan_3_1_0
34e4e606a79bfe945941624617af01df:-7006383312701375794	far_city.plan_3_1_0
35126a93d5f6e314d98d6b1a914f36c7	electric_factory_1.plan_3-1_0
35126a93d5f6e314d98d6b1a914f36c7:1863134566558671762	electric_factory_1.plan_3-1_0
35a319d2cac39594aad2a7abc47660a3	walls.recessed_panel_lamp_2_0
35a319d2cac39594aad2a7abc47660a3:-5875003304196386285	walls.recessed_panel_lamp_2_0
35c1067e2d5642f43bc13ed5b504aaca	traps_seq.mine_blink_1_0
35c1067e2d5642f43bc13ed5b504aaca:-3889954231049870310	traps_seq.mine_blink_1_0
366f5ad2a80bec743800947a05d26eb4	zone2.angle_orange1_0
366f5ad2a80bec743800947a05d26eb4:-6303836060768466220	zone2.angle_orange1_0
3680717e4818d2e42a64fe7a3bff72e3	walls.v_white_underfloor_0
3680717e4818d2e42a64fe7a3bff72e3:2199820701125867776	walls.v_white_underfloor_0
369520fc9b0e56f46ae0258ce8e11450	zone2.panel_gray_bg_0
369520fc9b0e56f46ae0258ce8e11450:-5722080898497496572	zone2.panel_gray_bg_0
36a3df047b4c5b441b07c9a1baa85e8b	stunts_run.track_trick_monkeyvault_0
36a3df047b4c5b441b07c9a1baa85e8b:7527127845903129094	stunts_run.track_trick_monkeyvault_0
36eae9655f4d3744a94532087f238ab7	cutscene_swarm.cutscene_lamp4_0
36eae9655f4d3744a94532087f238ab7:-8448352591258136556	cutscene_swarm.cutscene_lamp4_0
3713700230dbe764d89fdc9c9b439609	black.silhouette_main_2_6_0
3713700230dbe764d89fdc9c9b439609:562969173873203645	black.silhouette_main_2_6_0
371ec010f66590e4cbc0ca6a2840e977	black.battery_1_simple_0
371ec010f66590e4cbc0ca6a2840e977:-5706807350156729296	black.battery_1_simple_0
37209715eaf2e1c459ac44a2f4e102d3	walls.pw_decal_big_center_up_0
37209715eaf2e1c459ac44a2f4e102d3:126940996693534161	walls.pw_decal_big_center_up_0
37217a937f08fe14bb49dd22ac280d67	walls.panel_red_underfloor_support_upper_0
37217a937f08fe14bb49dd22ac280d67:-1927626321536467946	walls.panel_red_underfloor_support_upper_0
37256d83aed3b344e91b782e67d53fc4	walls.ww_bend_down_0
37256d83aed3b344e91b782e67d53fc4:-8929210595900139211	walls.ww_bend_down_0
37313d93bfa01334787640e352bd2d4a	cutscene_swarm.cutscene_lamp2_0
37313d93bfa01334787640e352bd2d4a:395807934437914670	cutscene_swarm.cutscene_lamp2_0
375e76748b6c27f448831c940d880fa7	walls.real_white_sprite_0
375e76748b6c27f448831c940d880fa7:5688002761492159842	walls.real_white_sprite_0
3771867b803dbe6468324679f8176e88	traps_shadows.electro_balls_lamps_0
3771867b803dbe6468324679f8176e88:-1091160784969925465	traps_shadows.electro_balls_lamps_7
3771867b803dbe6468324679f8176e88:-2340401566728711495	traps_shadows.electro_balls_lamps_6
3771867b803dbe6468324679f8176e88:-3322102410453344758	traps_shadows.electro_balls_lamps_15
3771867b803dbe6468324679f8176e88:-3958277470692837214	traps_shadows.electro_balls_lamps_2
3771867b803dbe6468324679f8176e88:-4962774031161786156	traps_shadows.electro_balls_lamps_8
3771867b803dbe6468324679f8176e88:-574717698908485805	traps_shadows.electro_balls_lamps_18
3771867b803dbe6468324679f8176e88:-6034555279562273369	traps_shadows.electro_balls_lamps_3
3771867b803dbe6468324679f8176e88:-8051547378546197092	traps_shadows.electro_balls_lamps_5
3771867b803dbe6468324679f8176e88:-828084508922376739	traps_shadows.electro_balls_lamps_14
3771867b803dbe6468324679f8176e88:-8490784071964478331	traps_shadows.electro_balls_lamps_9
3771867b803dbe6468324679f8176e88:1716555945201563203	traps_shadows.electro_balls_lamps_16
3771867b803dbe6468324679f8176e88:2431871175976830455	traps_shadows.electro_balls_lamps_11
3771867b803dbe6468324679f8176e88:2450205399014069360	traps_shadows.electro_balls_lamps_19
3771867b803dbe6468324679f8176e88:3318415708269979837	traps_shadows.electro_balls_lamps_4
3771867b803dbe6468324679f8176e88:4946809275302511562	traps_shadows.electro_balls_lamps_1
3771867b803dbe6468324679f8176e88:5689866857419607519	traps_shadows.electro_balls_lamps_10
3771867b803dbe6468324679f8176e88:7070866042325728551	traps_shadows.electro_balls_lamps_13
3771867b803dbe6468324679f8176e88:7637576314652368010	traps_shadows.electro_balls_lamps_12
3771867b803dbe6468324679f8176e88:8485679716110176172	traps_shadows.electro_balls_lamps_0
3771867b803dbe6468324679f8176e88:8980907566688425727	traps_shadows.electro_balls_lamps_17
37897451baa6c634d84675d39ceaa145	lights.lamp_bg_green_round_64x64_0
37897451baa6c634d84675d39ceaa145:-147237521603762234	lights.lamp_bg_green_round_64x64_0
37a13ad3d2fdcff45b110619b0595604	zone2.heavy_panel9_0
37a13ad3d2fdcff45b110619b0595604:4310816590963651859	zone2.heavy_panel9_0
37ab95f9d04ed004d83a5e15c4ad989c	walls.wb_tee_down_0
37ab95f9d04ed004d83a5e15c4ad989c:5975521673109199116	walls.wb_tee_down_0
37b8eefdf82d1aa4aa95e84d7aaaed47	zone2.ventilator13_0
37b8eefdf82d1aa4aa95e84d7aaaed47:-5358483137911049403	zone2.ventilator13_0
37bbcea289f2d224cb36835a23e390af	zone2.10_0
37bbcea289f2d224cb36835a23e390af:-4171973684384744323	zone2.10_0
37d930221d5f03c4a81b1fffb99424f2	q_scanner_terminal.server11_0
37d930221d5f03c4a81b1fffb99424f2:1869463898220088918	q_scanner_terminal.server11_0
37db6b935a7a03f478a73d6d7d6788a8	zone2.heavy_panel1_0
37db6b935a7a03f478a73d6d7d6788a8:1893523797511537467	zone2.heavy_panel1_0
37e9088754c87804396e32db65fb00e1	q_scanner_terminal.server13_0
37e9088754c87804396e32db65fb00e1:-4190362041082419643	q_scanner_terminal.server13_0
380685d7ae7f5894998db8a873f1df0e	zone2.darkness_switch5_0
380685d7ae7f5894998db8a873f1df0e:-922343630406661111	zone2.darkness_switch5_0
38098091ba609ee4689f67c864b7b471	zone2.heavy_panel58_0
38098091ba609ee4689f67c864b7b471:-1077207455435847926	zone2.heavy_panel58_0
380c978e670b04b4fa25d05d740462b4	traps_seq.mine_blink_4_0
380c978e670b04b4fa25d05d740462b4:-8752332296027718372	traps_seq.mine_blink_4_0
3810f578d553d074d826555b7fb52579	walls.ws_landmine_0
3810f578d553d074d826555b7fb52579:-8269322203292076049	walls.ws_landmine_0
383b19578d9c0d34f9e6410d9e924b30	stunts_run.track_trick_airspin_0
383b19578d9c0d34f9e6410d9e924b30:-3797626512104956994	stunts_run.track_trick_airspin_0
388a424e22477b246876c0cb1f952604	q_fuzesocket.6_0
388a424e22477b246876c0cb1f952604:-8193685914841389393	q_fuzesocket.6_0
389ae9abaf376fa4ea80d1f6375df8e7	q_scanner.6_0
389ae9abaf376fa4ea80d1f6375df8e7:3037647839284250540	q_scanner.6_0
389c903cf7a6470459f4d5ab07af2f24	zone2.ventilator14_0
389c903cf7a6470459f4d5ab07af2f24:6862193177996334756	zone2.ventilator14_0
38a9b9591fbbb664294e4f077111482c	stunts_run.track_trick_spinbicycle_0
38a9b9591fbbb664294e4f077111482c:-4821277246481022227	stunts_run.track_trick_spinbicycle_0
38b3a7bd577b94b41abc9404fc3fecf2	q_server.server15_0
38b3a7bd577b94b41abc9404fc3fecf2:-224354100721899272	q_server.server15_0
38e2cb15140ebaa45b1987379c4437c5	zone2.door2_8_0
38e2cb15140ebaa45b1987379c4437c5:3261507231581993982	zone2.door2_8_0
38f5a105b173f1245bdfdbd791ae2f5b	traps_shadows.emitter_soaring_wing_2_0
38f5a105b173f1245bdfdbd791ae2f5b:-4871483575021351008	traps_shadows.emitter_soaring_wing_2_0
390d71f287a2af8409cad81f5fbdc652	black.silhouette_main_1_3_0
390d71f287a2af8409cad81f5fbdc652:4571241253081607548	black.silhouette_main_1_3_0
3920b227ec926f84d8090161bab383a8	walls.recessed_panel_lock_2_0
3920b227ec926f84d8090161bab383a8:-46951702832576867	walls.recessed_panel_lock_2_0
395828ed9aa53e244923592a4b165c2b	stunts_run.track_trick_kingkongtobend_0
395828ed9aa53e244923592a4b165c2b:5925059338313895963	stunts_run.track_trick_kingkongtobend_0
39768541e996484418dcc269dea2cd20	walls.pipeline_type_aw4_green_0
39768541e996484418dcc269dea2cd20:-2619220669751936100	walls.pipeline_type_aw4_green_4
39768541e996484418dcc269dea2cd20:-2995844606727343826	walls.pipeline_type_aw4_green_3
39768541e996484418dcc269dea2cd20:-5343189471436434222	walls.pipeline_type_aw4_green_6
39768541e996484418dcc269dea2cd20:-8150768005788491530	walls.pipeline_type_aw4_green_5
39768541e996484418dcc269dea2cd20:4717848953349306256	walls.pipeline_type_aw4_green_7
39768541e996484418dcc269dea2cd20:7863900301641919441	walls.pipeline_type_aw4_green_2
39768541e996484418dcc269dea2cd20:8068989030260763767	walls.pipeline_type_aw4_green_0
39768541e996484418dcc269dea2cd20:881225159454211558	walls.pipeline_type_aw4_green_1
39dadc01138fe7946966ad75c89fda2c	zone2.shaft4_0
39dadc01138fe7946966ad75c89fda2c:3459007468879495671	zone2.shaft4_0
39e46ae72825c73479969848075498f1	stunts_run.track_trick_spinvault_0
39e46ae72825c73479969848075498f1:-2520956824152213415	stunts_run.track_trick_spinvault_0
39f0ed59dff727447bc800bdb011ddee	zone2.edge_orange2_0
39f0ed59dff727447bc800bdb011ddee:2494153243987999597	zone2.edge_orange2_0
3a0c7d96e232cff43b2c11bd477de562	stunts_run.banner_1_top_0
3a0c7d96e232cff43b2c11bd477de562:1740916473060296407	stunts_run.banner_1_top_0
3a0fa30cd86e8134f990c2632bc1c2e0	cutscene_swarm.cutscene_lamp_off5_0
3a0fa30cd86e8134f990c2632bc1c2e0:-8044917625125755446	cutscene_swarm.cutscene_lamp_off5_0
3a3a4fe42c3ac8240bfa4ad9e128cf11	zone2.light_panel32_0
3a3a4fe42c3ac8240bfa4ad9e128cf11:-5945341754171507379	zone2.light_panel32_0
3a77fea150ffc284c8f75b29fe41b127	cutscene_swarm.cutscene14_0
3a77fea150ffc284c8f75b29fe41b127:-386431306335242972	cutscene_swarm.cutscene14_0
3a82abb207cc81246a38d048a52754c7	traps_shadows.laser_emitter_underfloor_flap_0
3a82abb207cc81246a38d048a52754c7:-5326647973741893887	traps_shadows.laser_emitter_underfloor_flap_0
3a9c3dba3d7976f4f90712fd9451402a	zone2.slope10_0
3a9c3dba3d7976f4f90712fd9451402a:-2063458369549919026	zone2.slope10_0
3b2a288963a9989418bbe8b17fd933d1	black.slope_1_2_0
3b2a288963a9989418bbe8b17fd933d1:442634393953446211	black.slope_1_2_0
3b343a4b5712e514f9d6df1e392c113a	warning_signs.digit_7_0
3b343a4b5712e514f9d6df1e392c113a:6755362070212255090	warning_signs.digit_7_0
3b6429c5ca0f164469bdeb5640e2da45	walls.recessed_panel_center_0
3b6429c5ca0f164469bdeb5640e2da45:3523910881595717463	walls.recessed_panel_center_0
3b69d1201140d5b4997cce356870fd8a	q_scanner.13_0
3b69d1201140d5b4997cce356870fd8a:7337378649965098415	q_scanner.13_0
3b745a40991734045a4dfe3ec19cd9fc	zone2.light_panel36_0
3b745a40991734045a4dfe3ec19cd9fc:-8566752418515719540	zone2.light_panel36_0
3bb00aa8a33b24947bdd6f1ba5de33d1	electric_factory_1.plan_4-3_0
3bb00aa8a33b24947bdd6f1ba5de33d1:8064714584198443386	electric_factory_1.plan_4-3_0
3bc7800f8449ad747a3d678b0ad7d45b	zone2.heavy_panel22_0
3bc7800f8449ad747a3d678b0ad7d45b:3344181705655172685	zone2.heavy_panel22_0
3c164828617d94447ad6b1a972398271	stunts_run.track_trick_dashtofrontflip_0
3c164828617d94447ad6b1a972398271:-8220634223884331045	stunts_run.track_trick_dashtofrontflip_0
3c1d9d1c07ef97740a755f2bdb32fc82	zone2.manipulator1_0
3c1d9d1c07ef97740a755f2bdb32fc82:6860214954316674731	zone2.manipulator1_0
3c1e39fa5754e7643959bb9823510bce	actives.activator3_0
3c1e39fa5754e7643959bb9823510bce:-4749622250790980779	actives.activator3_0
3c2bc5ec555225f44969bfbb36ec53e3	memory_terminal.1_0
3c2bc5ec555225f44969bfbb36ec53e3:2965876000487151712	memory_terminal.1_0
3c2e52b2736a70240a1567bf0bf0ece3	cutscene_swarm.cutscene5_0
3c2e52b2736a70240a1567bf0bf0ece3:-2997500724285698192	cutscene_swarm.cutscene5_0
3c5a7d7ab4cfd0648bbfb462760474ac	zone2.angle_gray2_0
3c5a7d7ab4cfd0648bbfb462760474ac:4788507556665039555	zone2.angle_gray2_0
3c745de9c5b7e6d4595539c676f30e36	bg_communication.1_1_0
3c745de9c5b7e6d4595539c676f30e36:4998142940527046287	bg_communication.1_1_0
3c7f721ce10c0764583f78012fbe7ec1	black.manipulator_1_512x256_0
3c7f721ce10c0764583f78012fbe7ec1:6902643852827040389	black.manipulator_1_512x256_0
3c9108a23c3bd794c86042982a3cae33	black.slope_4_2_0
3c9108a23c3bd794c86042982a3cae33:-4658767426486259891	black.slope_4_2_0
3ca13e16399bdbf4daa2a9d180f59a94	warning_signs.digit_4_0
3ca13e16399bdbf4daa2a9d180f59a94:-4449470210828473518	warning_signs.digit_4_0
3ce7b3726ee2f4d418eb7d221ede262d	walls.panel_red_underfloor_0
3ce7b3726ee2f4d418eb7d221ede262d:-1003447691389152022	walls.panel_red_underfloor_0
3d32a262ada6e674c97c489d392edc8c	zone2.edge_orange5_0
3d32a262ada6e674c97c489d392edc8c:3192173788215783119	zone2.edge_orange5_0
3d338e87c1043714ea0f6feb1069e643	walls.holographic_interface_bar1_0
3d338e87c1043714ea0f6feb1069e643:-3792512523656063132	walls.holographic_interface_bar1_0
3d670a5c31313f647b1f7dc5a3908d2e	black.manipulator_alpha_3_0
3d670a5c31313f647b1f7dc5a3908d2e:5251055994518637338	black.manipulator_alpha_3_0
3d7bdb0122270944cb9e719bdef28ed0	walls.column_white_5_0
3d7bdb0122270944cb9e719bdef28ed0:-1075677803892649684	walls.column_white_5_0
3d9abbceda15aa04fa4a9cea2e672021	zone2.heavy_panel28_0
3d9abbceda15aa04fa4a9cea2e672021:9205802202997837065	zone2.heavy_panel28_0
3dcec6e837549c7498f3d6c06263383b	walls.hex_green_0
3dcec6e837549c7498f3d6c06263383b:-8218647488359560112	walls.hex_green_0
3ddc1de15ff21ef478236bb0b0ee634e	zone2.light_panel25_0
3ddc1de15ff21ef478236bb0b0ee634e:593687710006984511	zone2.light_panel25_0
3de511a542369e44190c32b2cf455cc4	zone2.heavy_panel12_0
3de511a542369e44190c32b2cf455cc4:3234034674751064345	zone2.heavy_panel12_0
3de5ea08bc0dc5949b92ed293768cd36	far_city.plan_5_1_0
3de5ea08bc0dc5949b92ed293768cd36:-2918435980258261916	far_city.plan_5_1_1
3de5ea08bc0dc5949b92ed293768cd36:6057434279082225033	far_city.plan_5_1_0
3df44fd1cffeccb4da86c1e552a1e227	black.silhouette_main_2_2_0
3df44fd1cffeccb4da86c1e552a1e227:-3699328082950530073	black.silhouette_main_2_2_0
3e5f5654905ca1741b29fc1894fe1cbb	blue_crystal_lab.plan_2_1_0
3e5f5654905ca1741b29fc1894fe1cbb:-3179557457495351309	blue_crystal_lab.plan_2_1_0
3e62fecaf36ebc448b7873eb8025913c	zone2.ventilator1_0
3e62fecaf36ebc448b7873eb8025913c:-7329410560901854739	zone2.ventilator1_0
3e78ac50a1b6aee499a85c5ab1eb99dd	zone2.heavy_panel54_0
3e78ac50a1b6aee499a85c5ab1eb99dd:-7982167466392955624	zone2.heavy_panel54_0
3e962873764029c4783151bc83fad8ec	cutscene_swarm.cutscene7_0
3e962873764029c4783151bc83fad8ec:151948891709344461	cutscene_swarm.cutscene7_0
3e9939ee6676ff546ac07aad16216f65	traps_shadows.black_ball_body_0
3e9939ee6676ff546ac07aad16216f65:-2770480800091313100	traps_shadows.black_ball_body_0
3ea26672ea08e9f4f841ff28d1942c73	q_server.server9_0
3ea26672ea08e9f4f841ff28d1942c73:4519553668032593215	q_server.server9_0
3eab5f64d993baa4aaee1acf9b1ed93d	walls.pipeline_meter_small_green_0
3eab5f64d993baa4aaee1acf9b1ed93d:-7236387723067880428	walls.pipeline_meter_small_green_0
3eae82176213e5f4db5581651d4698ae	walls.pipeline_type_aw2_red_0
3eae82176213e5f4db5581651d4698ae:-3928475031148861601	walls.pipeline_type_aw2_red_4
3eae82176213e5f4db5581651d4698ae:-5037126178047141357	walls.pipeline_type_aw2_red_0
3eae82176213e5f4db5581651d4698ae:3651803552694295297	walls.pipeline_type_aw2_red_2
3eae82176213e5f4db5581651d4698ae:4271668196487852083	walls.pipeline_type_aw2_red_3
3eae82176213e5f4db5581651d4698ae:8482014446482692904	walls.pipeline_type_aw2_red_1
3eb5df27db10b7f4dae93cb11be8b1db	zone2.light_panel35_0
3eb5df27db10b7f4dae93cb11be8b1db:7085900232094239758	zone2.light_panel35_0
3ee002321a4b056439f0846e470e270f	black.manipulator_charlie_3_0
3ee002321a4b056439f0846e470e270f:6253097765886411754	black.manipulator_charlie_3_0
3eef5180a2c4da548b6c60cae2e56483	bg_barrel.3_6_0
3eef5180a2c4da548b6c60cae2e56483:1467626496511557787	bg_barrel.3_6_0
3eef5180a2c4da548b6c60cae2e56483:6026410920195427644	bg_barrel.3_6_1
3ef3ac547dc8c094cbf9603d9448ba26	electric_factory_2.plan_5-2_0
3ef3ac547dc8c094cbf9603d9448ba26:-3270781414874485302	electric_factory_2.plan_5-2_0
3efc320494fbd5b459dcef7e63e64446	walls.pipeline_arris_dark_green_0
3efc320494fbd5b459dcef7e63e64446:15265533506161648	walls.pipeline_arris_dark_green_0
3f1f3bb9cba177f41911c5768f2e9859	walls.recessed_panel_edge_2_0
3f1f3bb9cba177f41911c5768f2e9859:-5234633683120137640	walls.recessed_panel_edge_2_0
3f467893fe86fa64db7771bae4b6e874	cutscene_swarm.cutscene_monitor6_0
3f467893fe86fa64db7771bae4b6e874:5613724680382296316	cutscene_swarm.cutscene_monitor6_0
3f48f0a2000ec1948a174e7f9c2c0c69	walls.decal_9_0
3f48f0a2000ec1948a174e7f9c2c0c69:8767395420967823711	walls.decal_9_0
3f4a2e32b6ecdcd44bd874b48be53c25	walls.panel_brown_underfloor_0
3f4a2e32b6ecdcd44bd874b48be53c25:1744249023170187118	walls.panel_brown_underfloor_0
3f4c75096dc27a047ac222df79760840	zone2.slope23_0
3f4c75096dc27a047ac222df79760840:-8903432471424934408	zone2.slope23_0
3f513de4086ea134aab0541dab98e12a	cutscene_swarm.cutscene_lamp_on6_0
3f513de4086ea134aab0541dab98e12a:2475189853711810546	cutscene_swarm.cutscene_lamp_on6_0
3f51cbb1a1a13354a97ca84b45e5c076	walls.pipeline_wall_recess_green_0
3f51cbb1a1a13354a97ca84b45e5c076:-3801147007016766238	walls.pipeline_wall_recess_green_0
3f5b304c88a17db4e98d2cef18648ee3	black.tp_sphere_simple_0
3f5b304c88a17db4e98d2cef18648ee3:-593587394916741027	black.tp_sphere_simple_0
3f7cb9b75180e434c8e52dc510f7ff07	zone2.light_panel22_0
3f7cb9b75180e434c8e52dc510f7ff07:-1695769928003516823	zone2.light_panel22_0
3f842b2a43b0d0848bac6a10c14f98b4	bg_barrel.2_3_0
3f842b2a43b0d0848bac6a10c14f98b4:-4888594211841923605	bg_barrel.2_3_0
3f86e6b6e5ab0ae47bc9956c79330e83	traps_shadows.black_ball_station2_0
3f86e6b6e5ab0ae47bc9956c79330e83:-3242672625837661333	traps_shadows.black_ball_station2_0
3fb6859a27f00e746afe1c4e4d91262b	q_scanner.3_0
3fb6859a27f00e746afe1c4e4d91262b:5496216535463511202	q_scanner.3_0
3fde82f522825534db740dcdf3f3736c	zone2.edge_orange1_0
3fde82f522825534db740dcdf3f3736c:-1184647576638353140	zone2.edge_orange1_0
3fe9b064e154f7545a80a6c6654069c5	walls.wbth_wall_angle_up_2_0
3fe9b064e154f7545a80a6c6654069c5:-3220168211185355350	walls.wbth_wall_angle_up_2_0
4000c01dc8bd60341af9da1079c9cf5c	walls.panel_brown_underfloor_support_lower_0
4000c01dc8bd60341af9da1079c9cf5c:5742046231331500746	walls.panel_brown_underfloor_support_lower_0
401aa7007c8f2ab4eaa65e8eebdb3a07	walls.pipeline_coupling_green_0
401aa7007c8f2ab4eaa65e8eebdb3a07:-5516032996628004793	walls.pipeline_coupling_green_0
404083b2041dbac4abd593117610b12a	stunts_run.track_trick_spinningvault_0
404083b2041dbac4abd593117610b12a:111057531164943979	stunts_run.track_trick_spinningvault_0
40418fe016cbfb74b8a42865931d4f09	black.relief_2_simple_0
40418fe016cbfb74b8a42865931d4f09:5845370975180514138	black.relief_2_simple_0
4051a0c0a764f6647ade9456a30ddfd1	walls.cords_underfloor_edge_dark_0
4051a0c0a764f6647ade9456a30ddfd1:4013829020505258685	walls.cords_underfloor_edge_dark_0
4057aaaff1b772846aac6755450c3341	stunts_run.banner_3_top_0
4057aaaff1b772846aac6755450c3341:-8464776030835820138	stunts_run.banner_3_top_0
4058c5fcb3fe4fc4189d48472e5e1b09	black.silhouette_main_2_4_0
4058c5fcb3fe4fc4189d48472e5e1b09:3744909791050183700	black.silhouette_main_2_4_0
407c7a062413af746b9f9c89438a602c	zone2.ventilator8_0
407c7a062413af746b9f9c89438a602c:-8556761202993775120	zone2.ventilator8_0
408e4e3cc6b5ea5469341c98ecbc8723	traps_shadows.electro_emitter_bg_0
408e4e3cc6b5ea5469341c98ecbc8723:-8651378497032630764	traps_shadows.electro_emitter_bg_0
40b0c095d254ef14eb5de3f711ac71c3	zone2.light_panel26_0
40b0c095d254ef14eb5de3f711ac71c3:3611899714129903912	zone2.light_panel26_0
40b3c966035b24d45a47c85c383a1b70	traps_shadows.laser_body_0
40b3c966035b24d45a47c85c383a1b70:3819008055742691505	traps_shadows.laser_body_0
40b5f9c52b898de449c7eb7a0d7abea3	zone2.heavy_panel5_0
40b5f9c52b898de449c7eb7a0d7abea3:-2981332543003750183	zone2.heavy_panel5_0
40c313fa319149043b2ec375d258811d	actives.activator3_0
40c313fa319149043b2ec375d258811d:-4749622250790980779	actives.activator3_0
40c4404227ff3f0478d820532c494bef	traps_shadows.flamethrower_6_0
40c4404227ff3f0478d820532c494bef:-1461052621629405421	traps_shadows.flamethrower_6_0
40ce6e7f7416e7946bc1fe899c2ef83f	black.silhouette_main_4_6_0
40ce6e7f7416e7946bc1fe899c2ef83f:-7774364332781841899	black.silhouette_main_4_6_0
4189e69c2d9ac0246bad3a66cf139a25	traps_shadows.flamethrowe_horizontal_on2_0
4189e69c2d9ac0246bad3a66cf139a25:-444263242738992480	traps_shadows.flamethrowe_horizontal_on2_0
418a860e189650e429dcbf3e78e7f0da	zone2.shaft4_0
418a860e189650e429dcbf3e78e7f0da:3459007468879495671	zone2.shaft4_0
418c186f68f774040ad807f6841baa7b	traps_shadows.electro_emitter_underfloor_main1_0
418c186f68f774040ad807f6841baa7b:3249364077811710975	traps_shadows.electro_emitter_underfloor_main1_0
41ba518ba89eb8c428c6439ff0c5abb3	bg_barrel.3_1_0
41ba518ba89eb8c428c6439ff0c5abb3:3344736716664689273	bg_barrel.3_1_0
41f225cae724d8c418799ccf5993072b	zone2.heavy_panel25_0
41f225cae724d8c418799ccf5993072b:-9187291817928512455	zone2.heavy_panel25_0
4202c930741f6cd4d957f50ede283bd1	cutscene_swarm.cutscene1_0
4202c930741f6cd4d957f50ede283bd1:1462199014591080807	cutscene_swarm.cutscene1_0
4224ef98f77093642ade9856e6dbb7d4	traps_shadows.mine_pillar10_0
4224ef98f77093642ade9856e6dbb7d4:8318246803498016379	traps_shadows.mine_pillar10_0
4247b8816bb38cd45a3538678f2b6d70	warning_signs.swarm_0
4247b8816bb38cd45a3538678f2b6d70:4507938971473974867	warning_signs.swarm_0
424bfb32407171545baed34c1c42c055	walls.pipeline_pipe_red_0
424bfb32407171545baed34c1c42c055:4914206749665305317	walls.pipeline_pipe_red_0
42580594f390b434f82ab2b53bde4d2c	zone2.door2_6_0
42580594f390b434f82ab2b53bde4d2c:-1171913230525870173	zone2.door2_6_0
4266c87ba3255224e96e170ac9e8a627	stunts_run.track_trick_doublespinvault_0
4266c87ba3255224e96e170ac9e8a627:-7681469038814893011	stunts_run.track_trick_doublespinvault_0
42acd43dfe9fe764e815e8c58f0b899b	cutscene_swarm.cutscene8_0
42acd43dfe9fe764e815e8c58f0b899b:-3394801706605343538	cutscene_swarm.cutscene8_2
42acd43dfe9fe764e815e8c58f0b899b:-5681968010554277572	cutscene_swarm.cutscene8_3
42acd43dfe9fe764e815e8c58f0b899b:-5984779335438508687	cutscene_swarm.cutscene8_0
42acd43dfe9fe764e815e8c58f0b899b:-599079878196644339	cutscene_swarm.cutscene8_6
42acd43dfe9fe764e815e8c58f0b899b:-799965870892777052	cutscene_swarm.cutscene8_7
42acd43dfe9fe764e815e8c58f0b899b:-8004934925965444139	cutscene_swarm.cutscene8_1
42acd43dfe9fe764e815e8c58f0b899b:6151988129214504466	cutscene_swarm.cutscene8_5
42acd43dfe9fe764e815e8c58f0b899b:8127645166782111095	cutscene_swarm.cutscene8_4
43179f0f65584814bb7d7554189ab4f1	walls.decal_3_0
43179f0f65584814bb7d7554189ab4f1:7551386884752527723	walls.decal_3_0
4317da54b38ff1246b9c133f7b81e0cb	zone2.cords2-4_0
4317da54b38ff1246b9c133f7b81e0cb:-3562704978722101090	zone2.cords2-4_0
4322e1679a979b44d9a5e3030145929a	traps_shadows.electro_flap_horizontsl_0
4322e1679a979b44d9a5e3030145929a:-6978414777220182242	traps_shadows.electro_flap_horizontsl_0
4361de64382334f409bf1f8d77254898	bg_barrel.4_3_0
4361de64382334f409bf1f8d77254898:-4703002679941615615	bg_barrel.4_3_0
436f5c5e39de3464bb76c480037fb309	black.silhouette_main_2_2_0
436f5c5e39de3464bb76c480037fb309:-3699328082950530073	black.silhouette_main_2_2_0
439b305c78ed991428b572a6ef8d629b	traps_shadows.sound_trap5_1_0
439b305c78ed991428b572a6ef8d629b:6289753507234749301	traps_shadows.sound_trap5_1_0
439d26e1653b4f64db1f88e4b3a15efa	zone2.heavy_panel44_0
439d26e1653b4f64db1f88e4b3a15efa:-6660227376014330190	zone2.heavy_panel44_0
43b95a6907d2a624f9387264a792bb72	traps_shadows.lightning_halo_0
43b95a6907d2a624f9387264a792bb72:8759550963302033697	traps_shadows.lightning_halo_0
43ea7e740787ef5479faba1cd900c0cb	bg_barrel.3_6_0
43ea7e740787ef5479faba1cd900c0cb:1467626496511557787	bg_barrel.3_6_0
43ea7e740787ef5479faba1cd900c0cb:6026410920195427644	bg_barrel.3_6_1
43f90e953154ac445973f55f74cc0594	walls.panel_brown_underfloor_beam_0
43f90e953154ac445973f55f74cc0594:2443114616406414717	walls.panel_brown_underfloor_beam_0
44011b00343935e4283a62920f20304c	cutscene_swarm.cutscene13_0
44011b00343935e4283a62920f20304c:-7623928259323445271	cutscene_swarm.cutscene13_0
4444da1977edd8748908a4adbc20eb68	walls.hex_orange_0
4444da1977edd8748908a4adbc20eb68:2538811214193023776	walls.hex_orange_0
44510bdbbdd13084dbe40ad35ad84edb	traps_shadows.gradient_intense_rounded_0
44510bdbbdd13084dbe40ad35ad84edb:-8373688942013522700	traps_shadows.gradient_intense_rounded_0
445757c4b4bd17544b5d7eb3f9359578	zone2.light_panel15_0
445757c4b4bd17544b5d7eb3f9359578:6042646235559558920	zone2.light_panel15_0
44a9a45fb11e1df4db46d168f45a9852	warning_signs.flamer_0
44a9a45fb11e1df4db46d168f45a9852:8486212529296720048	warning_signs.flamer_0
44b74f1c4fe967946a5f0e3703ccacc1	walls.decal_5_0
44b74f1c4fe967946a5f0e3703ccacc1:-5493951604932330687	walls.decal_5_0
44c40781ba7bb9c4a84c763d893755d9	zone2.light_panel11_0
44c40781ba7bb9c4a84c763d893755d9:7062029990393101165	zone2.light_panel11_0
44c6dd1dfe1eb9e45b3bbae93d39c4d6	walls.door_street_0
44c6dd1dfe1eb9e45b3bbae93d39c4d6:1079826195857884770	walls.door_street_0
44ea1fe0cc75f0647b4d9ae11c69ef87	black.silhouette_main_4_2_0
44ea1fe0cc75f0647b4d9ae11c69ef87:-3317151697975651862	black.silhouette_main_4_2_0
44eae58f4e070d64b87ec246e08c6cc7	warning_signs.divarication_forward_holography_orange_install_0
44eae58f4e070d64b87ec246e08c6cc7:4170172007683926232	warning_signs.divarication_forward_holography_orange_install_0
44f677de162290148911fcf2041831ac	black.v_black_0
44f677de162290148911fcf2041831ac:5926038635892377623	black.v_black_0
453454744557e2546be536b9a7acc2c2	walls.pipeline_edge_shadow_red_0
453454744557e2546be536b9a7acc2c2:-8581662583349074196	walls.pipeline_edge_shadow_red_0
4575efeab041fb149b2ba97f0f65e71a	zone2.angle_orange2_0
4575efeab041fb149b2ba97f0f65e71a:335068543617172419	zone2.angle_orange2_0
45c85eb10c2785544944677738e62963	zone2.light_panel19_0
45c85eb10c2785544944677738e62963:-4338444462641917882	zone2.light_panel19_0
4639351a618974b4c9fce0bea76f504e	zone2.ventilator25_0
4639351a618974b4c9fce0bea76f504e:7403765791468088289	zone2.ventilator25_0
4640622515ce9864991ea215846efa0b	black.silhouette_main_3_10_0
4640622515ce9864991ea215846efa0b:3028166896192612723	black.silhouette_main_3_10_0
4672882a1bd94df4d9b092a42f6dde20	bg_red_crane.1_1_0
4672882a1bd94df4d9b092a42f6dde20:7549670215292247323	bg_red_crane.1_1_0
4692105f95dad5a499ccd3b887ab70f7	walls.wbsh_support_horizontal_vertical_1_0
4692105f95dad5a499ccd3b887ab70f7:-1181005115577633152	walls.wbsh_support_horizontal_vertical_1_0
46928c6749d0aac42a1a39d29d813f00	traps_shadows.laser_body_0
46928c6749d0aac42a1a39d29d813f00:3819008055742691505	traps_shadows.laser_body_0
46a28884c5fca794c96163a481216941	traps_shadows.black_ball_shine_0
46a28884c5fca794c96163a481216941:5009501338263621014	traps_shadows.black_ball_shine_0
46e0dcafee9ad5b4a96bfc9b9369a0f2	walls.wbth_beam_diagonal_0
46e0dcafee9ad5b4a96bfc9b9369a0f2:-4131245152996251923	walls.wbth_beam_diagonal_0
46f24514809266f4b9dbd2a44c97c0bb	cutscene_swarm.cutscene_monitor1_0
46f24514809266f4b9dbd2a44c97c0bb:-5625698410798782866	cutscene_swarm.cutscene_monitor1_0
46f7e326b342fba4980493466ab99b0b	traps_shadows.swarm_shaft1_0
46f7e326b342fba4980493466ab99b0b:1000517757102086622	traps_shadows.swarm_shaft1_0
4736843dee6171d4c9c8101ce6768563	walls.wb_wide_frame_up_0
4736843dee6171d4c9c8101ce6768563:4942077599989174724	walls.wb_wide_frame_up_0
474382a0323e9c34597ca3120525986e	zone2.light_panel26_0
474382a0323e9c34597ca3120525986e:3611899714129903912	zone2.light_panel26_0
47a13aaec60c63c4ba0ebf2e96e0761a	traps_shadows.flamethrower_1_0
47a13aaec60c63c4ba0ebf2e96e0761a:-1139968167958961913	traps_shadows.flamethrower_1_0
47ab0b5a9838eaf40a58d1d4670437cc	walls.cords_contetnt_0
47ab0b5a9838eaf40a58d1d4670437cc:2207536762510321625	walls.cords_contetnt_0
47ab9b08abd92ba46a61892848161e99	traps_shadows.laser_emitter_underfloor_main_1_0
47ab9b08abd92ba46a61892848161e99:-1313646116451449158	traps_shadows.laser_emitter_underfloor_main_1_0
47bb58dc257a3614b9d9d2a839f156ba	zone2.light_panel34_0
47bb58dc257a3614b9d9d2a839f156ba:2795835863270650088	zone2.light_panel34_0
47d40128a3f2c50459d87ade30fd87c1	zone2.slope14_0
47d40128a3f2c50459d87ade30fd87c1:-3407311141749982985	zone2.slope14_0
480b546e099c60b46a12f8a7334ab22e	lights.z2_1_0
480b546e099c60b46a12f8a7334ab22e:2977096418934077572	lights.z2_1_0
48251608e1116b64894e482606cca325	walls.pipeline_meter_large_green_0
48251608e1116b64894e482606cca325:1882140993302807115	walls.pipeline_meter_large_green_0
4826b677c6ab1e3449e61d63a3c596a9	q_reactor.temperature_0
4826b677c6ab1e3449e61d63a3c596a9:4523778787986346841	q_reactor.temperature_0
48276d01df78abd478c63826d5ced48c	bg_barrel.1_7_0
48276d01df78abd478c63826d5ced48c:3547902973002309043	bg_barrel.1_7_0
48389f34792a4934d8cda08cb9599bc0	walls.decal_4_0
48389f34792a4934d8cda08cb9599bc0:-7142368400460701839	walls.decal_4_0
4877dc3f79051f144bda70645e37fa02	black.silhouette_main_4_4_0
4877dc3f79051f144bda70645e37fa02:-6246599008012141397	black.silhouette_main_4_4_0
48aba1d6b48bc50439b07996dd4c1a7c	zone2.ventilator22_0
48aba1d6b48bc50439b07996dd4c1a7c:-2517807916255066902	zone2.ventilator22_0
48bf11f07f764274699821b740351000	zone2.slope20_0
48bf11f07f764274699821b740351000:7962658470548172397	zone2.slope20_0
48c9d37b55f954a44950b995d91468b3	zone2.slope11_0
48c9d37b55f954a44950b995d91468b3:870925343072589880	zone2.slope11_0
491c45709e05653418bfd3b7462d1440	walls.pipeline_connection_lever_green_0
491c45709e05653418bfd3b7462d1440:1301488537827350761	walls.pipeline_connection_lever_green_0
4946343b8dc47d04cad1a67adfe32068	zone2.slope4_0
4946343b8dc47d04cad1a67adfe32068:-5582633156038849438	zone2.slope4_0
4949091912aabb44ab9fb35a5e0bba37	walls.ww_bend_down_0
4949091912aabb44ab9fb35a5e0bba37:-8929210595900139211	walls.ww_bend_down_0
494e0102cbedbde42819c82a642a666d	walls.pipeline_meter_large_red_0
494e0102cbedbde42819c82a642a666d:8351779671441051423	walls.pipeline_meter_large_red_0
498c929ebc8b6a944abb65bede15ef63	zone2.heavy_panel23_0
498c929ebc8b6a944abb65bede15ef63:1534325576593856936	zone2.heavy_panel23_0
49a17417ccdab6f40a06e0362513f796	black.ceiling_silhouette_2_0
49a17417ccdab6f40a06e0362513f796:-8771891991062044092	black.ceiling_silhouette_2_0
49a492ab4e139e742958716303b4cfaa	zone2.panel_brown1_0
49a492ab4e139e742958716303b4cfaa:7683004078621462898	zone2.panel_brown1_0
49b5267864f7c524093e697cf606fbca	walls.wbsh_tee_2_0
49b5267864f7c524093e697cf606fbca:1069747414859281291	walls.wbsh_tee_2_0
49b65ecf084fafc47be7fe2ebb964db3	zone2.door2_7_0
49b65ecf084fafc47be7fe2ebb964db3:-7597658352044307750	zone2.door2_7_0
49ebb805673c32240b37c270c967ba99	zone2.angle_gray1_0
49ebb805673c32240b37c270c967ba99:-7768880178249448308	zone2.angle_gray1_0
4a03cd64572f87a4cbb4ef88398376dc	walls.ww_corner_down_0
4a03cd64572f87a4cbb4ef88398376dc:-7238184340342560644	walls.ww_corner_down_0
4a15d099c39d161419b7df427e5c8016	bg_barrel.1_6_0
4a15d099c39d161419b7df427e5c8016:-4881416828579272224	bg_barrel.1_6_0
4a1d0bd98d5d17b43b0d146832a050db	warning_signs.laser_holography_orange_0
4a1d0bd98d5d17b43b0d146832a050db:960363862155355452	warning_signs.laser_holography_orange_0
4a24feda8708b1340b5ef8c3e203dc3f	walls.column_white_3_0
4a24feda8708b1340b5ef8c3e203dc3f:-4827068549798317057	walls.column_white_3_0
4a29bfffd6d9b63499b7f28c638df59b	walls.wbsh_beam_3_0
4a29bfffd6d9b63499b7f28c638df59b:9112425030606855420	walls.wbsh_beam_3_0
4a35c085060fa624588d6d6007048d25	walls.pipeline_meter_large_blue_0
4a35c085060fa624588d6d6007048d25:8446236308913294175	walls.pipeline_meter_large_blue_0
4a396e859ab6c054889c94c2d1a95140	cutscene_swarm.cutscene_lamp8_0
4a396e859ab6c054889c94c2d1a95140:-8219769567572922741	cutscene_swarm.cutscene_lamp8_0
4a693e071e0593d47b0147663fbfe109	walls.decal_2_0
4a693e071e0593d47b0147663fbfe109:8010242530078165864	walls.decal_2_0
4a80de9ac808e964787947300e68dd84	zone2.door2_3_0
4a80de9ac808e964787947300e68dd84:7161754418168451584	zone2.door2_3_0
4a84449acf19e7540b1a21c68d75a69d	zone2.8_0
4a84449acf19e7540b1a21c68d75a69d:2141457816194027500	zone2.8_0
4a95326c6d704244185c3fff069ed308	walls.wb_wide_to_narrow_up_0
4a95326c6d704244185c3fff069ed308:-7263360866107091983	walls.wb_wide_to_narrow_up_0
4acb784a9aaf09b408c4b65ac9f6b731	zone2.manipulator10_0
4acb784a9aaf09b408c4b65ac9f6b731:9090126205961716716	zone2.manipulator10_0
4ad32faae6d07f745be78b2f75730a22	traps_shadows.swarm_shaft1_0
4ad32faae6d07f745be78b2f75730a22:1000517757102086622	traps_shadows.swarm_shaft1_0
4b0bcf487c633f74eab9539d53a1070b	cutscene_swarm.cutscene_monitor5_0
4b0bcf487c633f74eab9539d53a1070b:2007682288963196575	cutscene_swarm.cutscene_monitor5_0
4b20752fdf629ea47a441b4866e08d0e	zone2.manipulator8_0
4b20752fdf629ea47a441b4866e08d0e:8973022210457935538	zone2.manipulator8_0
4b2682139b9c95c41b8f356349bc65ff	walls.wb_wide_frame_down_0
4b2682139b9c95c41b8f356349bc65ff:3983567053887345128	walls.wb_wide_frame_down_0
4b576914ea274944e9222e2e894d012b	black.obstacle_1_1_0
4b576914ea274944e9222e2e894d012b:-2304158832646345197	black.obstacle_1_1_0
4b5a9a4880a84df43ac64a1f6614d307	cutscene_swarm.cutscene_monitor8_0
4b5a9a4880a84df43ac64a1f6614d307:2019429100211245476	cutscene_swarm.cutscene_monitor8_0
4b63fbbcae6429c47bc39160f79d7ab1	bg_red_crane.2_3_0
4b63fbbcae6429c47bc39160f79d7ab1:-423743865722648693	bg_red_crane.2_3_0
4b950562d6f030e4688e565a5405f0a8	black.angle_simple_0
4b950562d6f030e4688e565a5405f0a8:-5545435192928563785	black.angle_simple_0
4bb4bb1e1a0700a428e2f191da877587	traps_seq.mine_blink_3_0
4bb4bb1e1a0700a428e2f191da877587:-9170389657299512954	traps_seq.mine_blink_3_0
4bb4e88a36d18d34aba39129147d2a5d	q_scanner.7_0
4bb4e88a36d18d34aba39129147d2a5d:-7210053316088515944	q_scanner.7_0
4bb4e88a36d18d34aba39129147d2a5d:4138219451115632127	q_scanner.7_1
4bc8df5d90c7a7047a2b6e4fef956c26	traps_shadows.flamethrower_vertical_0
4bc8df5d90c7a7047a2b6e4fef956c26:5433140462342250575	traps_shadows.flamethrower_vertical_0
4bd2093e4e427374e96f345ca3f16228	zone2.ventilator5_0
4bd2093e4e427374e96f345ca3f16228:5664331157552875144	zone2.ventilator5_0
4bd619904a2b2e14f937b48b291c8e90	zone2.trough_brown_0
4bd619904a2b2e14f937b48b291c8e90:-4797494145985206257	zone2.trough_brown_0
4bd8c786a27394249bbe1936a33faa13	black.angle_45_2_rounded_512x512_simple_0
4bd8c786a27394249bbe1936a33faa13:-8478591983578927162	black.angle_45_2_rounded_512x512_simple_0
4bde46e2d0c8b494ab8396f2f26b2f06	lights.lamp_bg_yellow_grad_center_2x32_0
4bde46e2d0c8b494ab8396f2f26b2f06:-1160653200731074228	lights.lamp_bg_yellow_grad_center_2x32_0
4c29ea9be982ed94db31f144f333a17f	bg_barrel.2_1_0
4c29ea9be982ed94db31f144f333a17f:-682377845786798195	bg_barrel.2_1_0
4c39150e2baa64b47802ffcbdd412b07	q_reactor.extra_temperature_0
4c39150e2baa64b47802ffcbdd412b07:-7828947106342300672	q_reactor.extra_temperature_0
4c4acc4078a32584c9e5006c0d44265d	stunts_run.track_trick_dashvault_0
4c4acc4078a32584c9e5006c0d44265d:740965230675630058	stunts_run.track_trick_dashvault_0
4c50fe1814303e04fbac29e03ec43491	zone2.heavy_panel7_0
4c50fe1814303e04fbac29e03ec43491:1640453485593560780	zone2.heavy_panel7_0
4c89b47e5e3e3cf4fa5604bed5569646	zone2.ventilator22_0
4c89b47e5e3e3cf4fa5604bed5569646:-2517807916255066902	zone2.ventilator22_0
4c9b2da1d9bbca14eb831cc78193ba25	zone2.heavy_panel29_0
4c9b2da1d9bbca14eb831cc78193ba25:-4318728475580153490	zone2.heavy_panel29_0
4ccd7f4b15e4d764eb9986e62222cebd	black.lab_corner_2_simple_0
4ccd7f4b15e4d764eb9986e62222cebd:2324317057294192844	black.lab_corner_2_simple_0
4cf24b7ce00ed3d409424f79b6dfd130	cutscene_swarm.cutscene_monitor3_0
4cf24b7ce00ed3d409424f79b6dfd130:-2787451039983925988	cutscene_swarm.cutscene_monitor3_0
4cf76412eb0d3224cb1eb1f4a6c5bfc1	cutscene_swarm.cutscene3_0
4cf76412eb0d3224cb1eb1f4a6c5bfc1:-3211990248059315607	cutscene_swarm.cutscene3_0
4d07b3700fa0edf46ab6c65c41a79ae6	traps_shadows.laser_halo_floor_0
4d07b3700fa0edf46ab6c65c41a79ae6:-7684677322421304039	traps_shadows.laser_halo_floor_0
4d1ae0c08a5c74e44afabde7c4ad5fb1	zone2.edge_brown5_0
4d1ae0c08a5c74e44afabde7c4ad5fb1:1313694575140410234	zone2.edge_brown5_0
4d323f5acd45c2545bd75b9be9ef8093	electric_factory_2.plan_6-3_0
4d323f5acd45c2545bd75b9be9ef8093:-4023661330876309262	electric_factory_2.plan_6-3_0
4d5a9e869ab420f4c91e393d0e4d28f6	zone2.light_panel14_0
4d5a9e869ab420f4c91e393d0e4d28f6:-8288370444459094100	zone2.light_panel14_0
4dc5c18dd5343c549aa75c0be5d91e82	zone2.heavy_panel18_0
4dc5c18dd5343c549aa75c0be5d91e82:-4904758353649435808	zone2.heavy_panel18_0
4df619202637c734cbde73929d825213	traps_shadows.electro_horizontal_0
4df619202637c734cbde73929d825213:-8800020187443365311	traps_shadows.electro_horizontal_0
4dfc79646df68c043a9bafd59dd92dc6	zone2.ventilator21_0
4dfc79646df68c043a9bafd59dd92dc6:-7070653628586164785	zone2.ventilator21_0
4e01f5db8834fa445a509b746f3b34e9	black.silhouette_main_3_6_0
4e01f5db8834fa445a509b746f3b34e9:8132987137250779492	black.silhouette_main_3_6_0
4e1d872d55ef63844804188b1b35dd96	walls.panel_red_underfloor_support_upper_0
4e1d872d55ef63844804188b1b35dd96:-1927626321536467946	walls.panel_red_underfloor_support_upper_0
4e1f89f7d04f8f54982e4ad98932155e	bg_red_crane.1_6_0
4e1f89f7d04f8f54982e4ad98932155e:6320911701506052728	bg_red_crane.1_6_0
4e22b6dc0f08b56458823cd6c1a6f4a2	far_city.plan_4_7_0
4e22b6dc0f08b56458823cd6c1a6f4a2:4662366953711570653	far_city.plan_4_7_0
4e4f38bae094b3b47af0ebb1b264344a	bg_communication.2_3_0
4e4f38bae094b3b47af0ebb1b264344a:-8205187932948369095	bg_communication.2_3_0
4e65401b9c7d3734ab7d3268c6f15a4d	zone2.manipulator6_0
4e65401b9c7d3734ab7d3268c6f15a4d:7663684267151903609	zone2.manipulator6_0
4e78dccc600d5df448f643273a3740cc	blue_crystal_lab.plan_2_3_0
4e78dccc600d5df448f643273a3740cc:-7705264713530216263	blue_crystal_lab.plan_2_3_0
4e7b83b3c61b13a4f985da9b67bb91ba	far_city.plan_5_2_0
4e7b83b3c61b13a4f985da9b67bb91ba:2908718273548167203	far_city.plan_5_2_1
4e7b83b3c61b13a4f985da9b67bb91ba:6407940022745202683	far_city.plan_5_2_3
4e7b83b3c61b13a4f985da9b67bb91ba:6883599295684773855	far_city.plan_5_2_0
4e7b83b3c61b13a4f985da9b67bb91ba:9089660064642689929	far_city.plan_5_2_2
4e864d5949e576244af82afa25e60e9b	walls.pipeline_pipeline_a24_red_0
4e864d5949e576244af82afa25e60e9b:-2625638504471507034	walls.pipeline_pipeline_a24_red_4
4e864d5949e576244af82afa25e60e9b:-3450243296761977290	walls.pipeline_pipeline_a24_red_0
4e864d5949e576244af82afa25e60e9b:-3889091546352181673	walls.pipeline_pipeline_a24_red_7
4e864d5949e576244af82afa25e60e9b:-4635989024982856439	walls.pipeline_pipeline_a24_red_5
4e864d5949e576244af82afa25e60e9b:-6938611413290837820	walls.pipeline_pipeline_a24_red_3
4e864d5949e576244af82afa25e60e9b:-7221539057111945309	walls.pipeline_pipeline_a24_red_1
4e864d5949e576244af82afa25e60e9b:-739809256872268128	walls.pipeline_pipeline_a24_red_8
4e864d5949e576244af82afa25e60e9b:-7617056017812813985	walls.pipeline_pipeline_a24_red_6
4e864d5949e576244af82afa25e60e9b:2065224819059750062	walls.pipeline_pipeline_a24_red_2
4e8774e3cf1ab4549af1a53faf88bf53	q_scanner.3_0
4e8774e3cf1ab4549af1a53faf88bf53:5496216535463511202	q_scanner.3_0
4ea214d163b34cc428b0a8d5cbf885d1	black.silhouette_main_1_6_0
4ea214d163b34cc428b0a8d5cbf885d1:-863384973708192924	black.silhouette_main_1_6_0
4ecd5b29043940c4daed3e1f164b96b0	q_powernode.8_0
4ecd5b29043940c4daed3e1f164b96b0:4797198246547787846	q_powernode.8_0
4ed68db6ee32a924ba813763da16311f	traps_shadows.banner_2_main_0
4ed68db6ee32a924ba813763da16311f:3875400708479138860	traps_shadows.banner_2_main_0
4f3ac62b6151ec645a02399fe074d6a5	zone2.edge_gray1_0
4f3ac62b6151ec645a02399fe074d6a5:1802706033366098343	zone2.edge_gray1_0
4f57e974834dca44b837ecc302cc04d5	zone2.edge_orange3_0
4f57e974834dca44b837ecc302cc04d5:-5585125860237919753	zone2.edge_orange3_0
4f7fd520af6dde543a0f763f15107921	black.silhouette_main_3_6_0
4f7fd520af6dde543a0f763f15107921:8132987137250779492	black.silhouette_main_3_6_0
4f9cfa4251e05b5498997aa26fb68076	black.angle_0
4f9cfa4251e05b5498997aa26fb68076:-573672902365019695	black.angle_0
4fa14c6718c30be4fb77c2e595263dab	cutscene_swarm.cutscene4_0
4fa14c6718c30be4fb77c2e595263dab:1499772904386762396	cutscene_swarm.cutscene4_0
4fb85762831770d45b31e23a093582d9	zone2.scratch2_0
4fb85762831770d45b31e23a093582d9:-5604694524772139259	zone2.scratch2_7
4fb85762831770d45b31e23a093582d9:-8301174551123287788	zone2.scratch2_0
4fb85762831770d45b31e23a093582d9:1142570546029948196	zone2.scratch2_4
4fb85762831770d45b31e23a093582d9:2974344579940316857	zone2.scratch2_3
4fb85762831770d45b31e23a093582d9:3246306618951633407	zone2.scratch2_5
4fb85762831770d45b31e23a093582d9:4265652546678017601	zone2.scratch2_6
4fb85762831770d45b31e23a093582d9:7463630923451622559	zone2.scratch2_2
4fb85762831770d45b31e23a093582d9:801117174774387561	zone2.scratch2_1
4fd5235cfdb72da4a888bbd83c0bbb40	black.slope_2_1_0
4fd5235cfdb72da4a888bbd83c0bbb40:-7656897674371232005	black.slope_2_1_0
50458908f78e15a4588c6604f9f87fb5	black.slope_1_3_0
50458908f78e15a4588c6604f9f87fb5:-5820533224585409940	black.slope_1_3_0
506049f59060a974a891f80464ca6330	walls.wbth_support_up_0
506049f59060a974a891f80464ca6330:-3331958450176919581	walls.wbth_support_up_0
5064f72f462578b4fb2872b9b675ab1c	zone2.heavy_panel43_0
5064f72f462578b4fb2872b9b675ab1c:-8000899874523679559	zone2.heavy_panel43_0
5066c646c6b2a204f82f1e6bf1082e08	zone2.light_panel1_0
5066c646c6b2a204f82f1e6bf1082e08:-1096619405430434007	zone2.light_panel1_0
5067550380a00d843ac961299a3557e5	zone2.manipulator5_0
5067550380a00d843ac961299a3557e5:6464727635190656820	zone2.manipulator5_0
506b00c6c4d83ae40a0046555049e1c4	zone2.manipulator9_0
506b00c6c4d83ae40a0046555049e1c4:-7942568873664406843	zone2.manipulator9_0
507a0f8f5fed89b4d91be7746ca0255a	black.angle_3_rounded_0
507a0f8f5fed89b4d91be7746ca0255a:-2866145368151006968	black.angle_3_rounded_0
50abd8033f1b5f848952eed755c701b6	cutscene_swarm.cutscene_lamp_on5_0
50abd8033f1b5f848952eed755c701b6:1802631471014771638	cutscene_swarm.cutscene_lamp_on5_0
50d6a8525deb6da4cb4b94e2ed904208	black.barrel_3_0
50d6a8525deb6da4cb4b94e2ed904208:-2660714910125825885	black.barrel_3_0
50de488b7d7f17948a72f9bbcb442090	walls.holographic_interface_bg_red_quart_0
50de488b7d7f17948a72f9bbcb442090:8836058194729862737	walls.holographic_interface_bg_red_quart_0
513ca5f403e63c848898b44f442c5103	bg_red_crane.1_11_0
513ca5f403e63c848898b44f442c5103:9007461799309987950	bg_red_crane.1_11_0
514335bec54480b4f86f377b3a56d75a	traps_shadows.banner_2_top_0
514335bec54480b4f86f377b3a56d75a:5359612061320694312	traps_shadows.banner_2_top_0
51690bd28965ec04d9fc74dd142b3f72	electric_factory_1.plan_3-2_0
51690bd28965ec04d9fc74dd142b3f72:8181054714158973507	electric_factory_1.plan_3-2_0
518bfd6fb5deff04cad4e14a6ea8958d	walls.decal_0_0
518bfd6fb5deff04cad4e14a6ea8958d:8344153342684033020	walls.decal_0_0
51b6eccd925af074181f1406f0ff3386	walls.ws_electroball_0
51b6eccd925af074181f1406f0ff3386:-4890627579956282112	walls.ws_electroball_0
51cbc6eee62925942ae715aa35fd7529	black.silhouette_main_4_1_0
51cbc6eee62925942ae715aa35fd7529:-2155540925968146675	black.silhouette_main_4_1_0
51d21dfd9496deb48a58f50f72167ad9	bg_red_crane.1_9_0
51d21dfd9496deb48a58f50f72167ad9:6340563961646001209	bg_red_crane.1_9_0
51e42342acbff9144a6c40a51bdb4ac5	traps_shadows.triple_bomb6_0
51e42342acbff9144a6c40a51bdb4ac5:-9066479029389731904	traps_shadows.triple_bomb6_0
52423f3ac5c4d9544b1d1ac848902d34	zone2.light_panel9_0
52423f3ac5c4d9544b1d1ac848902d34:-4459792686105936579	zone2.light_panel9_0
527f6796a9ef3264abf3abb17e5999fb	black.slope_4_3_0
527f6796a9ef3264abf3abb17e5999fb:8750570804887841968	black.slope_4_3_0
529caf058842bd846bb7bcf33c1ebee3	black.silhouette_main_4_5_0
529caf058842bd846bb7bcf33c1ebee3:-6177802741602900666	black.silhouette_main_4_5_0
529d32ac40af9684088473278e775797	traps_shadows.sound_trap4_0
529d32ac40af9684088473278e775797:4174736662121133190	traps_shadows.sound_trap4_0
52ad1cc9513fbdb4298e7dd40f553eb9	q_scanner_terminal.1_0
52ad1cc9513fbdb4298e7dd40f553eb9:-3380695348086471826	q_scanner_terminal.1_0
52b47cb6ed008bb49a4cbd2e50eaade8	black.silhouette_main_1_5_0
52b47cb6ed008bb49a4cbd2e50eaade8:-428499334631137212	black.silhouette_main_1_5_0
52b839bc778e1ff43bbcc0baa585ee46	zone2.light_panel18_0
52b839bc778e1ff43bbcc0baa585ee46:2038601220531225364	zone2.light_panel18_0
52c080098147702468357cedc048cffd	zone2.flap_orange_up2_0
52c080098147702468357cedc048cffd:-1974755452695576627	zone2.flap_orange_up2_0
52cb39e923bfd864c881a484a3824baf	q_scanner_terminal.3_0
52cb39e923bfd864c881a484a3824baf:4689587608015259669	q_scanner_terminal.3_0
532b92b4069890a4195e3ae217ea13a0	zone2.heavy_panel48_0
532b92b4069890a4195e3ae217ea13a0:-5951077378373607391	zone2.heavy_panel48_0
532c7354a189bc741b99daf1f8f82ffa	q_scanner.1_0
532c7354a189bc741b99daf1f8f82ffa:833563552987608990	q_scanner.1_0
533d492c1ff0efd4d8230b438f08d54d	stunts_run.track_trick_doubleback_0
533d492c1ff0efd4d8230b438f08d54d:-3494383752352372399	stunts_run.track_trick_doubleback_0
533d492c1ff0efd4d8230b438f08d54d:-7770027597475910	stunts_run.track_trick_doubleback_1
533d492c1ff0efd4d8230b438f08d54d:426208314571965883	stunts_run.track_trick_doubleback_2
5372605f5fc8bbd4ab949b1916d2af72	zone2.darkness_switch5_0
5372605f5fc8bbd4ab949b1916d2af72:-922343630406661111	zone2.darkness_switch5_0
538dd9c4eda3dce4b8b608f0ce44a458	zone2.edge_brown2_0
538dd9c4eda3dce4b8b608f0ce44a458:2263362221140307932	zone2.edge_brown2_0
538eb938fc785f54c8430e5d4dc27295	black.obstacle_3_1_0
538eb938fc785f54c8430e5d4dc27295:-332130128233113247	black.obstacle_3_1_0
539c4f184dc71fb41bae1b8875930049	walls.holographic_interface_bg_blue_quart_0
539c4f184dc71fb41bae1b8875930049:-5966348591799532795	walls.holographic_interface_bg_blue_quart_0
53aad3eae94a2d14b8c12f0dbbd4099d	zone2.manipulator4_0
53aad3eae94a2d14b8c12f0dbbd4099d:-5246945994945098233	zone2.manipulator4_0
53cd07f8b672b0d4cb7371a62db0e6fd	walls.panel_red_underfloor_lightweight_0
53cd07f8b672b0d4cb7371a62db0e6fd:7950905685888889410	walls.panel_red_underfloor_lightweight_0
53cd238c55509174c9285f314449ec05	zone2.ventilator11_0
53cd238c55509174c9285f314449ec05:6760863742939941015	zone2.ventilator11_0
53ce255a831a7d54f83710431108f855	zone2.light_panel6_0
53ce255a831a7d54f83710431108f855:5786226728494661295	zone2.light_panel6_0
53dd901d942da9a4992fe2e39b164793	traps_shadows.laser_emitter_underfloor_main_1_0
53dd901d942da9a4992fe2e39b164793:-1313646116451449158	traps_shadows.laser_emitter_underfloor_main_1_0
540d338bc88c38e4494baf3fba97451d	walls.wbsh_horizontal_down_0
540d338bc88c38e4494baf3fba97451d:7490778049167869319	walls.wbsh_horizontal_down_0
541334b2469a6184c906b67438ede444	zone2.ventilator15_0
541334b2469a6184c906b67438ede444:-6970982920739096591	zone2.ventilator15_0
542af38d6808fc24a8a3bf77c095b782	memory_terminal.3_0
542af38d6808fc24a8a3bf77c095b782:6703112766509595725	memory_terminal.3_0
54386571bcf3d484aacf46291f50a5e2	walls.cords_connection_0
54386571bcf3d484aacf46291f50a5e2:171488682858003238	walls.cords_connection_0
545e4a764a229da4696b3272651caa92	traps_shadows.flamethrowe_horizontal_on2_0
545e4a764a229da4696b3272651caa92:-444263242738992480	traps_shadows.flamethrowe_horizontal_on2_0
546d567c35d62dd4d9d2ac4f59452a91	blue_crystal_lab.plan_2_4_0
546d567c35d62dd4d9d2ac4f59452a91:6406610639637602936	blue_crystal_lab.plan_2_4_0
5498c35f702be1940a3793b9abaf4c97	walls.ws_divarication_up_down_0
5498c35f702be1940a3793b9abaf4c97:-228298065401663884	walls.ws_divarication_up_down_0
54a199a7a8304c34482eeb8ffb5190c6	lights.lamp_bg_blue_grad_edge_128x32_0
54a199a7a8304c34482eeb8ffb5190c6:2654089340647782068	lights.lamp_bg_blue_grad_edge_128x32_0
550b015fded263241a02be56e52ddbd2	traps_shadows.flamethrower_6_0
550b015fded263241a02be56e52ddbd2:-1461052621629405421	traps_shadows.flamethrower_6_0
551253b83dc6f9444bf114b143fe2580	walls.decal_7_0
551253b83dc6f9444bf114b143fe2580:6624574656218479189	walls.decal_7_0
55389e05d69c6e041a116b8c38096576	zone2.heavy_panel41_0
55389e05d69c6e041a116b8c38096576:-2371038580921743474	zone2.heavy_panel41_0
55bf4af619988a84ea381c5f618ef05e	stunts_run.track_trick_slowspin_0
55bf4af619988a84ea381c5f618ef05e:2786421603717436326	stunts_run.track_trick_slowspin_0
55d82eb77d3a12e429818a1ad74b71d6	metal_pillars.plan_3_0
55d82eb77d3a12e429818a1ad74b71d6:-5085846666146740211	metal_pillars.plan_3_1
55d82eb77d3a12e429818a1ad74b71d6:-9207931282191698623	metal_pillars.plan_3_0
55d82eb77d3a12e429818a1ad74b71d6:7855778587963025793	metal_pillars.plan_3_3
55d82eb77d3a12e429818a1ad74b71d6:934801455147430214	metal_pillars.plan_3_2
5664d5df09fac9e4f940c23643046c10	traps_shadows.mine_pillar9_0
5664d5df09fac9e4f940c23643046c10:476502564840664778	traps_shadows.mine_pillar9_0
568119e08c9e61544b178ffee2608a7e	zone2.door2_14_0
568119e08c9e61544b178ffee2608a7e:4513797692727333448	zone2.door2_14_0
56ae59e7ee361fd49aa2dcfe2b190f83	lights.lamp_bg_yellow_foundation_center_2x8_0
56ae59e7ee361fd49aa2dcfe2b190f83:-7111150142195479542	lights.lamp_bg_yellow_foundation_center_2x8_0
56c416e00992cfa4987934d791e04c68	bg_communication.2_1_0
56c416e00992cfa4987934d791e04c68:2411787063075260213	bg_communication.2_1_0
56e36575581574d43a639f90209e12ff	walls.pipeline_meter_small_red_0
56e36575581574d43a639f90209e12ff:-6746055342148622108	walls.pipeline_meter_small_red_0
56e6ebc1f7e75b44cb624aa74ba1aea9	blue_crystal_lab.plan_3_0
56e6ebc1f7e75b44cb624aa74ba1aea9:-565936082483510384	blue_crystal_lab.plan_3_0
56ec0bd9fbbceb146a6f836445212f57	actives.teleport_0
56ec0bd9fbbceb146a6f836445212f57:-8907802066145815571	actives.teleport_0
56f64a5e32d62ce4a9a4bf150d811719	traps_shadows.laser_halo_0
56f64a5e32d62ce4a9a4bf150d811719:-9119608612262643376	traps_shadows.laser_halo_0
5709fac71f123394eb4c94858e492f32	walls.panel_blue_underfloor_lower_0
5709fac71f123394eb4c94858e492f32:-4747831833145119487	walls.panel_blue_underfloor_lower_0
574ec33f22510074bbc16076f2ef1326	metal_pillars.plan_4_3_0
574ec33f22510074bbc16076f2ef1326:3826340085272737365	metal_pillars.plan_4_3_0
5752493563d5e8a40b1d43f8f81db2fd	black.press_1_2_0
5752493563d5e8a40b1d43f8f81db2fd:-7701499209000406245	black.press_1_2_0
5794b68cf3e1a4d41817b5e4875e7379	walls.ww_corner_up_0
5794b68cf3e1a4d41817b5e4875e7379:-732446097864717106	walls.ww_corner_up_0
579f8f38f3a311e4d9b531730eab86c7	warning_signs.triplebomb_0
579f8f38f3a311e4d9b531730eab86c7:-1129288104081048394	warning_signs.triplebomb_0
57f925911cffdb64ba7df7dd4ac82903	far_city.plan_3_2_0
57f925911cffdb64ba7df7dd4ac82903:6038094555222320773	far_city.plan_3_2_0
58082bdac91be7345810bf10323fa862	stunts_run.track_trick_diveroll_0
58082bdac91be7345810bf10323fa862:-8207764798837168437	stunts_run.track_trick_diveroll_1
58082bdac91be7345810bf10323fa862:-8604308957375118366	stunts_run.track_trick_diveroll_0
586b91a86b587d943831f66d9744d570	black.tank_1_0
586b91a86b587d943831f66d9744d570:-7684957547709906420	black.tank_1_0
588c6526ae1925d4e8cadf16bc8ead57	q_server.server11_0
588c6526ae1925d4e8cadf16bc8ead57:9061057544276723949	q_server.server11_0
58a3f373dd89b514b862e4c38823e215	metal_pillars.plan_4_2_0
58a3f373dd89b514b862e4c38823e215:-676938195867983965	metal_pillars.plan_4_2_0
58a3f373dd89b514b862e4c38823e215:4169819861750520516	metal_pillars.plan_4_2_2
58a3f373dd89b514b862e4c38823e215:7593509737988510704	metal_pillars.plan_4_2_1
58a62ea7b24286b47bc8c9644716be94	walls.wbsh_horizontal_down_0
58a62ea7b24286b47bc8c9644716be94:7490778049167869319	walls.wbsh_horizontal_down_0
58b728d3ae4e9404a9850634938a9417	black.silhouette_main_3_7_0
58b728d3ae4e9404a9850634938a9417:8722192096446799345	black.silhouette_main_3_7_0
58c4c61b2e5d14a43bcad0816d8d91b6	walls.ww_frame_vertical_0
58c4c61b2e5d14a43bcad0816d8d91b6:-8115616488832914058	walls.ww_frame_vertical_0
58f6e2a49bb1b1347815d02386e8c967	stunts_run.track_trick_kingkongjump_0
58f6e2a49bb1b1347815d02386e8c967:3202480341390549473	stunts_run.track_trick_kingkongjump_0
58fff399d6b97b44998b3aa1b15c62b9	cutscene_swarm.cutscene_lamp_on6_0
58fff399d6b97b44998b3aa1b15c62b9:2475189853711810546	cutscene_swarm.cutscene_lamp_on6_0
5900504cdec6eb94d98a6e44f43c791d	zone2.light_panel17_0
5900504cdec6eb94d98a6e44f43c791d:9011709794724740764	zone2.light_panel17_0
5911ba143decbf04ca9d468046a4237c	zone2.lamp_yellow2_0
5911ba143decbf04ca9d468046a4237c:6950847796481572460	zone2.lamp_yellow2_0
5928090872f31e048b764ad4d6e4f3a2	zone2.heavy_panel6_0
5928090872f31e048b764ad4d6e4f3a2:-7097823671910320631	zone2.heavy_panel6_0
5935ac89d4c148f42b9919b5c0093239	cutscene_swarm.cutscene12_0
5935ac89d4c148f42b9919b5c0093239:4471577154181528571	cutscene_swarm.cutscene12_0
593667eb3be17a54c81cf88c76574ee5	lights.z2_1_0
593667eb3be17a54c81cf88c76574ee5:2977096418934077572	lights.z2_1_0
5955af04139a87244801ab06d40403f4	black.angle_45_1_rounded_512x512_simple_0
5955af04139a87244801ab06d40403f4:3833705408236569510	black.angle_45_1_rounded_512x512_simple_0
596a56067df9a74479d7d3d183662dfa	stunts_run.track_trick_jumptumble_0
596a56067df9a74479d7d3d183662dfa:7432497708062172872	stunts_run.track_trick_jumptumble_0
59845104c0b7c944d9237b3c65f0f73f	walls.pipeline_divarication_green_0
59845104c0b7c944d9237b3c65f0f73f:4826311938699761827	walls.pipeline_divarication_green_0
59998aa616d609940836e5e51c7b08c4	zone2.heavy_panel39_0
59998aa616d609940836e5e51c7b08c4:-1773616116523978455	zone2.heavy_panel39_0
599e3eb784f83a24087cac7d20f89fca	stunts_run.track_trick_barjump_0
599e3eb784f83a24087cac7d20f89fca:-2274937777604380506	stunts_run.track_trick_barjump_1
599e3eb784f83a24087cac7d20f89fca:8939962293137524609	stunts_run.track_trick_barjump_0
59dfbdcd7c631e543a661538eb4c2079	walls.decal_level_0
59dfbdcd7c631e543a661538eb4c2079:-2679659928307232242	walls.decal_level_4
59dfbdcd7c631e543a661538eb4c2079:-3210171946132687592	walls.decal_level_2
59dfbdcd7c631e543a661538eb4c2079:-3854439165224908489	walls.decal_level_3
59dfbdcd7c631e543a661538eb4c2079:-6991885020483562810	walls.decal_level_1
59dfbdcd7c631e543a661538eb4c2079:8728423274779086623	walls.decal_level_0
59f6b13146684714bb1649145314d7a5	zone2.cords2-2_0
59f6b13146684714bb1649145314d7a5:-7248845182871267894	zone2.cords2-2_0
5a8e9bb74f31d7b4cba8841b5a6b227d	traps_shadows.flamethrower_2_0
5a8e9bb74f31d7b4cba8841b5a6b227d:507490270875773978	traps_shadows.flamethrower_2_0
5aa7da00d1ab7e94bac50672da32b931	lights.lamp_bg_red_grad_center_2x32_0
5aa7da00d1ab7e94bac50672da32b931:8562340319055543937	lights.lamp_bg_red_grad_center_2x32_0
5aae4270d5e5a9c4993cf3d2ca10c5c6	traps_shadows.laser_halo_0
5aae4270d5e5a9c4993cf3d2ca10c5c6:-9119608612262643376	traps_shadows.laser_halo_0
5abda35026db9b5478e472760e7446d6	zone2.heavy_panel57_0
5abda35026db9b5478e472760e7446d6:3245851034378422079	zone2.heavy_panel57_0
5ac866eec22906046a759b59c0945abc	zone2.11_0
5ac866eec22906046a759b59c0945abc:-1912005576379972810	zone2.11_0
5accf659d63c0c34383970e5b9a5f51f	q_scanner_terminal.server3_0
5accf659d63c0c34383970e5b9a5f51f:-1678292006171481416	q_scanner_terminal.server3_0
5b200190e02f5e844bb644bab06549ea	memory_terminal.5_0
5b200190e02f5e844bb644bab06549ea:-7201995953934600364	memory_terminal.5_0
5b71e239e220ce443b1d73aa62bc6ff0	zone2.darkness_switch8_0
5b71e239e220ce443b1d73aa62bc6ff0:-4344538440757976138	zone2.darkness_switch8_2
5b71e239e220ce443b1d73aa62bc6ff0:-6469783155663121147	zone2.darkness_switch8_0
5b71e239e220ce443b1d73aa62bc6ff0:-8380875781073433475	zone2.darkness_switch8_1
5b72303430cf0a54ba7659d0f5dd98b5	q_scanner_terminal.2_0
5b72303430cf0a54ba7659d0f5dd98b5:-8036251904340591893	q_scanner_terminal.2_0
5b986a54fa3f5244ba47a5862f6863fb	warning_signs.digit_2_0
5b986a54fa3f5244ba47a5862f6863fb:-7751467250520741208	warning_signs.digit_2_0
5ba32efcb93c8a3498f368611b7d7724	lights.lamp_bg_green_foundation_center_2x8_0
5ba32efcb93c8a3498f368611b7d7724:-4295915964696832453	lights.lamp_bg_green_foundation_center_2x8_0
5bcc5757d9ee99f41833042f09ddc4f9	q_scanner.9_0
5bcc5757d9ee99f41833042f09ddc4f9:-3006347861261401626	q_scanner.9_0
5bf939eefb3385d4594446560eafc923	lights.lamp_v_white_0
5bf939eefb3385d4594446560eafc923:-5305475441819809834	lights.lamp_v_white_0
5c0241c0f2dba3f45820dbeb987208c6	cutscene_swarm.cutscene_lamp4_0
5c0241c0f2dba3f45820dbeb987208c6:-7782221326719985217	cutscene_swarm.cutscene_lamp4_2
5c0241c0f2dba3f45820dbeb987208c6:-8448352591258136556	cutscene_swarm.cutscene_lamp4_0
5c0241c0f2dba3f45820dbeb987208c6:5761588511454727643	cutscene_swarm.cutscene_lamp4_1
5c4199c148f76474e8dae992fcf66300	walls.ww_frame_up_0
5c4199c148f76474e8dae992fcf66300:8980276850153948685	walls.ww_frame_up_0
5c58411894e93ce47b4c62886d808bd4	black.tank_hooped_1_1_0
5c58411894e93ce47b4c62886d808bd4:-8966518118796403758	black.tank_hooped_1_1_0
5c84e1c5e405cd746876898d26291ac1	black.silhouette_main_2_1_0
5c84e1c5e405cd746876898d26291ac1:8773800587400822465	black.silhouette_main_2_1_0
5c854d4a6114fc14f8bf416fd74bfd0f	q_scanner.5_0
5c854d4a6114fc14f8bf416fd74bfd0f:-6801728344682138468	q_scanner.5_0
5c94437dd6b3cb44e86bc950aa3837ec	bg_red_crane.2_2_0
5c94437dd6b3cb44e86bc950aa3837ec:-8214678171995981432	bg_red_crane.2_2_0
5c9dc223fb311944db8f56db04ac349c	q_fuzesocket.4_0
5c9dc223fb311944db8f56db04ac349c:-429561742685570474	q_fuzesocket.4_0
5cbd98dacbcbfb24599ca2bbf3b8b18b	walls.panel_brown_underfloor_support_upper_0
5cbd98dacbcbfb24599ca2bbf3b8b18b:-2583214998003628118	walls.panel_brown_underfloor_support_upper_0
5cddedf8b26b2f749a3478c93de90600	q_server.server1_0
5cddedf8b26b2f749a3478c93de90600:-5109346819667908226	q_server.server1_0
5cde7fc159518b748b1e5bcee19f76b6	bg_red_crane.1_2_0
5cde7fc159518b748b1e5bcee19f76b6:2394904943701790157	bg_red_crane.1_2_0
5ce82fde4f248f643af9a5d5506f228a	traps_shadows.black_ball_flap_0
5ce82fde4f248f643af9a5d5506f228a:-950203821134582320	traps_shadows.black_ball_flap_0
5cece477ff6df844c90649902323be38	traps_seq.mine_blink_7_0
5cece477ff6df844c90649902323be38:3868173053637381761	traps_seq.mine_blink_7_0
5d03a4c956ca7f54781fcc2fe11f51cc	traps_shadows.emitter_soaring_wing_shining_1_0
5d03a4c956ca7f54781fcc2fe11f51cc:8132929286202917805	traps_shadows.emitter_soaring_wing_shining_1_0
5d19e907e91c4934990bb1ac83772101	zone2.heavy_panel11_0
5d19e907e91c4934990bb1ac83772101:5843363368455439521	zone2.heavy_panel11_0
5d207e1d558004f4ab68666f7dd0fb72	q_scanner_terminal.server7_0
5d207e1d558004f4ab68666f7dd0fb72:697094220776366575	q_scanner_terminal.server7_0
5d58afe70fbca78409e82183aaecf9ef	bg_barrel.2_4_0
5d58afe70fbca78409e82183aaecf9ef:-1130097132748612397	bg_barrel.2_4_0
5d688996a0e699e4a9a126689c95330a	bg_barrel.2_3_0
5d688996a0e699e4a9a126689c95330a:-4888594211841923605	bg_barrel.2_3_0
5d698c25028013e4abc85743cad910e2	bg_red_crane.1_8_0
5d698c25028013e4abc85743cad910e2:1474266880837396705	bg_red_crane.1_8_0
5d91ef5033bf30c4d89a05b110e3ec83	walls.recessed_panel_lamp_2_0
5d91ef5033bf30c4d89a05b110e3ec83:-5875003304196386285	walls.recessed_panel_lamp_2_0
5db59e747acc845449ad78cd45762e19	bg_barrel.1_4_0
5db59e747acc845449ad78cd45762e19:-6967789728026799554	bg_barrel.1_4_0
5dbf505859a71064f987e464a0a5d1f2	walls.pipeline_type_aw2_green_0
5dbf505859a71064f987e464a0a5d1f2:-4445838114068248458	walls.pipeline_type_aw2_green_5
5dbf505859a71064f987e464a0a5d1f2:-5114269734329424265	walls.pipeline_type_aw2_green_7
5dbf505859a71064f987e464a0a5d1f2:-5855449610600497848	walls.pipeline_type_aw2_green_1
5dbf505859a71064f987e464a0a5d1f2:2004745682324562191	walls.pipeline_type_aw2_green_6
5dbf505859a71064f987e464a0a5d1f2:7319835182158634867	walls.pipeline_type_aw2_green_2
5dbf505859a71064f987e464a0a5d1f2:7351407068825034709	walls.pipeline_type_aw2_green_3
5dbf505859a71064f987e464a0a5d1f2:8984207321630479437	walls.pipeline_type_aw2_green_4
5dbf505859a71064f987e464a0a5d1f2:913417325807009477	walls.pipeline_type_aw2_green_0
5dcfde43456018f4b90ab308df2f311c	black.ceiling_silhouette_1_1_0
5dcfde43456018f4b90ab308df2f311c:-8976675351403612607	black.ceiling_silhouette_1_1_0
5ddc6f937c825d34885576ff6a69a38a	walls.decal_8_0
5ddc6f937c825d34885576ff6a69a38a:-2054338496552984714	walls.decal_8_0
5de2a06b69a786c40a66f02dd280e2b3	zone2.ventilator7_0
5de2a06b69a786c40a66f02dd280e2b3:1113860622675286863	zone2.ventilator7_0
5dec34bb212be4d41a75077cec8d153d	blue_crystal_lab.plan_4_1_0
5dec34bb212be4d41a75077cec8d153d:2313630342831303907	blue_crystal_lab.plan_4_1_0
5e08e0ec7041f6f45b5a324e4bc7c1ae	black.lab_sphere_0
5e08e0ec7041f6f45b5a324e4bc7c1ae:-3700697494855699567	black.lab_sphere_0
5e26e3fa94c2afe4085b71545df3932b	zone2.heavy_panel24_0
5e26e3fa94c2afe4085b71545df3932b:-2735294204818048821	zone2.heavy_panel24_0
5e4d05d27a20cf14fbc19b6b85a7ccdc	blue_crystal_lab.plan_2_1_0
5e4d05d27a20cf14fbc19b6b85a7ccdc:-3179557457495351309	blue_crystal_lab.plan_2_1_0
5e6bfde17fcf94544b8ebf556774e1ab	walls.wb_corner_up_0
5e6bfde17fcf94544b8ebf556774e1ab:2879720265039280889	walls.wb_corner_up_0
5e6d2612b3eb40a42bfb453b7e47724f	q_scanner_terminal.server8_0
5e6d2612b3eb40a42bfb453b7e47724f:6890507204091252707	q_scanner_terminal.server8_0
5ebd77ae75d9fbe4cb7edec890825e9f	black.slope_2_4_0
5ebd77ae75d9fbe4cb7edec890825e9f:-3134943894280279417	black.slope_2_4_0
5ec2a678d0bb41540a06e62e8e6fed6f	black.silhouette_main_4_7_0
5ec2a678d0bb41540a06e62e8e6fed6f:-7604319301150228610	black.silhouette_main_4_7_0
5ec4e92a9fdb83b4eafb811adb702ea6	stunts_run.track_trick_backflip_0
5ec4e92a9fdb83b4eafb811adb702ea6:-6435482805623201496	stunts_run.track_trick_backflip_0
5ec4e92a9fdb83b4eafb811adb702ea6:4205018425114889647	stunts_run.track_trick_backflip_1
5ee6c6203cd572646a659fe0489c0bd4	stunts_run.track_trick_sidebomb_0
5ee6c6203cd572646a659fe0489c0bd4:-1240197549756467760	stunts_run.track_trick_sidebomb_0
5ef6835a3fd597f4da7fba5d979359e2	traps_shadows.mine_pillar7_0
5ef6835a3fd597f4da7fba5d979359e2:-5743900655966616782	traps_shadows.mine_pillar7_0
5f210d00f31476d4eb70ce2e66e9c77b	walls.ww_lamp_down_0
5f210d00f31476d4eb70ce2e66e9c77b:6009936541319744433	walls.ww_lamp_down_0
5f5b2a6421e8c744b860b6ebc00186e2	black.angle_45_1_rounded_512x512_simple_0
5f5b2a6421e8c744b860b6ebc00186e2:3833705408236569510	black.angle_45_1_rounded_512x512_simple_0
5fcd4287aa8157b4b92407544718bb58	traps_shadows.emitter_soaring_body_0
5fcd4287aa8157b4b92407544718bb58:-3001829603342004710	traps_shadows.emitter_soaring_body_0
5fe920dd3fd91ee4d9c55a2d0d43e6eb	zone2.ventilator12_0
5fe920dd3fd91ee4d9c55a2d0d43e6eb:5750445307732522311	zone2.ventilator12_0
600ec564729f6c44493f2026a7766e2b	q_fuzesocket.4_0
600ec564729f6c44493f2026a7766e2b:-429561742685570474	q_fuzesocket.4_0
604b9c7088eab4b4c9e6da576301ac61	traps_shadows.sound_trap2_0
604b9c7088eab4b4c9e6da576301ac61:-2538646048450338823	traps_shadows.sound_trap2_0
60506902e4985014e8bfc230caf31a32	zone2.shaft1_0
60506902e4985014e8bfc230caf31a32:-1910268970287327209	zone2.shaft1_0
6060c81707af1474aa9fb69c0b146160	zone2.slope4_0
6060c81707af1474aa9fb69c0b146160:-5582633156038849438	zone2.slope4_0
607ed0b8c33fbb34a9009f29a1f99b04	walls.cords_underfloor_main_0
607ed0b8c33fbb34a9009f29a1f99b04:2454791963318970990	walls.cords_underfloor_main_0
609e3afc359e16e408030bdb77f2f513	stunts_run.track_trick_tripleswing_0
609e3afc359e16e408030bdb77f2f513:-1487843647910353907	stunts_run.track_trick_tripleswing_0
60aaeff2fd21db3468ec270d4e7c859a	memory_terminal.7_0
60aaeff2fd21db3468ec270d4e7c859a:-3288734671455470139	memory_terminal.7_0
60c54507f188dd74d9474e86317734d5	zone2.manipulator9_0
60c54507f188dd74d9474e86317734d5:-7942568873664406843	zone2.manipulator9_0
60f08184bbff9d8459099ea392d7b06a	black.silhouette_main_2_1_0
60f08184bbff9d8459099ea392d7b06a:8773800587400822465	black.silhouette_main_2_1_0
6102c9c03c83064498e236fdc4e26da1	stunts_run.banner_2_top_0
6102c9c03c83064498e236fdc4e26da1:-3328860474161134430	stunts_run.banner_2_top_0
61097bc56fbea9f448d58f826b34c659	q_powernode.3_0
61097bc56fbea9f448d58f826b34c659:5516859933025860713	q_powernode.3_0
6112b3f98b825f447926934501cd0294	electric_factory_1.plan_3-3_0
6112b3f98b825f447926934501cd0294:-4269851058263470934	electric_factory_1.plan_3-3_0
611519abc180e734fa31a4b6bda4d2d2	walls.panel_red_underfloor_empty_0
611519abc180e734fa31a4b6bda4d2d2:8416871009563845512	walls.panel_red_underfloor_empty_0
6129e6fa982b1934893f34972bfdb882	walls.panel_blue_underfloor_beam_0
6129e6fa982b1934893f34972bfdb882:3992989006233293395	walls.panel_blue_underfloor_beam_0
613d389fd99191546851f7cbf27fba19	walls.cords_underfloor_edge_dark_0
613d389fd99191546851f7cbf27fba19:4013829020505258685	walls.cords_underfloor_edge_dark_0
614bd6275409d7441887384cc18fd7dd	stunts_run.track_trick_spinningvault_0
614bd6275409d7441887384cc18fd7dd:111057531164943979	stunts_run.track_trick_spinningvault_0
61aa664aa402ab84db48ff3ac22f004e	traps_shadows.flamethrowe_body_0
61aa664aa402ab84db48ff3ac22f004e:-4462788149293017613	traps_shadows.flamethrowe_body_0
6219589b419b5704f84f41a029365b5c	traps_shadows.sound_trap6_0
6219589b419b5704f84f41a029365b5c:-4462708086127376380	traps_shadows.sound_trap6_0
624495956ea8c624daf102ec1e08fc69	zone2.shaft1_0
624495956ea8c624daf102ec1e08fc69:-1910268970287327209	zone2.shaft1_0
626de497f902e5047a0d3bff0f6014d9	zone2.light_panel10_0
626de497f902e5047a0d3bff0f6014d9:7910698977807268504	zone2.light_panel10_0
62b8b4d8d0df88d4bb6ab29f19682056	stunts_run.track_trick_doublespinvault_0
62b8b4d8d0df88d4bb6ab29f19682056:-7681469038814893011	stunts_run.track_trick_doublespinvault_0
62f21fc909d92c641bb0e26866e4f093	walls.panel_red_underfloor_beam_0
62f21fc909d92c641bb0e26866e4f093:-751442275656162683	walls.panel_red_underfloor_beam_0
62fbe8dafa9571f4cae16574ba97a14d	zone2.ventilator3_0
62fbe8dafa9571f4cae16574ba97a14d:-689999997725386970	zone2.ventilator3_0
6356d14c8c8cc5e49a8edfc8f89b5ce7	stunts_run.banner_2_main_0
6356d14c8c8cc5e49a8edfc8f89b5ce7:-4447012410416917408	stunts_run.banner_2_main_0
635da9da52b3f2a469c8da0e1fe6646b	bg_red_crane.1_5_0
635da9da52b3f2a469c8da0e1fe6646b:4854612845737242077	bg_red_crane.1_5_0
63900b79cdcda9642b014f6919154c91	black.obstacle_2_0
63900b79cdcda9642b014f6919154c91:5846393479389494790	black.obstacle_2_0
63c463c4ab7055644882d32dbea1619d	bg_barrel.3_3_0
63c463c4ab7055644882d32dbea1619d:-6133038852455281363	bg_barrel.3_3_0
63fa09756c3ebf24c882e41eaa71a294	far_city.plan_5_2_0
63fa09756c3ebf24c882e41eaa71a294:2908718273548167203	far_city.plan_5_2_1
63fa09756c3ebf24c882e41eaa71a294:6883599295684773855	far_city.plan_5_2_0
6424ba1769e40a34695c2c055b2b06b5	walls.pw_main_vert_0
6424ba1769e40a34695c2c055b2b06b5:1234778973917145742	walls.pw_main_vert_0
642998f1d50013b45b02831977277f5c	walls.pw_decal_big_center_down_0
642998f1d50013b45b02831977277f5c:936590589163379909	walls.pw_decal_big_center_down_0
64a0d6f9a0a554e408920ed4de4fd4ed	stunts_run.track_trick_tripletricktoswallow_0
64a0d6f9a0a554e408920ed4de4fd4ed:-6052835628467209481	stunts_run.track_trick_tripletricktoswallow_0
64c1559cd288251419a348517a45e919	black.ceiling_silhouette_3_0
64c1559cd288251419a348517a45e919:462477552557382546	black.ceiling_silhouette_3_0
64dcb7c2c26514d4b842c05873a39def	walls.pw_main_vert_0
64dcb7c2c26514d4b842c05873a39def:1234778973917145742	walls.pw_main_vert_0
64e41d99916a2fb47a9aa632fb6ca816	zone2.6_0
64e41d99916a2fb47a9aa632fb6ca816:2717753445224566024	zone2.6_0
6541d0b1e157af542abd15f5b5c934b4	walls.recessed_panel_center_0
6541d0b1e157af542abd15f5b5c934b4:3523910881595717463	walls.recessed_panel_center_0
654d08960e0af494cb878f6a950bc306	black.lab_ceiling_0
654d08960e0af494cb878f6a950bc306:-7771083614083698021	black.lab_ceiling_0
659e7cbf12a5754488e28de964c2bd8b	stunts_run.track_trick_airspin_0
659e7cbf12a5754488e28de964c2bd8b:-3797626512104956994	stunts_run.track_trick_airspin_0
65a15608ee4e3504f928cf97aff7a588	zone2.heavy_panel30_0
65a15608ee4e3504f928cf97aff7a588:-8893396775345041436	zone2.heavy_panel30_0
65c40e877b5e12c429964cd6e8f5940d	zone2.panel_gray_0
65c40e877b5e12c429964cd6e8f5940d:8795633503658368406	zone2.panel_gray_0
6616a4df1a1b582479d4537128b87954	metal_pillars.plan_1_3_0
6616a4df1a1b582479d4537128b87954:-7054830281358261701	metal_pillars.plan_1_3_0
662612fe979b4f04da67ab9548f214b5	zone2.shaft5_0
662612fe979b4f04da67ab9548f214b5:-2456381041545588485	zone2.shaft5_2
662612fe979b4f04da67ab9548f214b5:-4288206796321532650	zone2.shaft5_3
662612fe979b4f04da67ab9548f214b5:-5486452907261369443	zone2.shaft5_0
662612fe979b4f04da67ab9548f214b5:8888561615742483402	zone2.shaft5_1
66469dc4264cc5a4fbf570cd4768672c	zone2.cords1_0
66469dc4264cc5a4fbf570cd4768672c:8422923770816504742	zone2.cords1_0
66520d24492f51048985109999550175	zone2.heavy_panel53_0
66520d24492f51048985109999550175:4078678873400183973	zone2.heavy_panel53_0
665320c6152b27c4f9cbe2eb39173d21	q_server.server7_0
665320c6152b27c4f9cbe2eb39173d21:-5419100509696335029	q_server.server7_0
66745af0855f97949b79e2e6cfadb746	zone2.heavy_panel56_0
66745af0855f97949b79e2e6cfadb746:2923124375288134792	zone2.heavy_panel56_0
66b56af5ab5c95645a9280c4ad888290	black.truck_fence_0
66b56af5ab5c95645a9280c4ad888290:6586211068937203438	black.truck_fence_0
66ba8372c167e8c48aaefd78321892b2	blue_crystal_lab.plan_2_9_0
66ba8372c167e8c48aaefd78321892b2:2823288030659413102	blue_crystal_lab.plan_2_9_0
66cefe2feea60714d9d2b25f407f00b7	far_city.plan_3_4_0
66cefe2feea60714d9d2b25f407f00b7:1630927022816055792	far_city.plan_3_4_0
66db91b881fbb884287f7b0df08f050c	walls.panel_brown_underfloor_support_lower_0
66db91b881fbb884287f7b0df08f050c:5742046231331500746	walls.panel_brown_underfloor_support_lower_0
67377d76b32452c4a8a76fce44fd211d	zone2.light_panel20_0
67377d76b32452c4a8a76fce44fd211d:-8081658008052962732	zone2.light_panel20_0
6774465cb59ae924f858dc5eca6eae0b	stunts_run.track_trick_jumpspinvault_0
6774465cb59ae924f858dc5eca6eae0b:3702659733388392739	stunts_run.track_trick_jumpspinvault_0
67beb170b14ef694a84356b247198e0b	bg_barrel.2_1_0
67beb170b14ef694a84356b247198e0b:-1112182368756517191	bg_barrel.2_1_43
67beb170b14ef694a84356b247198e0b:-224407595259008275	bg_barrel.2_1_16
67beb170b14ef694a84356b247198e0b:-249862376430482514	bg_barrel.2_1_6
67beb170b14ef694a84356b247198e0b:-2818427835498331256	bg_barrel.2_1_7
67beb170b14ef694a84356b247198e0b:-3030160151131982601	bg_barrel.2_1_32
67beb170b14ef694a84356b247198e0b:-3270659000889113640	bg_barrel.2_1_13
67beb170b14ef694a84356b247198e0b:-3518480595655406905	bg_barrel.2_1_59
67beb170b14ef694a84356b247198e0b:-3783597679581146656	bg_barrel.2_1_1
67beb170b14ef694a84356b247198e0b:-5450521387424073473	bg_barrel.2_1_58
67beb170b14ef694a84356b247198e0b:-5483476754236048072	bg_barrel.2_1_27
67beb170b14ef694a84356b247198e0b:-5530046988173470802	bg_barrel.2_1_22
67beb170b14ef694a84356b247198e0b:-567754359677406633	bg_barrel.2_1_8
67beb170b14ef694a84356b247198e0b:-5835293014858480679	bg_barrel.2_1_36
67beb170b14ef694a84356b247198e0b:-6332472570542811703	bg_barrel.2_1_17
67beb170b14ef694a84356b247198e0b:-6386343225621300900	bg_barrel.2_1_25
67beb170b14ef694a84356b247198e0b:-6680690729673419018	bg_barrel.2_1_10
67beb170b14ef694a84356b247198e0b:-6772059120169461510	bg_barrel.2_1_20
67beb170b14ef694a84356b247198e0b:-682377845786798195	bg_barrel.2_1_0
67beb170b14ef694a84356b247198e0b:-7179676376820045125	bg_barrel.2_1_45
67beb170b14ef694a84356b247198e0b:-721646978618113763	bg_barrel.2_1_3
67beb170b14ef694a84356b247198e0b:-7499193838767766421	bg_barrel.2_1_2
67beb170b14ef694a84356b247198e0b:-7609557216649802270	bg_barrel.2_1_4
67beb170b14ef694a84356b247198e0b:-7687528919546493065	bg_barrel.2_1_30
67beb170b14ef694a84356b247198e0b:-7928470188004206574	bg_barrel.2_1_48
67beb170b14ef694a84356b247198e0b:-8142760404684704313	bg_barrel.2_1_57
67beb170b14ef694a84356b247198e0b:-8324509909145132930	bg_barrel.2_1_33
67beb170b14ef694a84356b247198e0b:-845916743492877230	bg_barrel.2_1_47
67beb170b14ef694a84356b247198e0b:-8627793515076053234	bg_barrel.2_1_24
67beb170b14ef694a84356b247198e0b:-8870080414915219221	bg_barrel.2_1_37
67beb170b14ef694a84356b247198e0b:-936052000342911752	bg_barrel.2_1_21
67beb170b14ef694a84356b247198e0b:1060466908088588356	bg_barrel.2_1_51
67beb170b14ef694a84356b247198e0b:1305228605131106954	bg_barrel.2_1_34
67beb170b14ef694a84356b247198e0b:1601536741930230364	bg_barrel.2_1_5
67beb170b14ef694a84356b247198e0b:167656862808934335	bg_barrel.2_1_41
67beb170b14ef694a84356b247198e0b:1919604070740812026	bg_barrel.2_1_53
67beb170b14ef694a84356b247198e0b:2015760734692887266	bg_barrel.2_1_40
67beb170b14ef694a84356b247198e0b:244174372838054916	bg_barrel.2_1_55
67beb170b14ef694a84356b247198e0b:249655375953416762	bg_barrel.2_1_26
67beb170b14ef694a84356b247198e0b:3243147595910407939	bg_barrel.2_1_18
67beb170b14ef694a84356b247198e0b:3755379795228055673	bg_barrel.2_1_12
67beb170b14ef694a84356b247198e0b:4239847477065673526	bg_barrel.2_1_49
67beb170b14ef694a84356b247198e0b:4293782599391143085	bg_barrel.2_1_35
67beb170b14ef694a84356b247198e0b:4403751054785877819	bg_barrel.2_1_9
67beb170b14ef694a84356b247198e0b:5090632269521579589	bg_barrel.2_1_29
67beb170b14ef694a84356b247198e0b:5162540880076167097	bg_barrel.2_1_44
67beb170b14ef694a84356b247198e0b:5628192067192068975	bg_barrel.2_1_38
67beb170b14ef694a84356b247198e0b:5850980578414393598	bg_barrel.2_1_52
67beb170b14ef694a84356b247198e0b:6087435379343871523	bg_barrel.2_1_31
67beb170b14ef694a84356b247198e0b:616799225664322349	bg_barrel.2_1_14
67beb170b14ef694a84356b247198e0b:6584101561207585719	bg_barrel.2_1_50
67beb170b14ef694a84356b247198e0b:6759650993486345858	bg_barrel.2_1_42
67beb170b14ef694a84356b247198e0b:6815087981602399942	bg_barrel.2_1_39
67beb170b14ef694a84356b247198e0b:72741841531599143	bg_barrel.2_1_11
67beb170b14ef694a84356b247198e0b:7317892065624671274	bg_barrel.2_1_54
67beb170b14ef694a84356b247198e0b:7580333925132329729	bg_barrel.2_1_19
67beb170b14ef694a84356b247198e0b:8129184047655522072	bg_barrel.2_1_46
67beb170b14ef694a84356b247198e0b:8143142076166854376	bg_barrel.2_1_15
67beb170b14ef694a84356b247198e0b:8149777365158702651	bg_barrel.2_1_28
67beb170b14ef694a84356b247198e0b:8427527848997902075	bg_barrel.2_1_60
67beb170b14ef694a84356b247198e0b:8997934171834822846	bg_barrel.2_1_23
67beb170b14ef694a84356b247198e0b:944188676331820932	bg_barrel.2_1_56
67c2273b395b5844dac9e24d69747abd	traps_shadows.electro_emitter_underfloor_bg_0
67c2273b395b5844dac9e24d69747abd:7318535183759702948	traps_shadows.electro_emitter_underfloor_bg_0
68237f8ac114903448198c478f68f1d6	q_reactor.filler_0
68237f8ac114903448198c478f68f1d6:-946160667686922670	q_reactor.filler_0
6828f84988ec1fe45bfdef21b4fc375a	q_server.server6_0
6828f84988ec1fe45bfdef21b4fc375a:-494998168082736653	q_server.server6_0
68742daf880601d459755cf90e047885	zone2.ventilator26_0
68742daf880601d459755cf90e047885:2105858749495059703	zone2.ventilator26_0
6879de0518633174da6691a4b4efcf91	cutscene_awaken.cutscene_awakening2_0
6879de0518633174da6691a4b4efcf91:8679902180551344079	cutscene_awaken.cutscene_awakening2_0
68a609d85bdcfc4439d14066f1f2ca72	walls.column_white_4_0
68a609d85bdcfc4439d14066f1f2ca72:-4166260423522709751	walls.column_white_4_0
68eb77c60c2875f4dbba3615b241c0f4	zone2.manipulator1_0
68eb77c60c2875f4dbba3615b241c0f4:6860214954316674731	zone2.manipulator1_0
693588d4c89b6da48b1db378e255c272	q_scanner_terminal.4_0
693588d4c89b6da48b1db378e255c272:6711603067828347394	q_scanner_terminal.4_0
693d3dcc1cb8afb4cad8c3bf8fe86b47	black.springs_512x512_0
693d3dcc1cb8afb4cad8c3bf8fe86b47:-6528090096318989108	black.springs_512x512_0
6965161ae69a7e149b86310124feb976	stunts_run.track_trick_spin360_0
6965161ae69a7e149b86310124feb976:7720224025245303647	stunts_run.track_trick_spin360_0
6979c07963e35734086011a27e855bb3	traps_shadows.banner_1_main_0
6979c07963e35734086011a27e855bb3:-8058355512419031374	traps_shadows.banner_1_main_0
6a0e3abad9c26364d8300340763b59c4	cutscene_swarm.cutscene2_0
6a0e3abad9c26364d8300340763b59c4:-1552130323704127561	cutscene_swarm.cutscene2_0
6a0e8f32113c85047bc802864a8dd525	zone2.v_white_0
6a0e8f32113c85047bc802864a8dd525:-8271064627510265412	zone2.v_white_0
6a168e2b587fe974ea2c72cd33906de7	q_scanner_terminal.server13_0
6a168e2b587fe974ea2c72cd33906de7:-4190362041082419643	q_scanner_terminal.server13_0
6a20c10245515634799fc75589e3427a	walls.panel_brown_underfloor_lightweight_0
6a20c10245515634799fc75589e3427a:-256372398872246723	walls.panel_brown_underfloor_lightweight_0
6a2dfe4149e5b5a4f9818c5ed82e889e	walls.holographic_interface3_0
6a2dfe4149e5b5a4f9818c5ed82e889e:9151696545820349459	walls.holographic_interface3_0
6aa0cc333a056984582ae02aea84f4a5	bg_barrel.1_1_0
6aa0cc333a056984582ae02aea84f4a5:-6219715644799809870	bg_barrel.1_1_0
6abaf7108ebfcc144943568976b0bce7	walls.recessed_panel_edge_3_0
6abaf7108ebfcc144943568976b0bce7:-6548309772916379379	walls.recessed_panel_edge_3_0
6ac3c0fcb8b4999429ef9953d57345e1	stunts_run.track_trick_straightlegsflip_0
6ac3c0fcb8b4999429ef9953d57345e1:6324485327485833668	stunts_run.track_trick_straightlegsflip_0
6ac640bf8b6f1f0478e2c935e209723f	lights.lamp_bg_red_foundation_edge_32x8_0
6ac640bf8b6f1f0478e2c935e209723f:1631561211269616612	lights.lamp_bg_red_foundation_edge_32x8_0
6ac75c4f18474b247be08e508fb0fa79	zone2.door2_10_0
6ac75c4f18474b247be08e508fb0fa79:-887622543428389529	zone2.door2_10_0
6aca24bd74e1acf4cb1b0219c0c32fbc	traps_shadows.emitter_soaring_wing_1_0
6aca24bd74e1acf4cb1b0219c0c32fbc:-3862467986830379741	traps_shadows.emitter_soaring_wing_1_0
6acf93ac0a7209340a2c32c6ad8a11a1	bg_barrel.3_5_0
6acf93ac0a7209340a2c32c6ad8a11a1:-689693833933458909	bg_barrel.3_5_0
6ae6b39023c54e84fb4e211d8bd45a16	walls.holographic_interface_bar2_0
6ae6b39023c54e84fb4e211d8bd45a16:-6762433483399239621	walls.holographic_interface_bar2_0
6b3ccba65c1d11f468458bf815adb4bb	walls.panel_red_underfloor_lower_0
6b3ccba65c1d11f468458bf815adb4bb:-6440118901556358056	walls.panel_red_underfloor_lower_0
6b4b470b8c8d40945bdfea009da624bb	cutscene_swarm.cutscene_lamp3_0
6b4b470b8c8d40945bdfea009da624bb:-4032643812289859418	cutscene_swarm.cutscene_lamp3_1
6b4b470b8c8d40945bdfea009da624bb:6799278999271295389	cutscene_swarm.cutscene_lamp3_0
6b4b470b8c8d40945bdfea009da624bb:8374680975462736239	cutscene_swarm.cutscene_lamp3_2
6b530001c7542ac45b527eb2e04dbddb	walls.pipeline_coupling_blue_0
6b530001c7542ac45b527eb2e04dbddb:-6692415902817485097	walls.pipeline_coupling_blue_0
6b60f705f47322946af0bf96b26f608f	walls.ww_bend_up_0
6b60f705f47322946af0bf96b26f608f:-1763055407242715644	walls.ww_bend_up_0
6b758514aff33a446b85be11c1204c33	traps_shadows.triple_bomb2_0
6b758514aff33a446b85be11c1204c33:8064148988214773747	traps_shadows.triple_bomb2_0
6b8eaa77578852945a388970abe1dd1d	walls.decal_6_0
6b8eaa77578852945a388970abe1dd1d:3110741297496862430	walls.decal_6_0
6be044d8a8a046f4c99dfc73ee63a080	black.manipulator_alpha_4_0
6be044d8a8a046f4c99dfc73ee63a080:-3835827972065586585	black.manipulator_alpha_4_0
6c0aee48f05b84b4e86f83361b224243	q_powernode.5_0
6c0aee48f05b84b4e86f83361b224243:-1373320770477745433	q_powernode.5_0
6c0aee48f05b84b4e86f83361b224243:-415881196284864848	q_powernode.5_4
6c0aee48f05b84b4e86f83361b224243:1331581393070318028	q_powernode.5_1
6c0aee48f05b84b4e86f83361b224243:2987238520461412626	q_powernode.5_3
6c0aee48f05b84b4e86f83361b224243:3423821862184248190	q_powernode.5_2
6c0aee48f05b84b4e86f83361b224243:8319109775720312082	q_powernode.5_5
6c22a222a801ca641986c68c43a83467	walls.wb_corner_down_0
6c22a222a801ca641986c68c43a83467:-5494141786056510024	walls.wb_corner_down_0
6c337e9ee4ee00145a69dbec25f1119c	zone2.light_panel34_0
6c337e9ee4ee00145a69dbec25f1119c:2795835863270650088	zone2.light_panel34_0
6c3cdc8f70dbbc04aa947e8cf7d2d9e9	zone2.slope21_0
6c3cdc8f70dbbc04aa947e8cf7d2d9e9:-1482829009731195786	zone2.slope21_0
6c524da308806224e99053cf8f0a25d7	black.manipulator_alpha_1_0
6c524da308806224e99053cf8f0a25d7:-8821182315359198121	black.manipulator_alpha_1_0
6c559e967a85f564f9a72466fb9c8e7e	cutscene_swarm.cutscene_lamp_off8_0
6c559e967a85f564f9a72466fb9c8e7e:4119162296119726478	cutscene_swarm.cutscene_lamp_off8_0
6c91db3f98aee644d86c172a7a293429	zone2.heavy_panel49_0
6c91db3f98aee644d86c172a7a293429:-1400478336669384460	zone2.heavy_panel49_0
6c9a04ae772d8264fa28ca44f96b45de	walls.recessed_panel_main_2_0
6c9a04ae772d8264fa28ca44f96b45de:8156350920498443628	walls.recessed_panel_main_2_0
6cb4fe4277851944a82041037db654cc	q_server.server13_0
6cb4fe4277851944a82041037db654cc:-632738197734547551	q_server.server13_0
6cbc74cfccc22ee4d85ea3d5d3c7c746	walls.ww_frame_down_0
6cbc74cfccc22ee4d85ea3d5d3c7c746:-2797452938741243634	walls.ww_frame_down_0
6ccf8dab34402a540b466ecbebce2c8b	traps_shadows.black_ball_station2_0
6ccf8dab34402a540b466ecbebce2c8b:-3242672625837661333	traps_shadows.black_ball_station2_0
6cdcfcb48aaeeae4fa277b4629e1849e	far_city.plan_4_2_0
6cdcfcb48aaeeae4fa277b4629e1849e:-6894085252888029608	far_city.plan_4_2_0
6ce9a261aefd9d940bb291f28c3f5ffa	traps_shadows.flamethrowe_horizontal_0
6ce9a261aefd9d940bb291f28c3f5ffa:-485659826042814873	traps_shadows.flamethrowe_horizontal_0
6d0d228d1aad4214eb581754cf4e7b92	bg_barrel.4_2_0
6d0d228d1aad4214eb581754cf4e7b92:-7958561410596513771	bg_barrel.4_2_0
6d3dee028dde5db499935a0850a862f6	walls.pw_decal_light_down_0
6d3dee028dde5db499935a0850a862f6:-1535417006501370342	walls.pw_decal_light_down_0
6d4f2f70c27fa7e428840812dd59ddae	black.silhouette_main_1_6_0
6d4f2f70c27fa7e428840812dd59ddae:-863384973708192924	black.silhouette_main_1_6_0
6d73116792142064298f93eff31ed204	zone2.heavy_panel24_0
6d73116792142064298f93eff31ed204:-2735294204818048821	zone2.heavy_panel24_0
6d74d900b9a6a8f458e81f6893ef608b	cutscene_swarm.cutscene8_0
6d74d900b9a6a8f458e81f6893ef608b:-3394801706605343538	cutscene_swarm.cutscene8_2
6d74d900b9a6a8f458e81f6893ef608b:-5984779335438508687	cutscene_swarm.cutscene8_0
6d74d900b9a6a8f458e81f6893ef608b:-8004934925965444139	cutscene_swarm.cutscene8_1
6da11e25b09346f4086dd8ed357c90ae	bg_red_crane.1_15_0
6da11e25b09346f4086dd8ed357c90ae:2252959561286307364	bg_red_crane.1_15_0
6dd14a87907b60944ac7fb1f7f8f6d75	bg_red_crane.1_21_0
6dd14a87907b60944ac7fb1f7f8f6d75:-5352014819022349658	bg_red_crane.1_21_0
6df83288318a3c34cb07031d56468be1	zone2.heavy_panel38_0
6df83288318a3c34cb07031d56468be1:3704630410835955709	zone2.heavy_panel38_0
6e36e323c883599469f70a8c101a4830	black.manipulator_charlie_1_0
6e36e323c883599469f70a8c101a4830:-2511102087125720978	black.manipulator_charlie_1_0
6e37f966411b46f45b2fa51927f3c0ae	black.silhouette_main_3_4_0
6e37f966411b46f45b2fa51927f3c0ae:-4897677697983560284	black.silhouette_main_3_4_0
6e3da476c5f430046b6ffe8f339736dd	zone2.manipulator7_0
6e3da476c5f430046b6ffe8f339736dd:6361849574061595395	zone2.manipulator7_0
6e43377c9ed806c4a9cab233e4f0f0f1	q_server.server14_0
6e43377c9ed806c4a9cab233e4f0f0f1:7682279946760781079	q_server.server14_0
6e731d1e50e6e964289abbbc1cdd81f2	black.silhouette_main_4_5_0
6e731d1e50e6e964289abbbc1cdd81f2:-6177802741602900666	black.silhouette_main_4_5_0
6ebd582c96ea29d48aa94c986cf44cb6	zone2.lamp_yellow2_0
6ebd582c96ea29d48aa94c986cf44cb6:6950847796481572460	zone2.lamp_yellow2_0
6ebf2b610e37dbf4e8ccf16d0c9d8970	black.silhouette_main_1_4_0
6ebf2b610e37dbf4e8ccf16d0c9d8970:3177424025052988114	black.silhouette_main_1_4_0
6edcb48dcd9d05d49aa785570f860998	walls.panel_brown_underfloor_support_0
6edcb48dcd9d05d49aa785570f860998:-6195130255630338919	walls.panel_brown_underfloor_support_0
6eed7a623231f304398217b9f6c56068	zone2.slope6_0
6eed7a623231f304398217b9f6c56068:-7438882150042260729	zone2.slope6_0
6efa2a2142cb478489d2c6976562a002	metal_pillars.plan_4_1_0
6efa2a2142cb478489d2c6976562a002:2541780712060401691	metal_pillars.plan_4_1_0
6f36d3a6798b05b428aa79bfd538a442	bg_communication.1_1_0
6f36d3a6798b05b428aa79bfd538a442:4998142940527046287	bg_communication.1_1_0
6f38a78428883cb4ca1f365dda321044	traps_shadows.sound_trap1_0
6f38a78428883cb4ca1f365dda321044:5010926258513045279	traps_shadows.sound_trap1_0
6f474ae08414fb14bbdc00a24335c67f	zone2.panel_brown_bg_0
6f474ae08414fb14bbdc00a24335c67f:-5806057479598814875	zone2.panel_brown_bg_0
6f6ad255df541c546a3df6a52757bc16	walls.decal_4_0
6f6ad255df541c546a3df6a52757bc16:-7142368400460701839	walls.decal_4_0
6f718cbdd95bc454386bc2a4a2eb2cef	q_reactor.reactor_heat_0
6f718cbdd95bc454386bc2a4a2eb2cef:-3348109926408950186	q_reactor.reactor_heat_0
6f9812dded11fcc4f892b1c58f1d0efa	zone2.light_panel12_0
6f9812dded11fcc4f892b1c58f1d0efa:6371282599503724180	zone2.light_panel12_0
6fd576c37d51c9c4e846497f6442c83c	zone2.ventilator27_0
6fd576c37d51c9c4e846497f6442c83c:3918975642915464104	zone2.ventilator27_0
6fd8de4cdb8ddbd4db36875479e7621f	walls.pipeline_pipeline_a24_blue_0
6fd8de4cdb8ddbd4db36875479e7621f:-1074276015063040577	walls.pipeline_pipeline_a24_blue_11
6fd8de4cdb8ddbd4db36875479e7621f:-3402154131907430317	walls.pipeline_pipeline_a24_blue_1
6fd8de4cdb8ddbd4db36875479e7621f:-4707650675498480146	walls.pipeline_pipeline_a24_blue_7
6fd8de4cdb8ddbd4db36875479e7621f:-7032601036335074186	walls.pipeline_pipeline_a24_blue_2
6fd8de4cdb8ddbd4db36875479e7621f:-7831800220019977382	walls.pipeline_pipeline_a24_blue_5
6fd8de4cdb8ddbd4db36875479e7621f:3013296586404997218	walls.pipeline_pipeline_a24_blue_3
6fd8de4cdb8ddbd4db36875479e7621f:3133189854269979200	walls.pipeline_pipeline_a24_blue_0
6fd8de4cdb8ddbd4db36875479e7621f:363792709066315083	walls.pipeline_pipeline_a24_blue_4
6fd8de4cdb8ddbd4db36875479e7621f:4381276953037235415	walls.pipeline_pipeline_a24_blue_9
6fd8de4cdb8ddbd4db36875479e7621f:4460778593525394473	walls.pipeline_pipeline_a24_blue_10
6fd8de4cdb8ddbd4db36875479e7621f:5859272334416705473	walls.pipeline_pipeline_a24_blue_8
6fd8de4cdb8ddbd4db36875479e7621f:6579313858658533462	walls.pipeline_pipeline_a24_blue_6
6fdaa592eec103343823b241ebfd5b74	zone2.ventilator6_0
6fdaa592eec103343823b241ebfd5b74:5849314091063527392	zone2.ventilator6_0
6ffd00189901aa743a5f5a1d5f7c8e4c	far_city.plan_3_1_0
6ffd00189901aa743a5f5a1d5f7c8e4c:-7006383312701375794	far_city.plan_3_1_0
700a912c2df844b4fa5deede7a1635f0	q_server.server2_0
700a912c2df844b4fa5deede7a1635f0:3495787861436902011	q_server.server2_0
702bc9e6a92d44b47a4a8b379a6064eb	walls.cords_connection_0
702bc9e6a92d44b47a4a8b379a6064eb:171488682858003238	walls.cords_connection_0
702ffadd1a925fb44bc1dee5b08beabf	stunts_run.banner_2_main_0
702ffadd1a925fb44bc1dee5b08beabf:-4447012410416917408	stunts_run.banner_2_main_0
70352404d64b27d4894f738a90e737ed	cutscene_swarm.cutscene_lamp_on5_0
70352404d64b27d4894f738a90e737ed:1802631471014771638	cutscene_swarm.cutscene_lamp_on5_0
70604dcc28913b240a27f52455dbac2f	metal_pillars.plan_1_5_0
70604dcc28913b240a27f52455dbac2f:6295089635071637321	metal_pillars.plan_1_5_0
706fc01f9830ba54f8c310d4527544b2	black.silhouette_main_3_2_0
706fc01f9830ba54f8c310d4527544b2:7477420821407964810	black.silhouette_main_3_2_0
7072b5cf8fe7a024891934de9bf8a4c6	black.manipulator_charlie_4_0
7072b5cf8fe7a024891934de9bf8a4c6:2439176224053616115	black.manipulator_charlie_4_0
70759962aedb3814dbb8fd3fdf0d0bb7	q_scanner_terminal.server10_0
70759962aedb3814dbb8fd3fdf0d0bb7:-7273770174709290947	q_scanner_terminal.server10_0
70c9bdd9e6139884cacf650116ffb36c	lights.lamp_bg_blue_grad_edge_128x32_0
70c9bdd9e6139884cacf650116ffb36c:2654089340647782068	lights.lamp_bg_blue_grad_edge_128x32_0
710118b65db0b1f47b23c0670beda823	stunts_run.track_trick_railflip_0
710118b65db0b1f47b23c0670beda823:-8514540912170507174	stunts_run.track_trick_railflip_0
710312d90ab449c4089651c2c892ea17	zone2.heavy_panel39_0
710312d90ab449c4089651c2c892ea17:-1773616116523978455	zone2.heavy_panel39_0
71844e4c661e82d4eb5db407284c17f1	stunts_run.track_trick_sideflip_0
71844e4c661e82d4eb5db407284c17f1:-8088531451213701230	stunts_run.track_trick_sideflip_0
71ca42b08b98e45479ab3d6dc43c415f	lights.lamp_blue_1_0
71ca42b08b98e45479ab3d6dc43c415f:8593500330416602005	lights.lamp_blue_1_0
71ce5b92cf2e84145af7b23edbf3d8cf	traps_seq.mine_blink_7_0
71ce5b92cf2e84145af7b23edbf3d8cf:3868173053637381761	traps_seq.mine_blink_7_0
71e7f9a027f55114188aecd8b7474d09	electric_factory_1.plan_3-1_0
71e7f9a027f55114188aecd8b7474d09:1863134566558671762	electric_factory_1.plan_3-1_0
721fc665e9cefa94488615e934fa92f0	black.slope_2_5_0
721fc665e9cefa94488615e934fa92f0:-1923639862718212010	black.slope_2_5_0
724163e91d2f215439145dbab7f15c7a	zone2.light_panel11_0
724163e91d2f215439145dbab7f15c7a:7062029990393101165	zone2.light_panel11_0
726f39e72473a7b4fa1fe3005cf9c340	walls.panel_red_underfloor_lower_0
726f39e72473a7b4fa1fe3005cf9c340:-6440118901556358056	walls.panel_red_underfloor_lower_0
7274842f197bfb04ea8fbb0d9e959e27	traps_shadows.mine_pillar4_0
7274842f197bfb04ea8fbb0d9e959e27:8470231369591232990	traps_shadows.mine_pillar4_0
72890434a94c5e047a8962c7cb221bc0	walls.cords_lamp_blue_0
72890434a94c5e047a8962c7cb221bc0:453900366142175404	walls.cords_lamp_blue_0
72a1d97851a10fd49a021ffeae84b04a	traps_shadows.angle_45_hard_0
72a1d97851a10fd49a021ffeae84b04a:4490000420548424096	traps_shadows.angle_45_hard_0
72b2a6902277b184a85ea6bbd6ee7cc5	warning_signs.digit_0_0
72b2a6902277b184a85ea6bbd6ee7cc5:8283657317508193891	warning_signs.digit_0_0
72b6d8cb44c6842419288f247ed4f356	walls.panel_brown_underfloor_support_0
72b6d8cb44c6842419288f247ed4f356:-6195130255630338919	walls.panel_brown_underfloor_support_0
7331b4e748496eb4783b73c00291643e	stunts_run.track_trick_handspringtoroll_0
7331b4e748496eb4783b73c00291643e:-2224715777430361418	stunts_run.track_trick_handspringtoroll_0
7331b4e748496eb4783b73c00291643e:-7398057296227975406	stunts_run.track_trick_handspringtoroll_1
733ed598922867a4d9cfed832eda36d9	zone2.heavy_panel43_0
733ed598922867a4d9cfed832eda36d9:-8000899874523679559	zone2.heavy_panel43_0
7358cc6ea52bf5e4388bee019e2023b2	zone2.light_panel28_0
7358cc6ea52bf5e4388bee019e2023b2:5848185238522754574	zone2.light_panel28_0
73bad6c88d919bd49a230b46e4da786d	metal_pillars.plan_0_1_0
73bad6c88d919bd49a230b46e4da786d:3832192249006809019	metal_pillars.plan_0_1_0
73e306d5c28e54c4aa433ed0512e651d	stunts_run.track_trick_railflip_0
73e306d5c28e54c4aa433ed0512e651d:-8514540912170507174	stunts_run.track_trick_railflip_0
7401b6ff93a822e4aa48c9dd7f84bcf3	traps_shadows.swarm_shaft5_0
7401b6ff93a822e4aa48c9dd7f84bcf3:3888647592707874403	traps_shadows.swarm_shaft5_0
741cfb06e29a3f74c9b353220271fef8	walls.pipeline_pipeline_a24_green_0
741cfb06e29a3f74c9b353220271fef8:-3004418215624085522	walls.pipeline_pipeline_a24_green_7
741cfb06e29a3f74c9b353220271fef8:-5166471935990298476	walls.pipeline_pipeline_a24_green_5
741cfb06e29a3f74c9b353220271fef8:-611977102025154169	walls.pipeline_pipeline_a24_green_6
741cfb06e29a3f74c9b353220271fef8:-7150109594909282785	walls.pipeline_pipeline_a24_green_0
741cfb06e29a3f74c9b353220271fef8:1733354207214259491	walls.pipeline_pipeline_a24_green_2
741cfb06e29a3f74c9b353220271fef8:4257768530116463876	walls.pipeline_pipeline_a24_green_4
741cfb06e29a3f74c9b353220271fef8:442342683337442014	walls.pipeline_pipeline_a24_green_3
741cfb06e29a3f74c9b353220271fef8:7896050514439456863	walls.pipeline_pipeline_a24_green_1
744041b12f9051945894be1997d2c5e1	traps_shadows.mine_pillar8_0
744041b12f9051945894be1997d2c5e1:5382019513265208193	traps_shadows.mine_pillar8_0
747394456ce4caf4897b4801a16e1939	black.tp_obst_0
747394456ce4caf4897b4801a16e1939:7677382302181526111	black.tp_obst_0
7478eaa019e607c44ab8d7ff60313bd4	zone2.heavy_panel16_0
7478eaa019e607c44ab8d7ff60313bd4:-5273837887985774321	zone2.heavy_panel16_0
74e98e1d576c1194f829f1483bd83a4d	black.silhouette_main_5_1_0
74e98e1d576c1194f829f1483bd83a4d:-4367320039752130665	black.silhouette_main_5_1_0
751b3e475dbe8c445b06eec1b0ec85b9	walls.wb_narrow_frame_vertical_0
751b3e475dbe8c445b06eec1b0ec85b9:-3889567213105255349	walls.wb_narrow_frame_vertical_0
7529445750e1eb04ca3e93e58e749ed4	traps_shadows.mine_body_0
7529445750e1eb04ca3e93e58e749ed4:-857855566747818321	traps_shadows.mine_body_0
7529a88e43b686245a71ebc5de7ab45f	q_server.server4_0
7529a88e43b686245a71ebc5de7ab45f:-2403877472850760586	q_server.server4_0
7547f78d4161927499f3a5236a20013c	zone2.ventilator14_0
7547f78d4161927499f3a5236a20013c:6862193177996334756	zone2.ventilator14_0
7548d746835beea42b6ec693f82bce78	lights.lamp_gradient_0
7548d746835beea42b6ec693f82bce78:-2314564141691781136	lights.lamp_gradient_0
7582a30e63da84a4a837414a251b375a	black.silhouette_main_3_5_0
7582a30e63da84a4a837414a251b375a:5671539940330892832	black.silhouette_main_3_5_0
75d253bfe27811c4f8db5a4065cca755	zone2.ventilator21_0
75d253bfe27811c4f8db5a4065cca755:-7070653628586164785	zone2.ventilator21_0
75e539280c217a448ac57f189ba5b3a4	traps_shadows.gradient_0
75e539280c217a448ac57f189ba5b3a4:955359509236273668	traps_shadows.gradient_0
76144200533b2d344a3a83fc34cec48b	zone2.darkness_switch10_0
76144200533b2d344a3a83fc34cec48b:-6134127876869886410	zone2.darkness_switch10_0
7655cf99b4b6a1344a8fbdbabec4e05c	walls.street_light_0
7655cf99b4b6a1344a8fbdbabec4e05c:-8186023235100605122	walls.street_light_0
769730657b1fa454e9a8804f625e6bb0	traps_shadows.laser_emitter_underfloor_main_2_0
769730657b1fa454e9a8804f625e6bb0:7789032230226228013	traps_shadows.laser_emitter_underfloor_main_2_0
76a21b2d6ec70314d9bc31a4f1f7582b	q_reactor.reactor_green_0
76a21b2d6ec70314d9bc31a4f1f7582b:-2344926117334728877	q_reactor.reactor_green_0
76f6c95aa7ec7554a98a2368b8d3e44f	stunts_run.track_trick_monkeyvault_0
76f6c95aa7ec7554a98a2368b8d3e44f:7527127845903129094	stunts_run.track_trick_monkeyvault_0
76f868ceb1b289d44801d0d93c9d445c	zone2.shaft2_0
76f868ceb1b289d44801d0d93c9d445c:2774120407290171874	zone2.shaft2_0
7764dd3c01d1fb94da8e87e435aa1242	lights.lamp_bg_green_grad_edge_128x32_0
7764dd3c01d1fb94da8e87e435aa1242:-1541438564234280151	lights.lamp_bg_green_grad_edge_128x32_0
778417562185a03429705beeb0dd4c06	walls.pipeline_valve_blue_0
778417562185a03429705beeb0dd4c06:-7837681127080371741	walls.pipeline_valve_blue_0
7798f0c124933cd488dbd1102876c43f	traps_shadows.flamethrowe_vertical_on2_0
7798f0c124933cd488dbd1102876c43f:-8465779797295066292	traps_shadows.flamethrowe_vertical_on2_0
77b34b5930f6a4e4eadbff83a1655aad	zone2.ventilator7_0
77b34b5930f6a4e4eadbff83a1655aad:1113860622675286863	zone2.ventilator7_0
77f38be857648184b962387ca50e8aa3	q_server.server7_0
77f38be857648184b962387ca50e8aa3:-5419100509696335029	q_server.server7_0
77f87c7c97b6de842b43e1ac66f99626	far_city.plan_4_4_0
77f87c7c97b6de842b43e1ac66f99626:-5570898792505967571	far_city.plan_4_4_0
78071b13bbe07c048b22d6f3154d0e1a	walls.holographic_interface3_0
78071b13bbe07c048b22d6f3154d0e1a:9151696545820349459	walls.holographic_interface3_0
78373a7a9903d944e8f2e456c9f4aedc	actives.teleport_0
78373a7a9903d944e8f2e456c9f4aedc:-1523173921445723580	actives.teleport_1
78373a7a9903d944e8f2e456c9f4aedc:-8907802066145815571	actives.teleport_0
785e53cf767608e4e8c15b19244a3aa2	black.slope_4_1_0
785e53cf767608e4e8c15b19244a3aa2:2557275371599942233	black.slope_4_1_0
785e81271415b6f4abd2b4ac7e80c3ab	traps_shadows.black_ball_shine_0
785e81271415b6f4abd2b4ac7e80c3ab:5009501338263621014	traps_shadows.black_ball_shine_0
78cd69fee0277b04f9ec274a29e0e11d	zone2.manipulator3_0
78cd69fee0277b04f9ec274a29e0e11d:-6282104971738607047	zone2.manipulator3_0
78cd69fee0277b04f9ec274a29e0e11d:4963395005876649459	zone2.manipulator3_1
78e85ba43bf710742b6e889d262abdec	black.lab_corner_2_simple_0
78e85ba43bf710742b6e889d262abdec:2324317057294192844	black.lab_corner_2_simple_0
791d557b715271d40a65609c4d938bd9	zone2.light_panel30_0
791d557b715271d40a65609c4d938bd9:722325550196770883	zone2.light_panel30_0
7944d1b2734c8c44eaf053f9fe3ba779	warning_signs.digit_1_0
7944d1b2734c8c44eaf053f9fe3ba779:-8684684069257199760	warning_signs.digit_1_0
7967d94a644f6594684d4c01385787dd	traps_shadows.swarm_shaft_flap_0
7967d94a644f6594684d4c01385787dd:3563899387465612342	traps_shadows.swarm_shaft_flap_0
79703cea48273ef4a8519a028655a0e8	black.lab_corner_4_simple_0
79703cea48273ef4a8519a028655a0e8:-471001483817262753	black.lab_corner_4_simple_0
79739853aa3d68a4896c9083fb65ea77	black.support_1_0
79739853aa3d68a4896c9083fb65ea77:-8628525313032725273	black.support_1_0
79ad7255a37cc7244a92401fde57c3ef	cutscene_swarm.cutscene_lamp_off7_0
79ad7255a37cc7244a92401fde57c3ef:7440933667093100790	cutscene_swarm.cutscene_lamp_off7_0
79b4cd76680488f43a760e5a633cf813	stunts_run.track_trick_kingkongtobend_0
79b4cd76680488f43a760e5a633cf813:-773583612554610670	stunts_run.track_trick_kingkongtobend_2
79b4cd76680488f43a760e5a633cf813:3214737005860907391	stunts_run.track_trick_kingkongtobend_1
79b4cd76680488f43a760e5a633cf813:5925059338313895963	stunts_run.track_trick_kingkongtobend_0
79b53a2dba5120e45b1713607f1e1a05	black.slope_3_1_0
79b53a2dba5120e45b1713607f1e1a05:-4888061694453751851	black.slope_3_1_0
79d728794af465c478696379b390c957	walls.pipeline_meter_small_red_0
79d728794af465c478696379b390c957:-6746055342148622108	walls.pipeline_meter_small_red_0
79fb5d1aec686e64bbfc505b0e91df46	traps_shadows.emitter_soaring_wing_2_0
79fb5d1aec686e64bbfc505b0e91df46:-4871483575021351008	traps_shadows.emitter_soaring_wing_2_0
7a2f1bd628d1b23469c1193a010ec75c	zone2.slope19_0
7a2f1bd628d1b23469c1193a010ec75c:-1812797141986185544	zone2.slope19_0
7a45b1ef578a0a241a2f644d5f7f92e8	traps_shadows.black_ball_flap_0
7a45b1ef578a0a241a2f644d5f7f92e8:-950203821134582320	traps_shadows.black_ball_flap_0
7a489dd38ebbe1648b9e667a5d46ad84	zone2.slope12_0
7a489dd38ebbe1648b9e667a5d46ad84:4303310055042857932	zone2.slope12_0
7a5598e8a5faa364b9e06a1559ba1721	stunts_run.track_trick_swallow_0
7a5598e8a5faa364b9e06a1559ba1721:-2217564869214375495	stunts_run.track_trick_swallow_0
7a92a335f0820574baabde2cea5af477	traps_shadows.gradient_0
7a92a335f0820574baabde2cea5af477:955359509236273668	traps_shadows.gradient_0
7aad1809d9fc6ad47abe81e128640a55	memory_terminal.6_0
7aad1809d9fc6ad47abe81e128640a55:5635104779996991008	memory_terminal.6_0
7ad7f091e4d9dde4c88a6061d922fd74	black.manipulator_alpha_5_0
7ad7f091e4d9dde4c88a6061d922fd74:471493690280827076	black.manipulator_alpha_5_0
7ae65a7944b5ef447bdb5880368a6cfc	zone2.heavy_panel51_0
7ae65a7944b5ef447bdb5880368a6cfc:-2490131374958871910	zone2.heavy_panel51_0
7aeca74b45fee6a4f8bc7f6c9620d26c	walls.pipeline_arris_light_red_0
7aeca74b45fee6a4f8bc7f6c9620d26c:-3381787594701207736	walls.pipeline_arris_light_red_0
7ba84da7016cc7e43a3309ff7a15199c	zone2.ventilator9_0
7ba84da7016cc7e43a3309ff7a15199c:-5568261866040066421	zone2.ventilator9_0
7bd73d09915b4c54c8b86d7422092a03	zone2.slope17_0
7bd73d09915b4c54c8b86d7422092a03:7049558694289065661	zone2.slope17_0
7c44ceaf39f1f0e48909755d6ce46d17	electric_factory_1.plan_3-4_0
7c44ceaf39f1f0e48909755d6ce46d17:4533286305756331720	electric_factory_1.plan_3-4_0
7c75c5b38e1d6cb4ab7c1b9a902e250f	walls.pw_angle_down_0
7c75c5b38e1d6cb4ab7c1b9a902e250f:-7712280651950490789	walls.pw_angle_down_0
7c9f24609e081c44b8fd60061451fd91	zone2.decal_light_line_0
7c9f24609e081c44b8fd60061451fd91:-4988774543475885214	zone2.decal_light_line_0
7cad9f4f6696090439ffb0bdd3669cef	metal_pillars.plan_5_0
7cad9f4f6696090439ffb0bdd3669cef:-6503988889051746099	metal_pillars.plan_5_0
7ccf7ab0354cbc44ab2b2eeb5e1a3136	blue_crystal_lab.plan_4_2_0
7ccf7ab0354cbc44ab2b2eeb5e1a3136:7347365878080517384	blue_crystal_lab.plan_4_2_0
7cd773342950196498ad96d96b3753d0	walls.wbth_wall_angle_down_2_0
7cd773342950196498ad96d96b3753d0:-889148596172998451	walls.wbth_wall_angle_down_2_0
7d2dec99c29010b4bad5ba3b16737eb5	zone2.light_panel4_0
7d2dec99c29010b4bad5ba3b16737eb5:3949459508531422647	zone2.light_panel4_0
7d31ca6768bf2cf46a7a079661f4f3a5	zone2.heavy_panel4_0
7d31ca6768bf2cf46a7a079661f4f3a5:6309310613335477033	zone2.heavy_panel4_0
7d6252eb49e949a41ad2f42352ce9e6d	walls.hex_blue_0
7d6252eb49e949a41ad2f42352ce9e6d:7634744621927363179	walls.hex_blue_0
7d779ed591de4dc4095cd4f588c57a33	walls.cords_underfloor_edge_light_0
7d779ed591de4dc4095cd4f588c57a33:4301340500259994186	walls.cords_underfloor_edge_light_0
7d8644da75477c14681c60c477cba70a	traps_shadows.mine_pillar4_0
7d8644da75477c14681c60c477cba70a:8470231369591232990	traps_shadows.mine_pillar4_0
7d96bb43ded3bc84aab824ed7fc29e95	q_fuzesocket.3_0
7d96bb43ded3bc84aab824ed7fc29e95:8700260951521906663	q_fuzesocket.3_0
7d984028a9822914b8f16097f7294505	walls.holographic_interface_bar1_0
7d984028a9822914b8f16097f7294505:-3792512523656063132	walls.holographic_interface_bar1_0
7dce9f65c5a85884f8022602ada2187c	zone2.heavy_panel33_0
7dce9f65c5a85884f8022602ada2187c:-2363985331981207019	zone2.heavy_panel33_0
7ddabcd4a3778aa44ba5da2543d8ac59	q_scanner.12_0
7ddabcd4a3778aa44ba5da2543d8ac59:6928967022063973675	q_scanner.12_0
7de6876529303ba4ca78e9df098496eb	stunts_run.track_trick_doublespintoroll_0
7de6876529303ba4ca78e9df098496eb:-4934874569915049838	stunts_run.track_trick_doublespintoroll_0
7e3d8015c46c0a346864fd7c9a3559a1	walls.pipeline_edge_shadow_green_0
7e3d8015c46c0a346864fd7c9a3559a1:-496699716024486838	walls.pipeline_edge_shadow_green_0
7e44192717df73f4ea49c72c502c2b65	walls.ws_laser_0
7e44192717df73f4ea49c72c502c2b65:-6241562950898840405	walls.ws_laser_0
7e596929a77250f45830f44dba0db9b6	walls.pipeline_edge_shadow_red_0
7e596929a77250f45830f44dba0db9b6:-8581662583349074196	walls.pipeline_edge_shadow_red_0
7e8981cfbc636674bae7a9492ba35939	walls.pipeline_divarication_red_0
7e8981cfbc636674bae7a9492ba35939:-1620384456554075427	walls.pipeline_divarication_red_0
7ea689715f62d1a45ac8a0043e9a6c26	black.manipulator_charlie_4_0
7ea689715f62d1a45ac8a0043e9a6c26:2439176224053616115	black.manipulator_charlie_4_0
7f3a291dee9fe1843b7032f0af3aa577	black.angle_45_hard_512x512_simple_0
7f3a291dee9fe1843b7032f0af3aa577:-7022626176508177457	black.angle_45_hard_512x512_simple_0
7f4ef37d10cfa7440a87f50f81276174	q_server.server8_0
7f4ef37d10cfa7440a87f50f81276174:-4007822379969274018	q_server.server8_0
7f5743fea16d08044baa2578be68771e	walls.wb_wide_frame_down_0
7f5743fea16d08044baa2578be68771e:3983567053887345128	walls.wb_wide_frame_down_0
7f72e78006cc7574b89e006462c34595	walls.ws_blackball_0
7f72e78006cc7574b89e006462c34595:-3581259245299786234	walls.ws_blackball_0
7fca5fca4c857e1428d295acc0299805	black.floor_obstacle_1_1_0
7fca5fca4c857e1428d295acc0299805:-3382447231019007276	black.floor_obstacle_1_1_0
80185838250ace947a2d4ffad4cd9228	walls.panel_blue_underfloor_0
80185838250ace947a2d4ffad4cd9228:4767314551746934692	walls.panel_blue_underfloor_0
8058a54498fd9ab4d9bde5f4d969355a	walls.wbth_wall_angle_up_1_0
8058a54498fd9ab4d9bde5f4d969355a:-4268572530878225570	walls.wbth_wall_angle_up_1_0
80b28f3a61641f944b506db2c5732fbc	traps_seq.mine_blink_1_0
80b28f3a61641f944b506db2c5732fbc:-3889954231049870310	traps_seq.mine_blink_1_0
810d8a9c7d0347347817cda18ed2d113	walls.wbth_horizontal_0
810d8a9c7d0347347817cda18ed2d113:335055423806361320	walls.wbth_horizontal_0
8114151a646e29e4591c6a9da79b72ee	traps_shadows.emitter_soaring_lamp_0
8114151a646e29e4591c6a9da79b72ee:-1510988263476514136	traps_shadows.emitter_soaring_lamp_0
813ac5052d9aa7f4dad0c1d8cfb059eb	bg_red_crane.1_3_0
813ac5052d9aa7f4dad0c1d8cfb059eb:3440636254822486948	bg_red_crane.1_3_0
8182ee2f0db86a7448973982da6eb085	walls.wbsh_tee_2_0
8182ee2f0db86a7448973982da6eb085:1069747414859281291	walls.wbsh_tee_2_0
8199d8220c5b4d44599699a17b490668	stunts_run.track_trick_jumptumble_0
8199d8220c5b4d44599699a17b490668:7432497708062172872	stunts_run.track_trick_jumptumble_0
81d1fa78e5f99924cbec885b46fd2642	zone2.heavy_panel37_0
81d1fa78e5f99924cbec885b46fd2642:524588650012893704	zone2.heavy_panel37_0
81d726a5616bf354197231b143bf07ef	walls.pipeline_hight_pressure_green_0
81d726a5616bf354197231b143bf07ef:-2054047867297438180	walls.pipeline_hight_pressure_green_4
81d726a5616bf354197231b143bf07ef:-3345369290525956403	walls.pipeline_hight_pressure_green_15
81d726a5616bf354197231b143bf07ef:-3462389627877561413	walls.pipeline_hight_pressure_green_10
81d726a5616bf354197231b143bf07ef:-4863953142314597238	walls.pipeline_hight_pressure_green_0
81d726a5616bf354197231b143bf07ef:-5044911884389191869	walls.pipeline_hight_pressure_green_3
81d726a5616bf354197231b143bf07ef:-5572505138351899535	walls.pipeline_hight_pressure_green_8
81d726a5616bf354197231b143bf07ef:-6165636357143231419	walls.pipeline_hight_pressure_green_12
81d726a5616bf354197231b143bf07ef:-6419843654769583011	walls.pipeline_hight_pressure_green_16
81d726a5616bf354197231b143bf07ef:-6526077288796356084	walls.pipeline_hight_pressure_green_7
81d726a5616bf354197231b143bf07ef:-6599694528609575012	walls.pipeline_hight_pressure_green_17
81d726a5616bf354197231b143bf07ef:-6734026354724506222	walls.pipeline_hight_pressure_green_2
81d726a5616bf354197231b143bf07ef:-7985975822401848225	walls.pipeline_hight_pressure_green_18
81d726a5616bf354197231b143bf07ef:1972405618838589019	walls.pipeline_hight_pressure_green_6
81d726a5616bf354197231b143bf07ef:2865726513104028210	walls.pipeline_hight_pressure_green_19
81d726a5616bf354197231b143bf07ef:4837971897105594490	walls.pipeline_hight_pressure_green_13
81d726a5616bf354197231b143bf07ef:4838258867607603699	walls.pipeline_hight_pressure_green_20
81d726a5616bf354197231b143bf07ef:5982239477235010221	walls.pipeline_hight_pressure_green_1
81d726a5616bf354197231b143bf07ef:6757688198511072981	walls.pipeline_hight_pressure_green_14
81d726a5616bf354197231b143bf07ef:8184081006562316589	walls.pipeline_hight_pressure_green_5
81d726a5616bf354197231b143bf07ef:8599338215020308476	walls.pipeline_hight_pressure_green_11
81d726a5616bf354197231b143bf07ef:9207883731476522259	walls.pipeline_hight_pressure_green_9
81db85214b57ef049a90eac4136a2d5f	zone2.ventilator23_0
81db85214b57ef049a90eac4136a2d5f:4051259328697033278	zone2.ventilator23_0
81f7cf236350f8548a2f4d5605a5d827	zone2.ventilator16_0
81f7cf236350f8548a2f4d5605a5d827:-4446308436669079611	zone2.ventilator16_1
81f7cf236350f8548a2f4d5605a5d827:-5602541028453359094	zone2.ventilator16_4
81f7cf236350f8548a2f4d5605a5d827:-723551399927596938	zone2.ventilator16_3
81f7cf236350f8548a2f4d5605a5d827:1810607978157566905	zone2.ventilator16_0
81f7cf236350f8548a2f4d5605a5d827:3944927420757106358	zone2.ventilator16_7
81f7cf236350f8548a2f4d5605a5d827:4177978891767930696	zone2.ventilator16_5
81f7cf236350f8548a2f4d5605a5d827:6648519695334366422	zone2.ventilator16_6
81f7cf236350f8548a2f4d5605a5d827:8426107659318412359	zone2.ventilator16_2
81fb9c89080484c4a9beb2eb4448bb3a	traps_shadows.triple_bomb1_0
81fb9c89080484c4a9beb2eb4448bb3a:3200552824773556365	traps_shadows.triple_bomb1_0
8215712dc16990c41954efdeb09f81d6	zone2.v_white_0
8215712dc16990c41954efdeb09f81d6:-8271064627510265412	zone2.v_white_0
82725b57652f10b4d8ab9ad7b5d9b763	walls.decal_2_0
82725b57652f10b4d8ab9ad7b5d9b763:8010242530078165864	walls.decal_2_0
8293b0bc18300f54e86579b8e8b279d5	zone2.light_panel3_0
8293b0bc18300f54e86579b8e8b279d5:-6683840406125168541	zone2.light_panel3_0
82b7a3c243fe153489b7840f53538607	black.manipulator_alpha_1_0
82b7a3c243fe153489b7840f53538607:-8821182315359198121	black.manipulator_alpha_1_0
82d3ea9c4d9fc3e4881b39992d356a25	black.wires_0
82d3ea9c4d9fc3e4881b39992d356a25:6998264105672688238	black.wires_0
82fcccc9493388047bb5259fe352ba34	bg_barrel.3_2_0
82fcccc9493388047bb5259fe352ba34:-2884858729135116560	bg_barrel.3_2_0
83125d15c0dc8be4784a549c31e65749	zone2.door2_2_0
83125d15c0dc8be4784a549c31e65749:4950988855193039507	zone2.door2_2_0
8314b9b937472f0418f1925c23263a1e	zone2.light_panel21_0
8314b9b937472f0418f1925c23263a1e:-8660583633723050631	zone2.light_panel21_0
832471afa72ca4a42a78c722f2337fc0	cutscene_swarm.cutscene14_0
832471afa72ca4a42a78c722f2337fc0:-386431306335242972	cutscene_swarm.cutscene14_0
834c796804f25c84f968b5da76ed63dc	black.manipulator_alpha_4_0
834c796804f25c84f968b5da76ed63dc:-3835827972065586585	black.manipulator_alpha_4_0
8350e8c82b372944298156a348dc9088	black.silhouette_main_1_2_0
8350e8c82b372944298156a348dc9088:-8886461240014261584	black.silhouette_main_1_2_0
8359c3b562e712942926989c6a7ff081	traps_shadows.laser_sphere_cone_puls_0
8359c3b562e712942926989c6a7ff081:285386717702314299	traps_shadows.laser_sphere_cone_puls_0
83705a9456cbe524a977f1c0acac7d83	"\u0441\u0435\u0440\u0432\u0435\u0440\u043D\u0430\u044F \u0438\u043D\u0441\u0442\u0440\u0443\u043A\u0446\u0438\u044F_0"
83705a9456cbe524a977f1c0acac7d83:4807185586843112557	"\u0441\u0435\u0440\u0432\u0435\u0440\u043D\u0430\u044F \u0438\u043D\u0441\u0442\u0440\u0443\u043A\u0446\u0438\u044F_0"
83ef979c0dbecf54494d7918daa5a851	black.balk_1_0
83ef979c0dbecf54494d7918daa5a851:-5821512129205951474	black.balk_1_0
83faf318a865e694eb02d27179aa136c	warning_signs.divarication_up_down_holography_orange_install_0
83faf318a865e694eb02d27179aa136c:9014346855349651954	warning_signs.divarication_up_down_holography_orange_install_0
8400ad02ddb2c4d4ca6e95a78306bb1c	black.ceiling_silhouette_1_1_0
8400ad02ddb2c4d4ca6e95a78306bb1c:-8976675351403612607	black.ceiling_silhouette_1_1_0
84165866ac0905344aa6901baeffae6b	traps_shadows.flamethrowe_body_on1_0
84165866ac0905344aa6901baeffae6b:-5513599994346851811	traps_shadows.flamethrowe_body_on1_0
84355509a55ece94db4afc2ef55a8b0a	q_server.server16_0
84355509a55ece94db4afc2ef55a8b0a:-2697731984210258790	q_server.server16_0
84411f0c77ce75a418f39a1499144008	walls.wbsh_wall_angle_down_0
84411f0c77ce75a418f39a1499144008:-519733405057756719	walls.wbsh_wall_angle_down_0
84538361b804574409c907261fa85558	traps_shadows.gradient_intense_0
84538361b804574409c907261fa85558:8268957295320722547	traps_shadows.gradient_intense_0
845791c8534cc4042b1f36f47f7eda78	memory_terminal.8_0
845791c8534cc4042b1f36f47f7eda78:8027520031974157159	memory_terminal.8_0
846f4f73041e17b458d94436697b96ee	walls.cords_wall_recess_0
846f4f73041e17b458d94436697b96ee:277986166928812296	walls.cords_wall_recess_0
848fc0857ef691d45bbc324052f11d3d	walls.cords_underfloor_edge_light_0
848fc0857ef691d45bbc324052f11d3d:4301340500259994186	walls.cords_underfloor_edge_light_0
84960f63f867904419987def61e2b6f2	zone2.edge_gray3_0
84960f63f867904419987def61e2b6f2:4136588578997738263	zone2.edge_gray3_0
849a31ac7d336d040936ab62f05adfa4	traps_shadows.laser_body_pulse_0
849a31ac7d336d040936ab62f05adfa4:-4476267381150090026	traps_shadows.laser_body_pulse_0
84f17bbd810faa344af2fc53321b34dd	walls.wbsh_horizontal_up_0
84f17bbd810faa344af2fc53321b34dd:4945600901783986605	walls.wbsh_horizontal_up_0
8538161af1201714fa8ca620ab6d7845	lights.vent_lamp_0
8538161af1201714fa8ca620ab6d7845:-5515687797482737965	lights.vent_lamp_0
8554d4349547e034f8f1571cd866fa7e	q_powernode.5_0
8554d4349547e034f8f1571cd866fa7e:-1373320770477745433	q_powernode.5_0
8559d028be309aa469f5cfb0f7aa9830	electric_factory_1.plan_3-2_0
8559d028be309aa469f5cfb0f7aa9830:8181054714158973507	electric_factory_1.plan_3-2_0
8580b894f62036c45b3e5d5508fb0678	traps_shadows.mine_pillar3_0
8580b894f62036c45b3e5d5508fb0678:679369092313978081	traps_shadows.mine_pillar3_0
8584538c4f7a95448a6971986d7da192	stunts_run.track_trick_gatevault_0
8584538c4f7a95448a6971986d7da192:8240698135296242677	stunts_run.track_trick_gatevault_0
8592b91f51cf82f439dee3e1c03171be	walls.pipeline_edge_light_green_0
8592b91f51cf82f439dee3e1c03171be:7027628811017513918	walls.pipeline_edge_light_green_0
86129c32260c9ce478ae97360bfeb067	cutscene_swarm.cutscene_lamp_on7_0
86129c32260c9ce478ae97360bfeb067:-3851927407832344506	cutscene_swarm.cutscene_lamp_on7_0
863eb033e7391b6478bfad7312b40fac	stunts_run.track_trick_dashvault_0
863eb033e7391b6478bfad7312b40fac:740965230675630058	stunts_run.track_trick_dashvault_0
8649807575416ce439a9579aab7f402f	walls.panel_blue_underfloor_lightweight_lower_0
8649807575416ce439a9579aab7f402f:4761522431252513125	walls.panel_blue_underfloor_lightweight_lower_0
86514aa03a86e6b4f9f49ef61d363fb5	zone2.heavy_panel44_0
86514aa03a86e6b4f9f49ef61d363fb5:-6660227376014330190	zone2.heavy_panel44_0
865b3c0ed9889c545989113ad41ec0ec	walls.wb_wide_to_narrow_up_0
865b3c0ed9889c545989113ad41ec0ec:-7263360866107091983	walls.wb_wide_to_narrow_up_0
86abf49e35c175c48b03122be57c7e84	zone2.ventilator26_0
86abf49e35c175c48b03122be57c7e84:2105858749495059703	zone2.ventilator26_0
86b1de398258a0e42b90cfaa405723c8	walls.wbsh_wall_angle_beam_up_1_0
86b1de398258a0e42b90cfaa405723c8:333008275128681484	walls.wbsh_wall_angle_beam_up_1_0
86b5fdfcefe07c04a86919805b442153	walls.ws_electroball_0
86b5fdfcefe07c04a86919805b442153:-4890627579956282112	walls.ws_electroball_0
86c31d83b2930c64bbb54b2498927126	zone2.slope7_0
86c31d83b2930c64bbb54b2498927126:7810018692652054054	zone2.slope7_0
86c5f1d143ba98d4888b54a1f3594414	black.slope_1_3_0
86c5f1d143ba98d4888b54a1f3594414:-5820533224585409940	black.slope_1_3_0
86ca9386b0fdee042b83d75a648d306d	actives.activator1_0
86ca9386b0fdee042b83d75a648d306d:5477844278978007525	actives.activator1_0
86d6765a108d73f4f8dfa26d7b415ded	warning_signs.blackball_holography_orange_0
86d6765a108d73f4f8dfa26d7b415ded:-6663589625360950978	warning_signs.blackball_holography_orange_0
86db616c181811540a626cc9a217ab49	zone2.light_panel23_0
86db616c181811540a626cc9a217ab49:-8911752069968537407	zone2.light_panel23_0
86db829d26d3b2d4fb8bad5225e1d678	warning_signs.digit_1_0
86db829d26d3b2d4fb8bad5225e1d678:-8684684069257199760	warning_signs.digit_1_0
86e3dea9d803f864a8fe93b9a982f473	q_server.server16_0
86e3dea9d803f864a8fe93b9a982f473:-2697731984210258790	q_server.server16_0
86f06b997492be34e94305dba82adefb	traps_shadows.flamethrowe_body_on2_0
86f06b997492be34e94305dba82adefb:8335834069132856651	traps_shadows.flamethrowe_body_on2_0
870d415b329b4d946900a0409e283aad	walls.pipeline_arris_dark_red_0
870d415b329b4d946900a0409e283aad:-7160666230435921016	walls.pipeline_arris_dark_red_0
8712557a72decac4898ef9f5c2bfb087	walls.ww_frame_vertical_0
8712557a72decac4898ef9f5c2bfb087:-8115616488832914058	walls.ww_frame_vertical_0
872def2ced0405f4caf3348b96737443	bg_red_crane.1_10_0
872def2ced0405f4caf3348b96737443:679709916608444826	bg_red_crane.1_10_0
8743501241ff8644da1b1e2b90e612e4	zone2.door2_10_0
8743501241ff8644da1b1e2b90e612e4:-887622543428389529	zone2.door2_10_0
874d521548b3fbe4e92abe2b1616eeaa	bg_red_crane.1_20_0
874d521548b3fbe4e92abe2b1616eeaa:348489101926699229	bg_red_crane.1_20_0
87726e29f55829d47a268e0634da0a6f	stunts_run.track_trick_rolltostraightlegsflip_0
87726e29f55829d47a268e0634da0a6f:-2344842619828423448	stunts_run.track_trick_rolltostraightlegsflip_1
87726e29f55829d47a268e0634da0a6f:4511747445154994191	stunts_run.track_trick_rolltostraightlegsflip_0
87737ee73fde99f4890a8bdc432169ac	black.ceiling_silhouette_1_3_0
87737ee73fde99f4890a8bdc432169ac:392476766771203802	black.ceiling_silhouette_1_3_0
8792860acb955b742940c6be0d9c9361	far_city.plan_4_2_0
8792860acb955b742940c6be0d9c9361:-6894085252888029608	far_city.plan_4_2_0
879e4025002b673439cfef319bfe428f	zone2.scratch4_0
879e4025002b673439cfef319bfe428f:-2587331037757247039	zone2.scratch4_1
879e4025002b673439cfef319bfe428f:-5700342710065763605	zone2.scratch4_2
879e4025002b673439cfef319bfe428f:-7503914271875219602	zone2.scratch4_0
879e4025002b673439cfef319bfe428f:1512206986200781672	zone2.scratch4_3
879e4025002b673439cfef319bfe428f:8680958405300401961	zone2.scratch4_4
87ef4fccfdd2cb247bcc93b3e2adc456	zone2.ventilator1_0
87ef4fccfdd2cb247bcc93b3e2adc456:-7329410560901854739	zone2.ventilator1_0
87f2934757213e84e9877f61cb07f398	black.box_2_0
87f2934757213e84e9877f61cb07f398:2242710370077565972	black.box_2_0
87fedce876022ab4b924877fd4965b11	walls.hex_orange_0
87fedce876022ab4b924877fd4965b11:2538811214193023776	walls.hex_orange_0
880553a5e6e84c742aa42d153b34653e	blue_crystal_lab.plan_1_0
880553a5e6e84c742aa42d153b34653e:2080224417069005145	blue_crystal_lab.plan_1_0
8865a66b7b852714aaba4da6e65402cd	walls.column_white_1_0
8865a66b7b852714aaba4da6e65402cd:346494228411111765	walls.column_white_1_0
887a075904e81504f80ad29a4e1d194e	cutscene_swarm.cutscene_monitor6_0
887a075904e81504f80ad29a4e1d194e:5613724680382296316	cutscene_swarm.cutscene_monitor6_0
889cf23c5edfd2243a32b088b27fc14b	cutscene_swarm.cutscene15_0
889cf23c5edfd2243a32b088b27fc14b:-4800266628426293762	cutscene_swarm.cutscene15_0
88e3c9a8628bf6e4e8774bd3577023e6	stunts_run.track_trick_jumpdownroll_0
88e3c9a8628bf6e4e8774bd3577023e6:-5828208270070884016	stunts_run.track_trick_jumpdownroll_1
88e3c9a8628bf6e4e8774bd3577023e6:3578547509797758836	stunts_run.track_trick_jumpdownroll_0
88f53d775cbbb734ea21d6f3891c1f52	lights.lamp_bg_yellow_grad_edge_128x32_0
88f53d775cbbb734ea21d6f3891c1f52:2927008283595692570	lights.lamp_bg_yellow_grad_edge_128x32_0
890f58bf297c3264aa6b40fd21672750	stunts_run.track_trick_cheatgainer_0
890f58bf297c3264aa6b40fd21672750:-3397783749856250686	stunts_run.track_trick_cheatgainer_0
893ab27a6e557424689e10e1f387a836	walls.cords_type_atf_0
893ab27a6e557424689e10e1f387a836:-1445404803399436052	walls.cords_type_atf_2
893ab27a6e557424689e10e1f387a836:-6149286173195748030	walls.cords_type_atf_1
893ab27a6e557424689e10e1f387a836:1550728984875926803	walls.cords_type_atf_0
894a0f8bb8aaeb04da8a6e956f64e3d6	walls.panel_brown_underfloor_lightweight_lower_0
894a0f8bb8aaeb04da8a6e956f64e3d6:-3787058369234982878	walls.panel_brown_underfloor_lightweight_lower_0
898084c3a108eba4498488b85a95a6bf	warning_signs.digit_5_0
898084c3a108eba4498488b85a95a6bf:-5237342489858558144	warning_signs.digit_5_0
89bba3a23f0f0c14492ea04de5b64960	walls.wall_white_1x400_decals_0
89bba3a23f0f0c14492ea04de5b64960:-336090715562138606	walls.wall_white_1x400_decals_0
89c57df77907435e91f44fb036ed93f8	lights.lamp_bg_blue_foundation_center_2x8
89c57df77907435e91f44fb036ed93f8:21300000	lights.lamp_bg_blue_foundation_center_2x8
89c57df77907435e91f44fb036ed93f8:21300002	lights.lamp_bg_blue_foundation_edge_32x8
89c57df77907435e91f44fb036ed93f8:21300004	lights.lamp_bg_blue_grad_center_2x32
89c57df77907435e91f44fb036ed93f8:21300006	lights.lamp_bg_blue_grad_edge_128x32
89c57df77907435e91f44fb036ed93f8:21300008	lights.lamp_bg_blue_round_64x64
89c57df77907435e91f44fb036ed93f8:21300010	lights.lamp_bg_green_foundation_center_2x8
89c57df77907435e91f44fb036ed93f8:21300012	lights.lamp_bg_green_foundation_edge_32x8
89c57df77907435e91f44fb036ed93f8:21300014	lights.lamp_bg_green_grad_center_2x32
89c57df77907435e91f44fb036ed93f8:21300016	lights.lamp_bg_green_grad_edge_128x32
89c57df77907435e91f44fb036ed93f8:21300018	lights.lamp_bg_green_round_64x64
89c57df77907435e91f44fb036ed93f8:21300020	lights.lamp_bg_red_foundation_center_2x8
89c57df77907435e91f44fb036ed93f8:21300022	lights.lamp_bg_red_foundation_edge_32x8
89c57df77907435e91f44fb036ed93f8:21300024	lights.lamp_bg_red_grad_center_2x32
89c57df77907435e91f44fb036ed93f8:21300026	lights.lamp_bg_red_grad_edge_128x32
89c57df77907435e91f44fb036ed93f8:21300028	lights.lamp_bg_yellow_foundation_center_2x8
89c57df77907435e91f44fb036ed93f8:21300030	lights.lamp_bg_yellow_foundation_edge_32x8
89c57df77907435e91f44fb036ed93f8:21300032	lights.lamp_bg_yellow_grad_center_2x32
89c57df77907435e91f44fb036ed93f8:21300034	lights.lamp_bg_yellow_grad_edge_128x32
89c57df77907435e91f44fb036ed93f8:21300036	lights.lamp_bg_yellow_round_64x64
89c57df77907435e91f44fb036ed93f8:21300038	lights.lamp_blue_1
89c57df77907435e91f44fb036ed93f8:21300040	lights.lamp_gradient
89c57df77907435e91f44fb036ed93f8:21300042	lights.lamp_gradient_intense
89c57df77907435e91f44fb036ed93f8:21300044	lights.lamp_v_white
89c57df77907435e91f44fb036ed93f8:21300046	lights.liftlamp
89c57df77907435e91f44fb036ed93f8:21300048	lights.vent_lamp
89c57df77907435e91f44fb036ed93f8:21300050	lights.z2_1
89f112c75efac8c4b92d3f1d844e5433	electric_factory_1.plan_2-1_0
89f112c75efac8c4b92d3f1d844e5433:3221750730037012337	electric_factory_1.plan_2-1_0
89f69ad8b02dd0140a3764d88c7c6ce4	walls.panel_brown_underfloor_lightweight_0
89f69ad8b02dd0140a3764d88c7c6ce4:-256372398872246723	walls.panel_brown_underfloor_lightweight_0
89fa4f1c766f0e740bc656f7402f846a	cutscene_awaken.cutscene_awakening5_0
89fa4f1c766f0e740bc656f7402f846a:6946988352540381629	cutscene_awaken.cutscene_awakening5_0
8a1ed52ba26f03b4fa9589cf180c0d97	black.ceiling_silhouette_1_2_0
8a1ed52ba26f03b4fa9589cf180c0d97:3144329037699775372	black.ceiling_silhouette_1_2_0
8a39488f2b59d0d43ae1efd40fcd354a	q_server.server5_0
8a39488f2b59d0d43ae1efd40fcd354a:-6171291654499183069	q_server.server5_0
8a504f62190dcc349b1e78ca45ffc479	bg_barrel.1_9_0
8a504f62190dcc349b1e78ca45ffc479:7497974453613711106	bg_barrel.1_9_0
8a6b68b0c400ac2499c8a63bd3e531bb	traps_shadows.v_white_0
8a6b68b0c400ac2499c8a63bd3e531bb:1372624141318657928	traps_shadows.v_white_0
8a8f30f34f6369e4181edec1ce5c4a01	black.pedestal_1_2_0
8a8f30f34f6369e4181edec1ce5c4a01:-3241261002003167845	black.pedestal_1_2_0
8af4888a0926dae4899069cc31b7f777	black.slope_2_3_0
8af4888a0926dae4899069cc31b7f777:8036102503431048520	black.slope_2_3_0
8afd13b7cd3576f4ea508cf48c3f6c3b	warning_signs.digit_8_0
8afd13b7cd3576f4ea508cf48c3f6c3b:-4391117507240989813	warning_signs.digit_8_0
8b06c2eebe2377c4b9222b2b17ba239a	zone2.heavy_panel22_0
8b06c2eebe2377c4b9222b2b17ba239a:3344181705655172685	zone2.heavy_panel22_0
8b3efc4df78c93d4fae0287c6c62d251	walls.pipeline_wall_recess_red_0
8b3efc4df78c93d4fae0287c6c62d251:5199467281728680523	walls.pipeline_wall_recess_red_0
8b45d7a08c2175f419932a5e2e4bbd8e	walls.pipeline_meter_small_green_0
8b45d7a08c2175f419932a5e2e4bbd8e:-7236387723067880428	walls.pipeline_meter_small_green_0
8b4fe6f2f8f92c244b42717daca28dc6	stunts_run.track_trick_obstaclefrontflip_0
8b4fe6f2f8f92c244b42717daca28dc6:-6063387128963659201	stunts_run.track_trick_obstaclefrontflip_1
8b4fe6f2f8f92c244b42717daca28dc6:7503905183199599400	stunts_run.track_trick_obstaclefrontflip_0
8b79238532af0784fb964409ededc08c	black.slope_3_2_0
8b79238532af0784fb964409ededc08c:4144985909034130955	black.slope_3_2_0
8b8cbf155cd611a47a4a969a680b4838	zone2.light_panel23_0
8b8cbf155cd611a47a4a969a680b4838:-8911752069968537407	zone2.light_panel23_0
8b90483f4793af5468f677cdf263d58a	stunts_run.stunt_lock_0
8b90483f4793af5468f677cdf263d58a:-2757120340911219462	stunts_run.stunt_lock_0
8b9f3fb972472fa4e86002cfc510e185	zone2.darkness_switch3_0
8b9f3fb972472fa4e86002cfc510e185:1600084838265479421	zone2.darkness_switch3_0
8bab88b587d147c469369ccdd4c3c059	q_server.server4_0
8bab88b587d147c469369ccdd4c3c059:-2403877472850760586	q_server.server4_0
8bb368c7bffd01b41b7817abee6adcf8	zone2.cords2-3_0
8bb368c7bffd01b41b7817abee6adcf8:3929046872506586615	zone2.cords2-3_0
8bdf3eeb6b444af4192139ebbd2af845	blue_crystal_lab.plan_5_0
8bdf3eeb6b444af4192139ebbd2af845:-3131675131967461735	blue_crystal_lab.plan_5_0
8be7f6afc5db00e4d9951cbb5c4364ec	black.silhouette_main_3_8_0
8be7f6afc5db00e4d9951cbb5c4364ec:935511561673721443	black.silhouette_main_3_8_0
8bf8800e1fad9b84eb56af0692f3b87b	walls.pipeline_wall_recess_blue_0
8bf8800e1fad9b84eb56af0692f3b87b:-5309468548529208850	walls.pipeline_wall_recess_blue_0
8bff44735726e2f4ea1de16b0f034181	walls.wbsh_beam_3_0
8bff44735726e2f4ea1de16b0f034181:9112425030606855420	walls.wbsh_beam_3_0
8c2c2499813484d4db5edae06dcfa05b	walls.wb_tee_up_0
8c2c2499813484d4db5edae06dcfa05b:-571508735373918445	walls.wb_tee_up_0
8c60c7e53faefb14f88d0962515d8cd7	q_powernode.8_0
8c60c7e53faefb14f88d0962515d8cd7:4797198246547787846	q_powernode.8_0
8c66fe0a9e7473d46bc3a4f14224421f	walls.recessed_panel_edge_2_0
8c66fe0a9e7473d46bc3a4f14224421f:-5234633683120137640	walls.recessed_panel_edge_2_0
8c69feed65793294598faaf3ec994a7f	traps_shadows.flamethrower_vertical_on1_0
8c69feed65793294598faaf3ec994a7f:-4966870490826501921	traps_shadows.flamethrower_vertical_on1_0
8c6bc962b2e654a4f8a918ca6e16df83	traps_shadows.flamethrower_horizontal_on1_0
8c6bc962b2e654a4f8a918ca6e16df83:-6890815315270469278	traps_shadows.flamethrower_horizontal_on1_0
8c84026a253ee8f448d3ca0ef2edc09e	black.manipulator_alpha_2_0
8c84026a253ee8f448d3ca0ef2edc09e:143728310832149245	black.manipulator_alpha_2_0
8cc6135f11d84ee4184786bbab46c1b6	zone2.heavy_panel7_0
8cc6135f11d84ee4184786bbab46c1b6:1640453485593560780	zone2.heavy_panel7_0
8cd904f8c5db9264b8e396eb924f269e	warning_signs.acceleration_holographic_0
8cd904f8c5db9264b8e396eb924f269e:-5788968654010523149	warning_signs.acceleration_holographic_2
8cd904f8c5db9264b8e396eb924f269e:4187895482129416839	warning_signs.acceleration_holographic_0
8cd904f8c5db9264b8e396eb924f269e:6729591323124127934	warning_signs.acceleration_holographic_1
8ce6b8bcf105dce47a8344d0dc720eac	walls.cords_underfloor_main_0
8ce6b8bcf105dce47a8344d0dc720eac:2454791963318970990	walls.cords_underfloor_main_0
8d36978435bb92a48b78673722a70af4	q_reactor.tubes_heat_0
8d36978435bb92a48b78673722a70af4:2511928455269612061	q_reactor.tubes_heat_0
8d3bcb75f4c1bfd438f1396d64159d2d	traps_shadows.electro_horizontal_0
8d3bcb75f4c1bfd438f1396d64159d2d:-8800020187443365311	traps_shadows.electro_horizontal_0
8d62a0f8f2a115d40969092748bb9c98	warning_signs.digit_6_0
8d62a0f8f2a115d40969092748bb9c98:-5550448791130376997	warning_signs.digit_6_0
8d633908773df3c4b9b45f4af95fedae	memory_terminal.9_0
8d633908773df3c4b9b45f4af95fedae:9066315904865124973	memory_terminal.9_0
8d9ac8265328b6740aa9e98965837f4f	zone2.cords2-1_0
8d9ac8265328b6740aa9e98965837f4f:-2667939320425614355	zone2.cords2-1_0
8dd8a143948fbea4b82f5afde88508af	walls.pipeline_hight_pressure_blue_0
8dd8a143948fbea4b82f5afde88508af:-1668458842551361499	walls.pipeline_hight_pressure_blue_18
8dd8a143948fbea4b82f5afde88508af:-5744259488072509473	walls.pipeline_hight_pressure_blue_7
8dd8a143948fbea4b82f5afde88508af:-6501448114163806664	walls.pipeline_hight_pressure_blue_19
8dd8a143948fbea4b82f5afde88508af:-7351074285347694041	walls.pipeline_hight_pressure_blue_16
8dd8a143948fbea4b82f5afde88508af:-8222536764845056825	walls.pipeline_hight_pressure_blue_20
8dd8a143948fbea4b82f5afde88508af:-91462504149684988	walls.pipeline_hight_pressure_blue_2
8dd8a143948fbea4b82f5afde88508af:1666113540529742270	walls.pipeline_hight_pressure_blue_13
8dd8a143948fbea4b82f5afde88508af:1674531570984642385	walls.pipeline_hight_pressure_blue_17
8dd8a143948fbea4b82f5afde88508af:2120910925431727386	walls.pipeline_hight_pressure_blue_1
8dd8a143948fbea4b82f5afde88508af:2144409906854018166	walls.pipeline_hight_pressure_blue_12
8dd8a143948fbea4b82f5afde88508af:2650297027594409981	walls.pipeline_hight_pressure_blue_3
8dd8a143948fbea4b82f5afde88508af:2717883284699717299	walls.pipeline_hight_pressure_blue_5
8dd8a143948fbea4b82f5afde88508af:3942723815330143498	walls.pipeline_hight_pressure_blue_15
8dd8a143948fbea4b82f5afde88508af:4383730814944145025	walls.pipeline_hight_pressure_blue_9
8dd8a143948fbea4b82f5afde88508af:5067999005355474841	walls.pipeline_hight_pressure_blue_0
8dd8a143948fbea4b82f5afde88508af:5122131393324457162	walls.pipeline_hight_pressure_blue_14
8dd8a143948fbea4b82f5afde88508af:5574819315571277511	walls.pipeline_hight_pressure_blue_8
8dd8a143948fbea4b82f5afde88508af:596180776951695694	walls.pipeline_hight_pressure_blue_11
8dd8a143948fbea4b82f5afde88508af:6259951693476649212	walls.pipeline_hight_pressure_blue_4
8dd8a143948fbea4b82f5afde88508af:7195546529894238156	walls.pipeline_hight_pressure_blue_21
8dd8a143948fbea4b82f5afde88508af:777122552601098111	walls.pipeline_hight_pressure_blue_10
8dd8a143948fbea4b82f5afde88508af:8582975766778611551	walls.pipeline_hight_pressure_blue_6
8dda5d3272e9c44409df247beb876dbd	q_scanner_terminal.5_0
8dda5d3272e9c44409df247beb876dbd:2059749434545088629	q_scanner_terminal.5_0
8e0554d57b4972b4998ceb83a18afafa	warning_signs.digit_0_0
8e0554d57b4972b4998ceb83a18afafa:8283657317508193891	warning_signs.digit_0_0
8e1b71805af04c74098aeeec5b2103db	traps_shadows.emitter_soaring_wing_shining_2_0
8e1b71805af04c74098aeeec5b2103db:-7277458727644192199	traps_shadows.emitter_soaring_wing_shining_2_0
8e7f80bf106584a4ea164a0abd11c12a	black.support_1_0
8e7f80bf106584a4ea164a0abd11c12a:-8628525313032725273	black.support_1_0
8ea002301c85776429870d211095a9ea	q_scanner_terminal.server7_0
8ea002301c85776429870d211095a9ea:697094220776366575	q_scanner_terminal.server7_0
8eb7fc3816c3e5848afa5b9c1ae4368b	stunts_run.track_trick_doubleback_0
8eb7fc3816c3e5848afa5b9c1ae4368b:-3494383752352372399	stunts_run.track_trick_doubleback_0
8eb7fc3816c3e5848afa5b9c1ae4368b:-7770027597475910	stunts_run.track_trick_doubleback_1
8eb7fc3816c3e5848afa5b9c1ae4368b:426208314571965883	stunts_run.track_trick_doubleback_2
8ebabcab93000134bada070e01d8ec5d	traps_shadows.sound_trap7_0
8ebabcab93000134bada070e01d8ec5d:3169573999548211508	traps_shadows.sound_trap7_0
8f0f7a7929fc9f34d9a193a91f6eca5d	stunts_run.track_trick_spinbicycle_0
8f0f7a7929fc9f34d9a193a91f6eca5d:-4821277246481022227	stunts_run.track_trick_spinbicycle_0
8fcc086fe3415764c94a2376e952ab54	cutscene_swarm.cutscene_monitor2_0
8fcc086fe3415764c94a2376e952ab54:1343664184864120384	cutscene_swarm.cutscene_monitor2_0
8ff085605e8c06843a1e61efad14cbc5	black.slope_1_2_0
8ff085605e8c06843a1e61efad14cbc5:442634393953446211	black.slope_1_2_0
900fea4e95c636d4781192b5d1d98325	q_scanner_terminal.server6_0
900fea4e95c636d4781192b5d1d98325:-5138049423660994385	q_scanner_terminal.server6_0
90344943aacab2d449f518b3badbf5b6	cutscene_swarm.cutscene7_0
90344943aacab2d449f518b3badbf5b6:151948891709344461	cutscene_swarm.cutscene7_0
9036bdb645c3b38438799586fc8f0d19	traps_shadows.sound_trap3_0
9036bdb645c3b38438799586fc8f0d19:-6041780647490008167	traps_shadows.sound_trap3_0
903e5363a9b319d49bc9a77e6c799645	stunts_run.track_trick_spinvault_0
903e5363a9b319d49bc9a77e6c799645:-2520956824152213415	stunts_run.track_trick_spinvault_0
90490e1c7a3de1b4b87f3b9b8abffebc	blue_crystal_lab.plan_2_5_0
90490e1c7a3de1b4b87f3b9b8abffebc:6228681970006621582	blue_crystal_lab.plan_2_5_0
9072696146d8c4e43a28730e859a62ba	traps_shadows.lightning_halo_0
9072696146d8c4e43a28730e859a62ba:8759550963302033697	traps_shadows.lightning_halo_0
907a91847065c7749a8aef63b0f91124	traps_shadows.black_ball_station3_0
907a91847065c7749a8aef63b0f91124:7836131982026953011	traps_shadows.black_ball_station3_0
90a11c21af98d6149a1b909a050d43b4	traps_shadows.mine_basis_0
90a11c21af98d6149a1b909a050d43b4:7145262636916895963	traps_shadows.mine_basis_0
90b3249d03ac76c4a91e8b33dc560f8a	stunts_run.track_trick_doublespintoroll_0
90b3249d03ac76c4a91e8b33dc560f8a:-4934874569915049838	stunts_run.track_trick_doublespintoroll_0
90d0ca3cf61b8ae488f18f2edf2e8d30	traps_shadows.swarm_shaft3_0
90d0ca3cf61b8ae488f18f2edf2e8d30:-3941510942710213989	traps_shadows.swarm_shaft3_0
91292cd5135d8f44c85679dbd81c5119	cutscene_swarm.cutscene_lamp1_0
91292cd5135d8f44c85679dbd81c5119:3764686025924842214	cutscene_swarm.cutscene_lamp1_0
912ea9ba72c7a7c479c52b36e64bbbab	walls.pipeline_pipeline_a24_red_0
912ea9ba72c7a7c479c52b36e64bbbab:-1176634510601053584	walls.pipeline_pipeline_a24_red_11
912ea9ba72c7a7c479c52b36e64bbbab:-2625638504471507034	walls.pipeline_pipeline_a24_red_4
912ea9ba72c7a7c479c52b36e64bbbab:-3450243296761977290	walls.pipeline_pipeline_a24_red_0
912ea9ba72c7a7c479c52b36e64bbbab:-3889091546352181673	walls.pipeline_pipeline_a24_red_7
912ea9ba72c7a7c479c52b36e64bbbab:-4635989024982856439	walls.pipeline_pipeline_a24_red_5
912ea9ba72c7a7c479c52b36e64bbbab:-6826360707570263253	walls.pipeline_pipeline_a24_red_10
912ea9ba72c7a7c479c52b36e64bbbab:-6938611413290837820	walls.pipeline_pipeline_a24_red_3
912ea9ba72c7a7c479c52b36e64bbbab:-7221539057111945309	walls.pipeline_pipeline_a24_red_1
912ea9ba72c7a7c479c52b36e64bbbab:-739809256872268128	walls.pipeline_pipeline_a24_red_8
912ea9ba72c7a7c479c52b36e64bbbab:-7617056017812813985	walls.pipeline_pipeline_a24_red_6
912ea9ba72c7a7c479c52b36e64bbbab:2065224819059750062	walls.pipeline_pipeline_a24_red_2
912ea9ba72c7a7c479c52b36e64bbbab:221134402704686452	walls.pipeline_pipeline_a24_red_9
91396220b38dee04794f27a1420f0442	stunts_run.track_trick_rolltostraightlegsflip_0
91396220b38dee04794f27a1420f0442:-2344842619828423448	stunts_run.track_trick_rolltostraightlegsflip_1
91396220b38dee04794f27a1420f0442:4511747445154994191	stunts_run.track_trick_rolltostraightlegsflip_0
91562e0c170679645989084f48150b33	zone2.manipulator2_0
91562e0c170679645989084f48150b33:-8911616324551166663	zone2.manipulator2_0
9185c74daf6576b47a84fbd0e828ef91	lights.lamp_bg_red_grad_edge_128x32_0
9185c74daf6576b47a84fbd0e828ef91:-8337015053799378607	lights.lamp_bg_red_grad_edge_128x32_0
91a116b4505bd3a4aa799cb2bad03dd7	q_server.server14_0
91a116b4505bd3a4aa799cb2bad03dd7:7682279946760781079	q_server.server14_0
91d8d38fab580094da53ce24f1c1c844	blue_crystal_lab.plan_0_0
91d8d38fab580094da53ce24f1c1c844:1602165214588018305	blue_crystal_lab.plan_0_0
91f80552af3ec334494d888183f00b38	black.ceiling_silhouette_1_3_0
91f80552af3ec334494d888183f00b38:392476766771203802	black.ceiling_silhouette_1_3_0
9207d4e0ff07c6f478903d0e4d0d1211	zone2.heavy_panel52_0
9207d4e0ff07c6f478903d0e4d0d1211:7067291799835649469	zone2.heavy_panel52_0
920f3c93415dbe84cacfa84d31f83991	zone2.ventilator4_0
920f3c93415dbe84cacfa84d31f83991:2360478308664455089	zone2.ventilator4_0
922dd03bfc3c0134ea2be4704fcf733c	traps_shadows.banner_2_top_0
922dd03bfc3c0134ea2be4704fcf733c:5359612061320694312	traps_shadows.banner_2_top_0
924508f4a190f4746903fac8c3abb667	traps_shadows.sound_trap7_0
924508f4a190f4746903fac8c3abb667:3169573999548211508	traps_shadows.sound_trap7_0
92585b47b3bf210408b1e8af4297e588	stunts_run.track_trick_longcircle_0
92585b47b3bf210408b1e8af4297e588:-1353101274270716608	stunts_run.track_trick_longcircle_0
926b7ce5c005c594e8c3741bfb3d96d0	traps_shadows.laser_body_pulse_0
926b7ce5c005c594e8c3741bfb3d96d0:-4476267381150090026	traps_shadows.laser_body_pulse_0
9274b14d19ccf264a9aa278747d75dc2	actives.activator1_0
9274b14d19ccf264a9aa278747d75dc2:5477844278978007525	actives.activator1_0
9285808f9b64fa24f83b44169c32e1b4	bg_red_crane.1_1_0
9285808f9b64fa24f83b44169c32e1b4:7549670215292247323	bg_red_crane.1_1_0
92dff45bdac270a4d91ebb35f0dee20a	stunts_run.track_trick_wallspeedvault_0
92dff45bdac270a4d91ebb35f0dee20a:2703059872112852372	stunts_run.track_trick_wallspeedvault_0
92f1984f2da1db54293f40bcae6597ad	traps_shadows.flamethrower_2_0
92f1984f2da1db54293f40bcae6597ad:507490270875773978	traps_shadows.flamethrower_2_0
92f7c0ef0ba944441b2bf5c1532c7302	walls.wbsh_wall_angle_up_0
92f7c0ef0ba944441b2bf5c1532c7302:-519657522734866390	walls.wbsh_wall_angle_up_0
92fe03e0a7dbc94449291aad19b56b4f	walls.pipeline_arris_dark_red_0
92fe03e0a7dbc94449291aad19b56b4f:-7160666230435921016	walls.pipeline_arris_dark_red_0
932036e523f7a1440a27510df7c77e14	zone2.slope13_0
932036e523f7a1440a27510df7c77e14:6391260428733353107	zone2.slope13_0
93258396c34fb644f8c39c46fe8ee0d8	zone2.door2_12_0
93258396c34fb644f8c39c46fe8ee0d8:8283334780496544632	zone2.door2_12_0
932b2c2da565a1e40ae30c84ba312b64	zone2.door2_11_0
932b2c2da565a1e40ae30c84ba312b64:4621935142000347246	zone2.door2_11_0
936634f02a2da654bab2303de2094918	cutscene_swarm.cutscene12_0
936634f02a2da654bab2303de2094918:4471577154181528571	cutscene_swarm.cutscene12_0
937971631ddb38f40801ce4f5c05c505	stunts_run.track_trick_airbomb_0
937971631ddb38f40801ce4f5c05c505:2705334254535655734	stunts_run.track_trick_airbomb_1
937971631ddb38f40801ce4f5c05c505:5198387403550617784	stunts_run.track_trick_airbomb_0
938c1a6a8bf704544a1ef1f6d17717f0	stunts_run.track_trick_foldflip_0
938c1a6a8bf704544a1ef1f6d17717f0:-4521388412572742678	stunts_run.track_trick_foldflip_0
938c1a6a8bf704544a1ef1f6d17717f0:-5789885044883184255	stunts_run.track_trick_foldflip_1
9399b5869ff70cd4b979eecdd93b31df	walls.panel_blue_underfloor_empty_0
9399b5869ff70cd4b979eecdd93b31df:-7265280723043451684	walls.panel_blue_underfloor_empty_0
93c142bf4d2f8bf4385cfb70537db3fc	far_city.plan_4_1_0
93c142bf4d2f8bf4385cfb70537db3fc:8962018822611883961	far_city.plan_4_1_0
93c425aab58203549b0df5273c730fdd	zone2.light_panel27_0
93c425aab58203549b0df5273c730fdd:-6316549873283627501	zone2.light_panel27_0
93d70080b504409419dbcaa06a686d7c	zone2.heavy_panel10_0
93d70080b504409419dbcaa06a686d7c:8362153820371420475	zone2.heavy_panel10_0
93d8ff972336e97478c916e84266ee7f	q_powernode.4_0
93d8ff972336e97478c916e84266ee7f:4575770048055846083	q_powernode.4_0
93ff4e8cd54aefa4ebbd2ff23a0c5359	traps_shadows.banner_1_top_0
93ff4e8cd54aefa4ebbd2ff23a0c5359:-6054165403999573806	traps_shadows.banner_1_top_0
9467be329a005684bac1c043eca3747a	black.tank_hooped_1_2_0
9467be329a005684bac1c043eca3747a:-8051538105677336273	black.tank_hooped_1_2_0
947f000f67b0ecb47a64a4cb0d691fd9	zone2.heavy_panel13_0
947f000f67b0ecb47a64a4cb0d691fd9:-7947184793469788251	zone2.heavy_panel13_0
94a612ae38a010f49903fbbe8e3cf68d	stunts_run.banner_1_main_0
94a612ae38a010f49903fbbe8e3cf68d:646724141726899679	stunts_run.banner_1_main_0
951badce870cad34391b0b3492bdba97	walls.pw_decal_light_down_0
951badce870cad34391b0b3492bdba97:-1535417006501370342	walls.pw_decal_light_down_0
952e9d025aead7346a8ab7c3cc02e475	traps_shadows.flamethrower_horizontal_0
952e9d025aead7346a8ab7c3cc02e475:7477619449031688729	traps_shadows.flamethrower_horizontal_0
9559b5b751819a142836ac6ef7ac9f0c	walls.pw_decal_light_center_up_0
9559b5b751819a142836ac6ef7ac9f0c:4827374276726265068	walls.pw_decal_light_center_up_0
955eff95e88e5d14b8df560a93cd3404	zone2.slope2_0
955eff95e88e5d14b8df560a93cd3404:-707850068755477806	zone2.slope2_0
9581180c0c1d9ac44aa09d433148c684	electric_factory_2.plan_5-1_0
9581180c0c1d9ac44aa09d433148c684:-251445505944613794	electric_factory_2.plan_5-1_0
959264911fbe725429cfb810cb83b431	black.barrel_256x256_simple_0
959264911fbe725429cfb810cb83b431:2004883815350604987	black.barrel_256x256_simple_0
95b7b48a5c654cf47b79cc2c249e8fc3	bg_red_crane.1_5_0
95b7b48a5c654cf47b79cc2c249e8fc3:4854612845737242077	bg_red_crane.1_5_0
95c710bbed6e40944ac14249e1aa3d8f	traps_shadows.banner_3_top_0
95c710bbed6e40944ac14249e1aa3d8f:-4575610480943899187	traps_shadows.banner_3_top_0
960e72f3e1714954d9488bbe204af039	black.battery_1_simple_0
960e72f3e1714954d9488bbe204af039:-5706807350156729296	black.battery_1_simple_0
9614625b0bfcc9a4897a59a86e2cd31d	electric_factory_1.plan_2-1_0
9614625b0bfcc9a4897a59a86e2cd31d:3221750730037012337	electric_factory_1.plan_2-1_0
964a42d36d553334f8158532aebe374c	walls.panel_blue_underfloor_empty_0
964a42d36d553334f8158532aebe374c:-7265280723043451684	walls.panel_blue_underfloor_empty_0
968d4e88ae4ef184989dd9dc52dc0a3d	walls.wb_tee_down_0
968d4e88ae4ef184989dd9dc52dc0a3d:5975521673109199116	walls.wb_tee_down_0
96a24d8160b4b324187cf30393697b16	zone2.grid_0
96a24d8160b4b324187cf30393697b16:-1867939699561034506	zone2.grid_0
97116e225e5314d4eb4f7f01076e2d37	zone2.heavy_panel38_0
97116e225e5314d4eb4f7f01076e2d37:3704630410835955709	zone2.heavy_panel38_0
972856bab1755e14398430510e36b844	walls.pw_decal_big_up_0
972856bab1755e14398430510e36b844:-2158018025702013486	walls.pw_decal_big_up_0
972c0568fd619d64b8da502ce7ab6e7a	zone2.door2_1_0
972c0568fd619d64b8da502ce7ab6e7a:-3265069374261947168	zone2.door2_1_0
975702d713c7f414788a315957e299e2	zone2.slope20_0
975702d713c7f414788a315957e299e2:7962658470548172397	zone2.slope20_0
977dce773ffe6b345a64b5d5a0438ff7	warning_signs.digit_3_0
977dce773ffe6b345a64b5d5a0438ff7:-2343001072593813779	warning_signs.digit_3_0
97afd75e34f68564baa2d212f09b7503	walls.wb_frame_angled_0
97afd75e34f68564baa2d212f09b7503:-6869738234495009764	walls.wb_frame_angled_0
97b41adeff5f6e54f8c6e05c2ffe7c02	walls.pipeline_meter_large_blue_0
97b41adeff5f6e54f8c6e05c2ffe7c02:8446236308913294175	walls.pipeline_meter_large_blue_0
97d079727f3a66847be072d98bb3c53a	black.floor_obstacle_1_3_0
97d079727f3a66847be072d98bb3c53a:2706096692760998763	black.floor_obstacle_1_3_0
986de776bf1582947b86231e467062be	zone2.slope6_0
986de776bf1582947b86231e467062be:-7438882150042260729	zone2.slope6_0
987174b02cd117c45b6e44e7f12247cc	walls.cord_for_tiling_0
987174b02cd117c45b6e44e7f12247cc:-3211284252353128171	walls.cord_for_tiling_0
987a4bb4e9f4ff24c944f95f9e9a80ab	bg_red_crane.1_11_0
987a4bb4e9f4ff24c944f95f9e9a80ab:9007461799309987950	bg_red_crane.1_11_0
98b83623b2bd46a499dfe4654241c6d8	walls.pipeline_edge_shadow_blue_0
98b83623b2bd46a499dfe4654241c6d8:-8177596937468953778	walls.pipeline_edge_shadow_blue_0
98bcaa9eb7d3a4249a8ba355d3540a92	walls.pipeline_meter_large_red_0
98bcaa9eb7d3a4249a8ba355d3540a92:8351779671441051423	walls.pipeline_meter_large_red_0
98fc5d9d2da565c408d4b9c6dff36b75	walls.wbsh_wall_angle_up_0
98fc5d9d2da565c408d4b9c6dff36b75:-519657522734866390	walls.wbsh_wall_angle_up_0
99262d66bc903604f827830a2f573d60	zone2.slope16_0
99262d66bc903604f827830a2f573d60:-1502814688182225231	zone2.slope16_0
9927dd4d6b7113543b003980f56cde29	lights.lamp_gradient_intense_0
9927dd4d6b7113543b003980f56cde29:-4705529790787368188	lights.lamp_gradient_intense_0
999c7019965db584b8738cbe456a281b	q_reactor.reactor_green_0
999c7019965db584b8738cbe456a281b:-2344926117334728877	q_reactor.reactor_green_0
99efe424a92e3e345a4200036923dc2f	black.manipulator_bravo_2_0
99efe424a92e3e345a4200036923dc2f:-1172071330719549164	black.manipulator_bravo_2_0
9a0aa2cda4360904bad76153ce0faf38	walls.cords_type_ats_0
9a0aa2cda4360904bad76153ce0faf38:-7316154912867576755	walls.cords_type_ats_3
9a0aa2cda4360904bad76153ce0faf38:-8379126669908199092	walls.cords_type_ats_1
9a0aa2cda4360904bad76153ce0faf38:3618830935902628892	walls.cords_type_ats_2
9a0aa2cda4360904bad76153ce0faf38:4304750323957740426	walls.cords_type_ats_0
9a0aa2cda4360904bad76153ce0faf38:4982550094060489917	walls.cords_type_ats_5
9a0aa2cda4360904bad76153ce0faf38:6293743778131573315	walls.cords_type_ats_4
9a6b3b4f9e2677a4093e11817f56a94f	zone2.slope17_0
9a6b3b4f9e2677a4093e11817f56a94f:7049558694289065661	zone2.slope17_0
9a7c93656b310a14ca8d834cf406cfce	memory_terminal.1_0
9a7c93656b310a14ca8d834cf406cfce:2965876000487151712	memory_terminal.1_0
9adf64cb2e4f640438474217759f9a12	black.v_black_0
9adf64cb2e4f640438474217759f9a12:5926038635892377623	black.v_black_0
9b0178a99848aba4080f685cd8e58287	q_scanner.8_0
9b0178a99848aba4080f685cd8e58287:-4292887931520369620	q_scanner.8_0
9b0178a99848aba4080f685cd8e58287:-7410386202315739019	q_scanner.8_9
9b0178a99848aba4080f685cd8e58287:-9041947896338761606	q_scanner.8_8
9b0178a99848aba4080f685cd8e58287:2695571545241957658	q_scanner.8_7
9b0178a99848aba4080f685cd8e58287:2749528812220685221	q_scanner.8_4
9b0178a99848aba4080f685cd8e58287:3646289323208999346	q_scanner.8_3
9b0178a99848aba4080f685cd8e58287:368062577689210779	q_scanner.8_11
9b0178a99848aba4080f685cd8e58287:4407989090369139394	q_scanner.8_2
9b0178a99848aba4080f685cd8e58287:5953509522413972951	q_scanner.8_6
9b0178a99848aba4080f685cd8e58287:6830365796689819922	q_scanner.8_5
9b0178a99848aba4080f685cd8e58287:8486778205490696738	q_scanner.8_1
9b0178a99848aba4080f685cd8e58287:9164522640204769726	q_scanner.8_10
9b4a64c2e6ade5c46a42fb7953edd282	memory_terminal.4_0
9b4a64c2e6ade5c46a42fb7953edd282:-1287063852761420807	memory_terminal.4_0
9bcc73e0aea8ad34a961014f3559b649	walls.pipeline_meter_small_blue_0
9bcc73e0aea8ad34a961014f3559b649:9107073597524935729	walls.pipeline_meter_small_blue_0
9bfb92d5553d04445a7d3e1fddbabdd6	stunts_run.track_trick_wallhop360_0
9bfb92d5553d04445a7d3e1fddbabdd6:-4696015392462619407	stunts_run.track_trick_wallhop360_0
9c014c198384a6548958a256857a79c8	zone2.trough_brown_0
9c014c198384a6548958a256857a79c8:-4797494145985206257	zone2.trough_brown_0
9c01979e64705c14ab5ad21da04b0d86	traps_shadows.mine_pillar7_0
9c01979e64705c14ab5ad21da04b0d86:-5743900655966616782	traps_shadows.mine_pillar7_0
9c068d28c435a26478556ba4c74342c5	bg_barrel.1_8_0
9c068d28c435a26478556ba4c74342c5:9134629782685954543	bg_barrel.1_8_0
9c44d0a0a4b98cc4587c39e128e1395a	walls.pipeline_connection_lever_blue_0
9c44d0a0a4b98cc4587c39e128e1395a:7147972440815600979	walls.pipeline_connection_lever_blue_0
9c6585cbac1a992459ca2933bb6f24a6	zone2.darkness_switch9_0
9c6585cbac1a992459ca2933bb6f24a6:-160906317307628188	zone2.darkness_switch9_18
9c6585cbac1a992459ca2933bb6f24a6:-204946698167194034	zone2.darkness_switch9_13
9c6585cbac1a992459ca2933bb6f24a6:-2532197510372982554	zone2.darkness_switch9_0
9c6585cbac1a992459ca2933bb6f24a6:-2981167551152833220	zone2.darkness_switch9_4
9c6585cbac1a992459ca2933bb6f24a6:-3386653142376673934	zone2.darkness_switch9_36
9c6585cbac1a992459ca2933bb6f24a6:-4065105637862835724	zone2.darkness_switch9_47
9c6585cbac1a992459ca2933bb6f24a6:-4113722030265418698	zone2.darkness_switch9_12
9c6585cbac1a992459ca2933bb6f24a6:-4495081392876200264	zone2.darkness_switch9_5
9c6585cbac1a992459ca2933bb6f24a6:-4510337194321556261	zone2.darkness_switch9_37
9c6585cbac1a992459ca2933bb6f24a6:-473171336948233393	zone2.darkness_switch9_28
9c6585cbac1a992459ca2933bb6f24a6:-5183883251563662485	zone2.darkness_switch9_27
9c6585cbac1a992459ca2933bb6f24a6:-5317163703068579217	zone2.darkness_switch9_17
9c6585cbac1a992459ca2933bb6f24a6:-5943391696717403074	zone2.darkness_switch9_8
9c6585cbac1a992459ca2933bb6f24a6:-5953088135756117141	zone2.darkness_switch9_1
9c6585cbac1a992459ca2933bb6f24a6:-614812787233489634	zone2.darkness_switch9_41
9c6585cbac1a992459ca2933bb6f24a6:-6319178389727796466	zone2.darkness_switch9_26
9c6585cbac1a992459ca2933bb6f24a6:-6481570763555969424	zone2.darkness_switch9_20
9c6585cbac1a992459ca2933bb6f24a6:-6812417884532504591	zone2.darkness_switch9_23
9c6585cbac1a992459ca2933bb6f24a6:-6917232302253033577	zone2.darkness_switch9_15
9c6585cbac1a992459ca2933bb6f24a6:-7298681402256110912	zone2.darkness_switch9_35
9c6585cbac1a992459ca2933bb6f24a6:-752640854767803821	zone2.darkness_switch9_25
9c6585cbac1a992459ca2933bb6f24a6:-7598316213346716348	zone2.darkness_switch9_6
9c6585cbac1a992459ca2933bb6f24a6:-8437128355627504271	zone2.darkness_switch9_9
9c6585cbac1a992459ca2933bb6f24a6:139749458794184443	zone2.darkness_switch9_42
9c6585cbac1a992459ca2933bb6f24a6:1500411328945205372	zone2.darkness_switch9_48
9c6585cbac1a992459ca2933bb6f24a6:1618156876340648017	zone2.darkness_switch9_22
9c6585cbac1a992459ca2933bb6f24a6:1730745665395570139	zone2.darkness_switch9_29
9c6585cbac1a992459ca2933bb6f24a6:2207262388728433853	zone2.darkness_switch9_44
9c6585cbac1a992459ca2933bb6f24a6:2361437984484134443	zone2.darkness_switch9_38
9c6585cbac1a992459ca2933bb6f24a6:383109195288800057	zone2.darkness_switch9_19
9c6585cbac1a992459ca2933bb6f24a6:4407149288012742831	zone2.darkness_switch9_24
9c6585cbac1a992459ca2933bb6f24a6:4539795119177782999	zone2.darkness_switch9_10
9c6585cbac1a992459ca2933bb6f24a6:4574392447086121758	zone2.darkness_switch9_11
9c6585cbac1a992459ca2933bb6f24a6:4953554427814919218	zone2.darkness_switch9_2
9c6585cbac1a992459ca2933bb6f24a6:5273273863721766434	zone2.darkness_switch9_21
9c6585cbac1a992459ca2933bb6f24a6:5305503578045991471	zone2.darkness_switch9_32
9c6585cbac1a992459ca2933bb6f24a6:594827073291360729	zone2.darkness_switch9_39
9c6585cbac1a992459ca2933bb6f24a6:6221225573074753601	zone2.darkness_switch9_16
9c6585cbac1a992459ca2933bb6f24a6:6399489346763064606	zone2.darkness_switch9_40
9c6585cbac1a992459ca2933bb6f24a6:6470385426650175316	zone2.darkness_switch9_30
9c6585cbac1a992459ca2933bb6f24a6:6599789422532093792	zone2.darkness_switch9_34
9c6585cbac1a992459ca2933bb6f24a6:6724831940295382343	zone2.darkness_switch9_43
9c6585cbac1a992459ca2933bb6f24a6:686601122892461295	zone2.darkness_switch9_31
9c6585cbac1a992459ca2933bb6f24a6:7566602095827624911	zone2.darkness_switch9_7
9c6585cbac1a992459ca2933bb6f24a6:7655108628469703424	zone2.darkness_switch9_33
9c6585cbac1a992459ca2933bb6f24a6:8277035510319404311	zone2.darkness_switch9_14
9c6585cbac1a992459ca2933bb6f24a6:8581616149723415456	zone2.darkness_switch9_46
9c6585cbac1a992459ca2933bb6f24a6:8843918606919279433	zone2.darkness_switch9_3
9c6585cbac1a992459ca2933bb6f24a6:9048208072346137502	zone2.darkness_switch9_45
9c74b20fece23cb47b574c5dd735c5de	zone2.door2_11_0
9c74b20fece23cb47b574c5dd735c5de:4621935142000347246	zone2.door2_11_0
9c91c5413a97efd4d8504cdad43c2320	zone2.manipulator2_0
9c91c5413a97efd4d8504cdad43c2320:-8911616324551166663	zone2.manipulator2_0
9cb66d1b1c8cf8f4a824587f58a0325e	zone2.ventilator30_0
9cb66d1b1c8cf8f4a824587f58a0325e:8822296441191176067	zone2.ventilator30_0
9cbe8158735a2a645bdf20e4d5982531	zone2.ventilator20_0
9cbe8158735a2a645bdf20e4d5982531:2830675510106556724	zone2.ventilator20_0
9cecec07fa4f86349894d7418f88aa2d	q_server.server17_0
9cecec07fa4f86349894d7418f88aa2d:6010409910719353737	q_server.server17_0
9cfbbb2ec155b2549a5d0b136ac850a1	lights.lamp_bg_yellow_round_64x64_0
9cfbbb2ec155b2549a5d0b136ac850a1:8401367040269946446	lights.lamp_bg_yellow_round_64x64_0
9d00325fa5970d346a3a0b948a82acc4	blue_crystal_lab.plan_2_8_0
9d00325fa5970d346a3a0b948a82acc4:4914128177071789827	blue_crystal_lab.plan_2_8_0
9d0356e45e544a24aa0396869f40042c	black.angle_0
9d0356e45e544a24aa0396869f40042c:-573672902365019695	black.angle_0
9d0bc4c3f0a97b74b8ad8810f48d876d	bg_communication.2_1_0
9d0bc4c3f0a97b74b8ad8810f48d876d:2411787063075260213	bg_communication.2_1_0
9d1d81566a121b44eb1e67df087167b1	walls.pw_decal_big_center_up_0
9d1d81566a121b44eb1e67df087167b1:126940996693534161	walls.pw_decal_big_center_up_0
9d33f48e85fe89346b69e47ae1ac4420	lights.liftlamp_0
9d33f48e85fe89346b69e47ae1ac4420:-7294295270055206681	lights.liftlamp_0
9d69a76168277e74487026420a93512e	bg_communication.2_3_0
9d69a76168277e74487026420a93512e:-8205187932948369095	bg_communication.2_3_0
9d7fce362adc4944491ad7fc0ec5a3ba	zone2.slope1_0
9d7fce362adc4944491ad7fc0ec5a3ba:-7973383416405720270	zone2.slope1_0
9d8e7afec0a582a47ac228c1eb2a2b76	black.obstacle_1_1_0
9d8e7afec0a582a47ac228c1eb2a2b76:-2304158832646345197	black.obstacle_1_1_0
9db2c50d48363be4fa10283d4c060518	cutscene_swarm.cutscene9_0
9db2c50d48363be4fa10283d4c060518:-6979100185217057532	cutscene_swarm.cutscene9_0
9db2c50d48363be4fa10283d4c060518:8727747511853734810	cutscene_swarm.cutscene9_1
9dc09911a743c69438679d89a1846455	stunts_run.banner_3_top_0
9dc09911a743c69438679d89a1846455:-8464776030835820138	stunts_run.banner_3_top_0
9dc181f6e49a93341b2010049010aabf	zone2.heavy_panel54_0
9dc181f6e49a93341b2010049010aabf:-7982167466392955624	zone2.heavy_panel54_0
9dc884576ff102844877a7b536d2a0cb	zone2.edge_gray5_0
9dc884576ff102844877a7b536d2a0cb:-3960891489765351205	zone2.edge_gray5_0
9dd344952d0ec3e419a88fac2f889344	zone2.heavy_panel28_0
9dd344952d0ec3e419a88fac2f889344:9205802202997837065	zone2.heavy_panel28_0
9dda387d1d53310419db1a2b66bc625c	black.floor_obstacle_1_2_0
9dda387d1d53310419db1a2b66bc625c:9204584894499271430	black.floor_obstacle_1_2_0
9e02474aff34554478863909edc84a09	warning_signs.swarm_0
9e02474aff34554478863909edc84a09:4507938971473974867	warning_signs.swarm_0
9e28d3b7d72971e4b890ec9ea017a696	bg_communication.2_2_0
9e28d3b7d72971e4b890ec9ea017a696:-5000076116632139027	bg_communication.2_2_0
9e2c032db0960cb4385ad8fd01fc2450	q_scanner.12_0
9e2c032db0960cb4385ad8fd01fc2450:6928967022063973675	q_scanner.12_0
9e8286d6f384f204f86becca3ab4f742	bg_red_crane.1_22_0
9e8286d6f384f204f86becca3ab4f742:-2536284193075057690	bg_red_crane.1_22_0
9e8a2cb16f8955f4b8ae98343c994b0f	zone2.heavy_panel45_0
9e8a2cb16f8955f4b8ae98343c994b0f:-609876170818986393	zone2.heavy_panel45_0
9eb374590771eaf4a9a68997ced1b38d	q_reactor.tubes_heat_0
9eb374590771eaf4a9a68997ced1b38d:2511928455269612061	q_reactor.tubes_heat_0
9eb69a3e162123f48a684e1ccd539a8d	zone2.light_panel3_0
9eb69a3e162123f48a684e1ccd539a8d:-6683840406125168541	zone2.light_panel3_0
9eb8dd6691046984eba459bc0470757b	zone2.ventilator5_0
9eb8dd6691046984eba459bc0470757b:5664331157552875144	zone2.ventilator5_0
9ec3a76f532e51e4aa2cca964723cdfc	zone2.heavy_panel26_0
9ec3a76f532e51e4aa2cca964723cdfc:4874059792042824359	zone2.heavy_panel26_0
9ee8165848981ae4aad9a7e8eae80ea3	black.silhouette_main_1_8_0
9ee8165848981ae4aad9a7e8eae80ea3:4158425832012930976	black.silhouette_main_1_8_0
9f04490b88a05324fb0050bc1107f042	warning_signs.skull_holography_0
9f04490b88a05324fb0050bc1107f042:-1711669548704652621	warning_signs.skull_holography_0
9f52d23a03f264746a8cd72391905e55	traps_shadows.flamethrowe_body_0
9f52d23a03f264746a8cd72391905e55:-4462788149293017613	traps_shadows.flamethrowe_body_0
9f59ab60952a8764c84cbe99dace31d5	walls.pipeline_connection_lever_red_0
9f59ab60952a8764c84cbe99dace31d5:-2025596723716786932	walls.pipeline_connection_lever_red_0
9f5c28c4ef48681499e97c13295fff35	traps_shadows.flamethrower_vertical_0
9f5c28c4ef48681499e97c13295fff35:5433140462342250575	traps_shadows.flamethrower_vertical_0
9f92539e3c72e4448bcd6cb5a075dd61	stunts_run.track_trick_foldflip_0
9f92539e3c72e4448bcd6cb5a075dd61:-4521388412572742678	stunts_run.track_trick_foldflip_0
9f92539e3c72e4448bcd6cb5a075dd61:-5789885044883184255	stunts_run.track_trick_foldflip_1
9fad8180a7eb0c249adcf11d306b1b90	traps_shadows.flamethrower_horizontal_on2_0
9fad8180a7eb0c249adcf11d306b1b90:-1481005906403972247	traps_shadows.flamethrower_horizontal_on2_0
9fb7e2a50f7f2b244bfa6bb4122afe81	warning_signs.flamer_0
9fb7e2a50f7f2b244bfa6bb4122afe81:8486212529296720048	warning_signs.flamer_0
9fb9dd72f920d0d48b77f5aeb5e1044b	walls.panel_brown_underfloor_beam_0
9fb9dd72f920d0d48b77f5aeb5e1044b:2443114616406414717	walls.panel_brown_underfloor_beam_0
9fe6f773206afc4489ea474438ca3e6f	zone2.heavy_panel61_0
9fe6f773206afc4489ea474438ca3e6f:8086269830594488115	zone2.heavy_panel61_0
9ff48c7679df33f438b83278d01c8f1f	zone2.cords2-2_0
9ff48c7679df33f438b83278d01c8f1f:-7248845182871267894	zone2.cords2-2_0
a077ccf2d07e48943b5bbafebc1db311	traps_shadows.sound_trap8_0
a077ccf2d07e48943b5bbafebc1db311:6418751155440078170	traps_shadows.sound_trap8_0
a08f04ecf72d01743852d20bcf05b8fe	black.slope_3_1_0
a08f04ecf72d01743852d20bcf05b8fe:-4888061694453751851	black.slope_3_1_0
a0b89b22fa03eb745a5c14dfcdc26a17	black.slope_3_2_0
a0b89b22fa03eb745a5c14dfcdc26a17:4144985909034130955	black.slope_3_2_0
a100b18e9ac046e4db6d279e90f5f90a	zone2.heavy_panel57_0
a100b18e9ac046e4db6d279e90f5f90a:3245851034378422079	zone2.heavy_panel57_0
a104e74f8cd0ddc48a6e95eae3c73abf	q_scanner.11_0
a104e74f8cd0ddc48a6e95eae3c73abf:-143346108874547331	q_scanner.11_0
a10bcdb448526284e8fa2665ad65720d	traps_shadows.mine_pillar5_0
a10bcdb448526284e8fa2665ad65720d:-7231970093184484293	traps_shadows.mine_pillar5_0
a1166d461839e8441955078a0ec24964	black.silhouette_main_1_1_0
a1166d461839e8441955078a0ec24964:6084840074417811340	black.silhouette_main_1_1_0
a145e524177b61c4c908d899f681115d	walls.pipeline_edge_light_blue_0
a145e524177b61c4c908d899f681115d:-1028944492936155334	walls.pipeline_edge_light_blue_0
a1518f0bdf3490440bc908ad694d2aef	zone2.ventilator17_0
a1518f0bdf3490440bc908ad694d2aef:-7220013146557085429	zone2.ventilator17_0
a15ebd7c43b2ab04e884f846f1808cc0	zone2.5_0
a15ebd7c43b2ab04e884f846f1808cc0:-6125560333868858548	zone2.5_0
a18a39939cfff124e8505d9b012ffccb	q_powernode.6_0
a18a39939cfff124e8505d9b012ffccb:-6016530591111915635	q_powernode.6_2
a18a39939cfff124e8505d9b012ffccb:3901446779949735158	q_powernode.6_1
a18a39939cfff124e8505d9b012ffccb:4398675457419417249	q_powernode.6_0
a1a2580649afa4c408cecf26fba0aef6	traps_shadows.v_black_traps_0
a1a2580649afa4c408cecf26fba0aef6:8991925355859140024	traps_shadows.v_black_traps_0
a1aa45d04ed06a84db88a74225da9a42	zone2.heavy_panel15_0
a1aa45d04ed06a84db88a74225da9a42:-6687140952223623813	zone2.heavy_panel15_0
a1c8bd795c3fa9a4192f5425d38eb12d	stunts_run.track_trick_flyingarrow_0
a1c8bd795c3fa9a4192f5425d38eb12d:-3260092475412186914	stunts_run.track_trick_flyingarrow_0
a1d5ac16d66592b44b492336b309adf6	walls.pw_decal_light_center_down_0
a1d5ac16d66592b44b492336b309adf6:-5981905864172468393	walls.pw_decal_light_center_down_0
a1d8ea070982a2f44b3cf8f2dbe488dd	far_city.plan_3_3_0
a1d8ea070982a2f44b3cf8f2dbe488dd:-6052735763492219209	far_city.plan_3_3_0
a1f87eaca5dacaf44ad8961c3da41e95	zone2.ventilator2_0
a1f87eaca5dacaf44ad8961c3da41e95:5518712855194840648	zone2.ventilator2_0
a204a02e332f5f04ba115dc9e3b1783f	zone2.heavy_panel42_0
a204a02e332f5f04ba115dc9e3b1783f:1116500721916421666	zone2.heavy_panel42_0
a213fb0fbde4afd42b60ce96df61b87b	traps_seq.mine_blink_6_0
a213fb0fbde4afd42b60ce96df61b87b:-6613460636799041498	traps_seq.mine_blink_6_0
a22867b0301223b4f9e0a514a36aa796	stunts_run.track_trick_jumpobstacle_0
a22867b0301223b4f9e0a514a36aa796:90615498300364598	stunts_run.track_trick_jumpobstacle_0
a2411464c6e379840b5fc0eb04a5bac7	zone2.heavy_panel36_0
a2411464c6e379840b5fc0eb04a5bac7:3669502078853925669	zone2.heavy_panel36_0
a24cea4f2c4e550418071c251263e6f4	traps_shadows.electro_ball_fang1_0
a24cea4f2c4e550418071c251263e6f4:-2094985038288793687	traps_shadows.electro_ball_fang1_0
a26b7f3ce93a6e545816fc415ccb9ac4	walls.pipeline_hight_pressure_red_0
a26b7f3ce93a6e545816fc415ccb9ac4:-7139189943732969755	walls.pipeline_hight_pressure_red_1
a26b7f3ce93a6e545816fc415ccb9ac4:4225123875019420709	walls.pipeline_hight_pressure_red_0
a2745056cc36bad49939adf749d4698c	zone2.edge_orange1_0
a2745056cc36bad49939adf749d4698c:-1184647576638353140	zone2.edge_orange1_0
a27da338061d48c48ba6182bc5f8a145	black.slope_3_3_0
a27da338061d48c48ba6182bc5f8a145:6819104200759339185	black.slope_3_3_0
a2cc3ec1160ad0143b7c5b5448db594c	walls.pipeline_connection_lever_red_0
a2cc3ec1160ad0143b7c5b5448db594c:-2025596723716786932	walls.pipeline_connection_lever_red_0
a2f9558c816e3e04bac85c9b0ab483f3	zone2.heavy_panel4_0
a2f9558c816e3e04bac85c9b0ab483f3:6309310613335477033	zone2.heavy_panel4_0
a3067431bd602c946a932f7c8688da01	cutscene_awaken.cutscene_awakening1_0
a3067431bd602c946a932f7c8688da01:4521143463036472049	cutscene_awaken.cutscene_awakening1_0
a30c527f308d6574a9af8e8e9935df04	zone2.manipulator8_0
a30c527f308d6574a9af8e8e9935df04:8973022210457935538	zone2.manipulator8_0
a31ccedb694dbba41a2041d01b273979	warning_signs.digit_9_0
a31ccedb694dbba41a2041d01b273979:4493115480198374731	warning_signs.digit_9_0
a345fdf28fbb73542ae93da0f2b5cb6b	traps_shadows.black_ball_station4_0
a345fdf28fbb73542ae93da0f2b5cb6b:6847408666865861476	traps_shadows.black_ball_station4_0
a34d055ebad2e434f81dbe5a12bfd429	zone2.edge_orange2_0
a34d055ebad2e434f81dbe5a12bfd429:2494153243987999597	zone2.edge_orange2_0
a34d784a76e7f2240befb25e08e81210	black.silhouette_main_5_4_0
a34d784a76e7f2240befb25e08e81210:-7891893362232616850	black.silhouette_main_5_4_0
a3f1b0147c471eb448dadc207ea1642e	walls.pipeline_lever_green_0
a3f1b0147c471eb448dadc207ea1642e:-4247339420379174013	walls.pipeline_lever_green_0
a4262ded6cf4f8f40aa7eb44bb47f45c	zone2.heavy_panel64_0
a4262ded6cf4f8f40aa7eb44bb47f45c:7991283420773929678	zone2.heavy_panel64_0
a4455a53d579efa45b1a182901cbb5c6	bg_barrel.1_8_0
a4455a53d579efa45b1a182901cbb5c6:9134629782685954543	bg_barrel.1_8_0
a4534a0a60c02024a8a1795d1a6d8986	walls.pw_decal_angle_0
a4534a0a60c02024a8a1795d1a6d8986:-2178929777964366194	walls.pw_decal_angle_0
a4644e5d98e0bd245b049722d4817b30	lights.lamp_bg_yellow_foundation_edge_32x8_0
a4644e5d98e0bd245b049722d4817b30:-4013523717852825505	lights.lamp_bg_yellow_foundation_edge_32x8_0
a4650acf581ace54580a9d5e05351c7c	bg_barrel.2_5_0
a4650acf581ace54580a9d5e05351c7c:5898466799789480645	bg_barrel.2_5_0
a47fe8c581dcef04e81c66c674aaf4d5	traps_shadows.sound_trap5_1_0
a47fe8c581dcef04e81c66c674aaf4d5:6289753507234749301	traps_shadows.sound_trap5_1_0
a4d35bcd17848a040a7e26cb652b6438	cutscene_swarm.cutscene_lamp_off8_0
a4d35bcd17848a040a7e26cb652b6438:4119162296119726478	cutscene_swarm.cutscene_lamp_off8_0
a4d7610d6c7c4904caca76f712b36ddd	bg_red_crane.1_15_0
a4d7610d6c7c4904caca76f712b36ddd:2252959561286307364	bg_red_crane.1_15_0
a4fab829c13a65743ab39095c7559cf2	walls.pipeline_pipe_blue_0
a4fab829c13a65743ab39095c7559cf2:-6525390153685509340	walls.pipeline_pipe_blue_1
a4fab829c13a65743ab39095c7559cf2:4784237177594925690	walls.pipeline_pipe_blue_0
a50542cfc726378478c1abc8a7b8de1d	zone2.heavy_panel2_0
a50542cfc726378478c1abc8a7b8de1d:-102368596934778048	zone2.heavy_panel2_0
a513e0959860e834294454c7111b9989	stunts_run.track_trick_jumpwheel_0
a513e0959860e834294454c7111b9989:-3675227559740578389	stunts_run.track_trick_jumpwheel_0
a55f343db486b40449b736eac0f39f7a	q_reactor.temperature_0
a55f343db486b40449b736eac0f39f7a:4523778787986346841	q_reactor.temperature_0
a5b0936e95921cd419acb80813d3a0cc	black.silhouette_main_1_7_0
a5b0936e95921cd419acb80813d3a0cc:-7650334949821999250	black.silhouette_main_1_7_0
a5dc8232a6d3f834781ac2d2676e6a80	walls.holographic_interface_bar2_0
a5dc8232a6d3f834781ac2d2676e6a80:-6762433483399239621	walls.holographic_interface_bar2_0
a5e966003442402489394fe14d9a3623	warning_signs.divarication_up_down_holography_orange_0
a5e966003442402489394fe14d9a3623:3156261179353530537	warning_signs.divarication_up_down_holography_orange_0
a5eaab59cd072404282ca7a25cc7163b	q_powernode.4_0
a5eaab59cd072404282ca7a25cc7163b:4575770048055846083	q_powernode.4_0
a604d599c3be120408b7e6b42cd876af	q_server.server3_0
a604d599c3be120408b7e6b42cd876af:-8988951531962237029	q_server.server3_0
a633d550460c53c43afbcd2c0d1068e0	walls.panel_brown_underfloor_lower_0
a633d550460c53c43afbcd2c0d1068e0:-8444466442024996503	walls.panel_brown_underfloor_lower_0
a634b6239d430e34bbddbad1d99a6b67	walls.holographic_interface_bg_blue_quart_0
a634b6239d430e34bbddbad1d99a6b67:-5966348591799532795	walls.holographic_interface_bg_blue_quart_0
a657fc0969b4561418725c864841fc1c	traps_shadows.triple_bomb3_0
a657fc0969b4561418725c864841fc1c:-9152660094414123249	traps_shadows.triple_bomb3_0
a66ea76c187e4564cb8fb6dc63dc5027	zone2.shaft5_0
a66ea76c187e4564cb8fb6dc63dc5027:-2456381041545588485	zone2.shaft5_2
a66ea76c187e4564cb8fb6dc63dc5027:-5486452907261369443	zone2.shaft5_0
a66ea76c187e4564cb8fb6dc63dc5027:8888561615742483402	zone2.shaft5_1
a67431087093e5244ad7a975ccba1929	bg_barrel.4_1_0
a67431087093e5244ad7a975ccba1929:3555568915858613143	bg_barrel.4_1_0
a6e052374213e4e4fa28bafffe266725	zone2.heavy_panel18_0
a6e052374213e4e4fa28bafffe266725:-4904758353649435808	zone2.heavy_panel18_0
a7333fc2240a1be40937f7f74bf7b3bb	zone2.ventilator24_0
a7333fc2240a1be40937f7f74bf7b3bb:-7573741104164918382	zone2.ventilator24_0
a74a831a70941204bae7352cafffa704	zone2.light_panel21_0
a74a831a70941204bae7352cafffa704:-8660583633723050631	zone2.light_panel21_0
a74b30ec50259e149881073ab7a63043	walls.pw_decal_angle_0
a74b30ec50259e149881073ab7a63043:-2178929777964366194	walls.pw_decal_angle_0
a7842bde9fc4ea14388f9094a38d026a	blue_crystal_lab.plan_2_7_0
a7842bde9fc4ea14388f9094a38d026a:7408160511102889821	blue_crystal_lab.plan_2_7_0
a78c6721ea4fbf14a8f4294432b59157	traps_shadows.gradient_intense_0
a78c6721ea4fbf14a8f4294432b59157:8268957295320722547	traps_shadows.gradient_intense_0
a7d815a9ebb89fa4487e31117bd6c58a	black.silhouette_main_2_5_0
a7d815a9ebb89fa4487e31117bd6c58a:6545148019901710267	black.silhouette_main_2_5_0
a8044e098cfea0c46b95e1bcf1b4c2d5	q_reactor.filler_0
a8044e098cfea0c46b95e1bcf1b4c2d5:-946160667686922670	q_reactor.filler_0
a81c0f2806ec1544aa2283a05dea8029	walls.wbsh_support_horizontal_down_0
a81c0f2806ec1544aa2283a05dea8029:384180306510671531	walls.wbsh_support_horizontal_down_0
a82aec0a75243e84dacb525a28afefd5	black.slope_4_2_0
a82aec0a75243e84dacb525a28afefd5:-4658767426486259891	black.slope_4_2_0
a873ec331226c4346b4d69a4f4802886	walls.cord_for_tiling_0
a873ec331226c4346b4d69a4f4802886:-3211284252353128171	walls.cord_for_tiling_0
a88c9dfbb1b4a384ba2219a1b73869dd	walls.wbth_wall_beam_0
a88c9dfbb1b4a384ba2219a1b73869dd:-5421707655287909025	walls.wbth_wall_beam_0
a88e448cdefba024eaffacbaff61671f	walls.pipeline_wall_recess_green_0
a88e448cdefba024eaffacbaff61671f:-3801147007016766238	walls.pipeline_wall_recess_green_0
a8a767d4073a6074ab82652eabb8646f	warning_signs.digit_5_0
a8a767d4073a6074ab82652eabb8646f:-5237342489858558144	warning_signs.digit_5_0
a8a958f8b7b6fa34eaa4fb6bc073dfe5	zone2.light_panel9_0
a8a958f8b7b6fa34eaa4fb6bc073dfe5:-4459792686105936579	zone2.light_panel9_0
a8af9db2dd06fd94496fd6fa0b65d16f	walls.wb_wide_frame_up_0
a8af9db2dd06fd94496fd6fa0b65d16f:4942077599989174724	walls.wb_wide_frame_up_0
a8bd657fae00a5747b33cc75f35f02c2	zone2.ventilator29_0
a8bd657fae00a5747b33cc75f35f02c2:3050901138348325642	zone2.ventilator29_0
a950a3f57f4a6c34eb36bd34b1e9f149	zone2.manipulator7_0
a950a3f57f4a6c34eb36bd34b1e9f149:6361849574061595395	zone2.manipulator7_0
a975fbabc700dec49a9f5741dbecb84f	zone2.light_panel32_0
a975fbabc700dec49a9f5741dbecb84f:-5945341754171507379	zone2.light_panel32_0
a97a1fe7ccd850840a65ee42c6cf4dc5	lights.lamp_bg_blue_round_64x64_0
a97a1fe7ccd850840a65ee42c6cf4dc5:1884072517482698115	lights.lamp_bg_blue_round_64x64_0
a9803396db6dbbd43aee167978e10e12	zone2.edge_gray5_0
a9803396db6dbbd43aee167978e10e12:-3960891489765351205	zone2.edge_gray5_0
a982ad9a8fba6114699bb8d4c8884d78	q_scanner.2_0
a982ad9a8fba6114699bb8d4c8884d78:-6305760613942662156	q_scanner.2_0
a98fbe2efc74e5e4bb396699b0fc0dfc	black.silhouette_main_3_5_0
a98fbe2efc74e5e4bb396699b0fc0dfc:5671539940330892832	black.silhouette_main_3_5_0
a9ec2930d86688e44b05eae3ca27deba	q_powernode.1_0
a9ec2930d86688e44b05eae3ca27deba:-1890713644255646837	q_powernode.1_0
aa462c2e6ff44da41b4d30ca3db7e48b	traps_shadows.flamethrower_horizontal_on1_0
aa462c2e6ff44da41b4d30ca3db7e48b:-6890815315270469278	traps_shadows.flamethrower_horizontal_on1_0
aa71198f35ffec848a5ea4f813e96b69	walls.recessed_panel_lock_center_0
aa71198f35ffec848a5ea4f813e96b69:-4999619321833662806	walls.recessed_panel_lock_center_0
aa718f60dcaebe14db3257f08d5d8c34	zone2.manipulator11_0
aa718f60dcaebe14db3257f08d5d8c34:-8022299437759737431	zone2.manipulator11_0
aaaa97c386a891c49a6d28e2321f21a9	walls.monitors_street_0
aaaa97c386a891c49a6d28e2321f21a9:7358359935697857997	walls.monitors_street_0
aaab7e4f061625349a08aa6c90b6d72f	walls.wbth_horizontal_0
aaab7e4f061625349a08aa6c90b6d72f:335055423806361320	walls.wbth_horizontal_0
aab26b2105e26dc4a935434bf9e85713	zone2.slope7_0
aab26b2105e26dc4a935434bf9e85713:7810018692652054054	zone2.slope7_0
ab08bc037774b0247b177e486ca5c892	traps_shadows.emitter_soaring_wing_shining_2_0
ab08bc037774b0247b177e486ca5c892:-7277458727644192199	traps_shadows.emitter_soaring_wing_shining_2_0
ab0ce600fee2b7f4f80a73110c4cec26	walls.recessed_panel_lock_center_0
ab0ce600fee2b7f4f80a73110c4cec26:-4999619321833662806	walls.recessed_panel_lock_center_0
ab27cecd2b98a7a439fc19cadaf76ade	black.slope_1_4_0
ab27cecd2b98a7a439fc19cadaf76ade:4112203389286032715	black.slope_1_4_0
ab4fb8c170a3e2f408e8d07df1c2b431	cutscene_awaken.cutscene_awakening4_0
ab4fb8c170a3e2f408e8d07df1c2b431:-7470638701723152850	cutscene_awaken.cutscene_awakening4_0
aba49308f0f43b348875f58fb403a183	walls.pipeline_coupling_red_0
aba49308f0f43b348875f58fb403a183:-6879481566940436746	walls.pipeline_coupling_red_0
abbd71ee61be243488f040f42b2049e2	traps_shadows.electro_balls_lamps_0
abbd71ee61be243488f040f42b2049e2:8485679716110176172	traps_shadows.electro_balls_lamps_0
abce860c776a4b34480d3801c9d8be82	zone2.door2_3_0
abce860c776a4b34480d3801c9d8be82:7161754418168451584	zone2.door2_3_0
abe17e633da10aa48a9c63e89db5a1c3	traps_shadows.banner_3_main_0
abe17e633da10aa48a9c63e89db5a1c3:-7088701860540353246	traps_shadows.banner_3_main_0
abf26cce8f204934b9f616c666599664	far_city.plan_4_4_0
abf26cce8f204934b9f616c666599664:-5570898792505967571	far_city.plan_4_4_0
abf37e2b9a24d5b4789f5be601cfb3a3	stunts_run.track_trick_jumpwheel_0
abf37e2b9a24d5b4789f5be601cfb3a3:-3675227559740578389	stunts_run.track_trick_jumpwheel_0
ac265cf9509ed944f8ac005fd201fde0	walls.pipeline_connection_green_0
ac265cf9509ed944f8ac005fd201fde0:-8960310897124423664	walls.pipeline_connection_green_0
ac2be7d6ff8aa7847a4358f9c2749b69	q_server.server13_0
ac2be7d6ff8aa7847a4358f9c2749b69:-632738197734547551	q_server.server13_0
ac44bc818d3960e46ac5d6a2404e0eb5	walls.pipeline_type_aw2_blue_0
ac44bc818d3960e46ac5d6a2404e0eb5:-2294438528475911547	walls.pipeline_type_aw2_blue_4
ac44bc818d3960e46ac5d6a2404e0eb5:-3198875922812837885	walls.pipeline_type_aw2_blue_0
ac44bc818d3960e46ac5d6a2404e0eb5:-4361078597722924815	walls.pipeline_type_aw2_blue_1
ac44bc818d3960e46ac5d6a2404e0eb5:-495331523218613755	walls.pipeline_type_aw2_blue_5
ac44bc818d3960e46ac5d6a2404e0eb5:-7187137108932774380	walls.pipeline_type_aw2_blue_3
ac44bc818d3960e46ac5d6a2404e0eb5:7947808082686358564	walls.pipeline_type_aw2_blue_2
ac6cb5a5589230d429fed02e5cec608f	zone2.ventilator2_0
ac6cb5a5589230d429fed02e5cec608f:5518712855194840648	zone2.ventilator2_0
ac97596dddb57f242bebfb251df79b48	zone2.heavy_panel41_0
ac97596dddb57f242bebfb251df79b48:-2371038580921743474	zone2.heavy_panel41_0
aca5d92c52542a74b93dc3129bca358b	black.silhouette_main_1_2_0
aca5d92c52542a74b93dc3129bca358b:-8886461240014261584	black.silhouette_main_1_2_0
ace4788e9cb6b094585cd26a5cc7b359	zone2.heavy_panel55_0
ace4788e9cb6b094585cd26a5cc7b359:618808076282714380	zone2.heavy_panel55_0
acf061fc514ca6e42aa17abc890cfbf7	q_scanner.7_0
acf061fc514ca6e42aa17abc890cfbf7:-7210053316088515944	q_scanner.7_0
acf061fc514ca6e42aa17abc890cfbf7:4138219451115632127	q_scanner.7_1
ad053b06fd66b17439f05605402cbcf9	zone2.cords2-3_0
ad053b06fd66b17439f05605402cbcf9:3929046872506586615	zone2.cords2-3_0
ad053ce6208c0d04897ff089c3556d6c	memory_terminal.5_0
ad053ce6208c0d04897ff089c3556d6c:-7201995953934600364	memory_terminal.5_0
ad48f7ee097303c438f0d9138c874f22	black.manipulator_alpha_5_0
ad48f7ee097303c438f0d9138c874f22:471493690280827076	black.manipulator_alpha_5_0
ad808e7d6b7d7db49aa436e65e51bdb7	black.silhouette_main_1_3_0
ad808e7d6b7d7db49aa436e65e51bdb7:4571241253081607548	black.silhouette_main_1_3_0
ada0a8b21536ec9429aa8a1b7ad4f09e	zone2.heavy_panel6_0
ada0a8b21536ec9429aa8a1b7ad4f09e:-7097823671910320631	zone2.heavy_panel6_0
adaf10c62816c2546b7ae029ce6e6983	zone2.darkness_switch_0
adaf10c62816c2546b7ae029ce6e6983:-4941697446248465560	zone2.darkness_switch_0
ae0ae18ca38ba664296742446dc530ac	cutscene_swarm.cutscene11_0
ae0ae18ca38ba664296742446dc530ac:1220832057604887879	cutscene_swarm.cutscene11_0
ae0d748fea9164f419a01fbe11309245	walls.wb_tee_up_0
ae0d748fea9164f419a01fbe11309245:-571508735373918445	walls.wb_tee_up_0
ae59edc3b4111cc4eb1468e11566d294	bg_red_crane.1_3_0
ae59edc3b4111cc4eb1468e11566d294:3440636254822486948	bg_red_crane.1_3_0
ae6dc3397ffa6b0419b6de2892d509f9	metal_pillars.plan_0_2_0
ae6dc3397ffa6b0419b6de2892d509f9:-671767786045302456	metal_pillars.plan_0_2_0
aea2c83a5f68ed54daa6521dc3cd2a28	zone2.heavy_panel25_0
aea2c83a5f68ed54daa6521dc3cd2a28:-9187291817928512455	zone2.heavy_panel25_0
aeac734e7adb4cb4dadf1d281a821bcb	far_city.plan_3_2_0
aeac734e7adb4cb4dadf1d281a821bcb:6038094555222320773	far_city.plan_3_2_0
aed8b3e7608dfff488d4fadc0fcbd69c	walls.hex_green_0
aed8b3e7608dfff488d4fadc0fcbd69c:-8218647488359560112	walls.hex_green_0
aedb70eb60ca0c545b4034563709b664	black.angle_45_hard_512x512_simple_0
aedb70eb60ca0c545b4034563709b664:-7022626176508177457	black.angle_45_hard_512x512_simple_0
aef8a5d8fad51a942ac1b6708f54423b	zone2.light_panel6_0
aef8a5d8fad51a942ac1b6708f54423b:5786226728494661295	zone2.light_panel6_0
af050461a681f464cb49d9f3e4d444ba	walls.wbsh_support_horizontal_vertical_1_0
af050461a681f464cb49d9f3e4d444ba:-1181005115577633152	walls.wbsh_support_horizontal_vertical_1_0
af58bce8e0e4bcb4fbfdfa53c0f2c354	cutscene_swarm.cutscene_monitor7_0
af58bce8e0e4bcb4fbfdfa53c0f2c354:5355947426839524075	cutscene_swarm.cutscene_monitor7_0
af6e91acaf3698c47ba7fa81054ae275	zone2.slope5_0
af6e91acaf3698c47ba7fa81054ae275:-5949923386414972343	zone2.slope5_0
afa0a3a2e31e47749b5a15e732edce61	q_scanner_terminal.server5_0
afa0a3a2e31e47749b5a15e732edce61:-5117202023396312651	q_scanner_terminal.server5_0
afa6e06b102ecba469d826201ee81cb4	q_reactor.reactor_red_0
afa6e06b102ecba469d826201ee81cb4:7873297166277240520	q_reactor.reactor_red_0
afeff379bb735c748ad4b3de5c91f7c9	bg_barrel.1_10_0
afeff379bb735c748ad4b3de5c91f7c9:-4944052064836968551	bg_barrel.1_10_0
affcae30c916cd1478ef5f44bddc7975	stunts_run.track_trick_thiefvault_0
affcae30c916cd1478ef5f44bddc7975:-1534499191958326665	stunts_run.track_trick_thiefvault_0
b01ee708bed712b449a0deebf2927bda	bg_barrel.2_5_0
b01ee708bed712b449a0deebf2927bda:5898466799789480645	bg_barrel.2_5_0
b0271216602279b4bb791a05eb00ed30	zone2.shaft6_0
b0271216602279b4bb791a05eb00ed30:8644008052690817377	zone2.shaft6_0
b0401a3874dedf64891c428d91fcf150	lights.lamp_bg_red_foundation_center_2x8_0
b0401a3874dedf64891c428d91fcf150:1537898069668555963	lights.lamp_bg_red_foundation_center_2x8_0
b06cd75b2cc46b545a747933ba63ced7	black.manipulator_bravo_2_0
b06cd75b2cc46b545a747933ba63ced7:-1172071330719549164	black.manipulator_bravo_2_0
b07a198f52d6b6c4491ad33b1e3da439	lights.lamp_bg_red_foundation_edge_32x8_0
b07a198f52d6b6c4491ad33b1e3da439:1631561211269616612	lights.lamp_bg_red_foundation_edge_32x8_0
b0c186948951df745a4b109c5ae22dbc	traps_shadows.swarm_shaft3_0
b0c186948951df745a4b109c5ae22dbc:-3941510942710213989	traps_shadows.swarm_shaft3_0
b0e19c762f967924892b4aaa7ccf1a33	stunts_run.track_trick_wallhop360_0
b0e19c762f967924892b4aaa7ccf1a33:-4696015392462619407	stunts_run.track_trick_wallhop360_0
b10c07da637513941863004ed7a09d00	black.manipulator_charlie_2_0
b10c07da637513941863004ed7a09d00:6799242504849433859	black.manipulator_charlie_2_0
b1139cbb1ccc0ce429c72aa7ff51f704	traps_shadows.sound_trap8_0
b1139cbb1ccc0ce429c72aa7ff51f704:6418751155440078170	traps_shadows.sound_trap8_0
b12297c5ab79fed43937eaba986ed60d	black.manipulator_bravo_1_0
b12297c5ab79fed43937eaba986ed60d:7180176937646511692	black.manipulator_bravo_1_0
b14abc6bd821d544789c522174ebb782	walls.wb_wide_to_narrow_down_0
b14abc6bd821d544789c522174ebb782:6836018207095624748	walls.wb_wide_to_narrow_down_0
b15817685b0481540a6115f7b6f517a9	stunts_run.track_trick_airbomb_0
b15817685b0481540a6115f7b6f517a9:2705334254535655734	stunts_run.track_trick_airbomb_1
b15817685b0481540a6115f7b6f517a9:5198387403550617784	stunts_run.track_trick_airbomb_0
b16a792a57e926d4fb2ce75e916087d3	q_scanner_terminal.server9_0
b16a792a57e926d4fb2ce75e916087d3:-282311781629256140	q_scanner_terminal.server9_0
b179de356601d2c4ebc1f8062f87c3a4	traps_shadows.triple_bomb5_0
b179de356601d2c4ebc1f8062f87c3a4:-7049169108762191332	traps_shadows.triple_bomb5_0
b18029aab471e884f8180c4f8a3209ba	zone2.panel_dark_brown2_0
b18029aab471e884f8180c4f8a3209ba:-5597643603012716840	zone2.panel_dark_brown2_0
b187d02451a9de949a1d7dfccb05284a	lights.lamp_bg_blue_grad_center_2x32_0
b187d02451a9de949a1d7dfccb05284a:-1262044964442505327	lights.lamp_bg_blue_grad_center_2x32_0
b1b2666cc2dadd746800db1dcc05534d	stunts_run.track_trick_reversevault_0
b1b2666cc2dadd746800db1dcc05534d:3543613181088695471	stunts_run.track_trick_reversevault_0
b21c3aa5205774348a571f3f25a309f5	bg_barrel.3_1_0
b21c3aa5205774348a571f3f25a309f5:3344736716664689273	bg_barrel.3_1_0
b237851282f36544ca976b78af1616e9	walls.wall_white_1x400_0
b237851282f36544ca976b78af1616e9:-6115608796411941569	walls.wall_white_1x400_0
b25807f0ce3fe3d4d81e1bfc9f5bc23c	traps_shadows.swarm_shaft4_0
b25807f0ce3fe3d4d81e1bfc9f5bc23c:-2183906822535912335	traps_shadows.swarm_shaft4_0
b25d8fdd618ec5e42937d8aedd58b811	black.angle_simple_0
b25d8fdd618ec5e42937d8aedd58b811:-5545435192928563785	black.angle_simple_0
b2757ae336ff4274eadf6f4cafb5f4c1	memory_terminal.9_0
b2757ae336ff4274eadf6f4cafb5f4c1:9066315904865124973	memory_terminal.9_0
b27c75b1eef8ddc47b5c768cca99f68f	walls.pipeline_arris_light_blue_0
b27c75b1eef8ddc47b5c768cca99f68f:8914994389094350113	walls.pipeline_arris_light_blue_0
b29a57d671270b14590e73069f79a37d	walls.pipeline_divarication_blue_0
b29a57d671270b14590e73069f79a37d:-5687170498484295372	walls.pipeline_divarication_blue_0
b2b8507c0a1b6104eb198ad58cbbda97	stunts_run.track_trick_rocketvault_0
b2b8507c0a1b6104eb198ad58cbbda97:8681921543310443246	stunts_run.track_trick_rocketvault_0
b35ad926d2cdced41be33aa56b3166d2	walls.ws_skull_0
b35ad926d2cdced41be33aa56b3166d2:2625414056713840714	walls.ws_skull_0
b36616fd62e37cc4180f58931af6a49c	q_fuzesocket.6_0
b36616fd62e37cc4180f58931af6a49c:-8193685914841389393	q_fuzesocket.6_0
b38cc8deb7047ec45af0301a3c6b8e89	zone2.flap_orange_up3_0
b38cc8deb7047ec45af0301a3c6b8e89:-6970989479209319564	zone2.flap_orange_up3_0
b398351319af89d4d8167f1089321641	black.slope_2_6_0
b398351319af89d4d8167f1089321641:8458347088533049863	black.slope_2_6_0
b3a5e39d98f086642bde6a298395a452	q_powernode.1_0
b3a5e39d98f086642bde6a298395a452:-1890713644255646837	q_powernode.1_0
b3ac9d3bb230d3e4ebb473f4cd7475ba	black.barrel_256x256_simple_0
b3ac9d3bb230d3e4ebb473f4cd7475ba:2004883815350604987	black.barrel_256x256_simple_0
b3b31f6afa78bfb418f5411f0ff76a35	q_server.server12_0
b3b31f6afa78bfb418f5411f0ff76a35:1561549419946826377	q_server.server12_0
b3b8283dd1e205a439eb7c12d99cfa6c	black.battery_2_simple_0
b3b8283dd1e205a439eb7c12d99cfa6c:-1341629468956817854	black.battery_2_simple_0
b3e4c4179ead5384fb4c05b10a7660fd	walls.wbsh_wall_angle_beam_up_1_0
b3e4c4179ead5384fb4c05b10a7660fd:333008275128681484	walls.wbsh_wall_angle_beam_up_1_0
b407f1a328861d34ea22edb7ba784f4f	zone2.darkness_switch6_0
b407f1a328861d34ea22edb7ba784f4f:-2823564452808447781	zone2.darkness_switch6_0
b407f1a328861d34ea22edb7ba784f4f:-8977503169552596867	zone2.darkness_switch6_1
b407f1a328861d34ea22edb7ba784f4f:7536549487089784460	zone2.darkness_switch6_2
b43b0652e3c50b94b8717aca16d2dba0	walls.panel_red_underfloor_support_0
b43b0652e3c50b94b8717aca16d2dba0:8859185431230044582	walls.panel_red_underfloor_support_0
b4447bdf5c0a2c444a3e8b0138506a69	walls.ww_lamp_down_0
b4447bdf5c0a2c444a3e8b0138506a69:6009936541319744433	walls.ww_lamp_down_0
b476281e0cd38eb43b726f49b0a308d1	blue_crystal_lab.plan_2_4_0
b476281e0cd38eb43b726f49b0a308d1:6406610639637602936	blue_crystal_lab.plan_2_4_0
b4b48d8fcfbca0c40ac55fdb92b54cc5	black.slope_1_5_0
b4b48d8fcfbca0c40ac55fdb92b54cc5:-7624353886929215119	black.slope_1_5_0
b4d32862c4261f74ea6140950be88418	bg_red_crane.1_4_0
b4d32862c4261f74ea6140950be88418:-8544220383589219469	bg_red_crane.1_4_0
b4f5fe6c7b0b4f440bbba8afa453bf2f	zone2.door2_14_0
b4f5fe6c7b0b4f440bbba8afa453bf2f:4513797692727333448	zone2.door2_14_0
b51f9dbbdc0a91d469da2bcc80d8f67c	memory_terminal.2_0
b51f9dbbdc0a91d469da2bcc80d8f67c:-426197251736799515	memory_terminal.2_0
b522dcca090d50e408965fd8442b8ea6	black.slope_1_1_0
b522dcca090d50e408965fd8442b8ea6:1248619853067525191	black.slope_1_1_0
b57470ee00d85e24194167ef790a0f8f	q_reactor.monitor_0
b57470ee00d85e24194167ef790a0f8f:7241890484009096689	q_reactor.monitor_0
b5ad444386bac864994a0e12baedb21f	stunts_run.track_trick_coolswing_0
b5ad444386bac864994a0e12baedb21f:4562749543991626939	stunts_run.track_trick_coolswing_0
b5da19d496a1e004e838d1a4f90cab1d	black.silhouette_main_4_3_0
b5da19d496a1e004e838d1a4f90cab1d:-3552652443399236224	black.silhouette_main_4_3_0
b5fd5f80481ea46428b984130f0a92c0	traps_shadows.mine_pillar5_0
b5fd5f80481ea46428b984130f0a92c0:-7231970093184484293	traps_shadows.mine_pillar5_0
b602adb6ea3f7b1499589759457f8a29	zone2.panel_brown2_0
b602adb6ea3f7b1499589759457f8a29:-883458423766308935	zone2.panel_brown2_0
b6e992ffd02969942a9e28edd4991de7	walls.holographic_interface_circles1_0
b6e992ffd02969942a9e28edd4991de7:4359486965657667529	walls.holographic_interface_circles1_0
b6ef2fde2d60f0a4c8929157b835ef93	walls.cords_lamp_yellow_0
b6ef2fde2d60f0a4c8929157b835ef93:6779740906444817492	walls.cords_lamp_yellow_0
b70770ece2dcbed49923d29cdec085a1	stunts_run.track_trick_frontfliplegsup_0
b70770ece2dcbed49923d29cdec085a1:-2216992992047402718	stunts_run.track_trick_frontfliplegsup_1
b70770ece2dcbed49923d29cdec085a1:-3052195476177731405	stunts_run.track_trick_frontfliplegsup_0
b71505e1f532ffb4585057e3397e2b32	traps_shadows.emitter_soaring_body_0
b71505e1f532ffb4585057e3397e2b32:-3001829603342004710	traps_shadows.emitter_soaring_body_0
b720940afee00b54e8578e4e785bb60f	zone2.ventilator12_0
b720940afee00b54e8578e4e785bb60f:5750445307732522311	zone2.ventilator12_0
b72f4ce5ac728ad41a23b7572037ae3a	walls.v_white_underfloor_0
b72f4ce5ac728ad41a23b7572037ae3a:2199820701125867776	walls.v_white_underfloor_0
b76dca0a32726b844be0d95115e97b51	zone2.light_panel33_0
b76dca0a32726b844be0d95115e97b51:1005824755400966693	zone2.light_panel33_0
b773dcceaa627a048b16c7584c4571cb	bg_red_crane.1_8_0
b773dcceaa627a048b16c7584c4571cb:1474266880837396705	bg_red_crane.1_8_0
b783ed7047044a44abb90a3948844c92	zone2.door2_12_0
b783ed7047044a44abb90a3948844c92:8283334780496544632	zone2.door2_12_0
b7988c6509c55fb46862aafaa68e27a6	zone2.heavy_panel46_0
b7988c6509c55fb46862aafaa68e27a6:3442818598872288820	zone2.heavy_panel46_0
b845d6a6714a2164bbf60ee9b267de6f	lights.lamp_bg_yellow_foundation_center_2x8_0
b845d6a6714a2164bbf60ee9b267de6f:-7111150142195479542	lights.lamp_bg_yellow_foundation_center_2x8_0
b85fe9167431bca48822a2f889dabd9d	zone2.heavy_panel31_0
b85fe9167431bca48822a2f889dabd9d:4741883239469451909	zone2.heavy_panel31_0
b8a3d83d2251289468fd5bd4da612828	walls.wbsh_beam_2_0
b8a3d83d2251289468fd5bd4da612828:-7246660123640397569	walls.wbsh_beam_2_0
b8c5d2003e4e6f34ba810e0d29f77630	walls.pipeline_arris_dark_blue_0
b8c5d2003e4e6f34ba810e0d29f77630:4269697989971946068	walls.pipeline_arris_dark_blue_0
b8c97bbcc6ea22f4386f14ba3658598b	black.silhouette_main_3_3_0
b8c97bbcc6ea22f4386f14ba3658598b:-6716050483693145041	black.silhouette_main_3_3_0
b8cc182a9ae308a4993e0268a641943a	traps_shadows.electro_emitter_bg_0
b8cc182a9ae308a4993e0268a641943a:-8651378497032630764	traps_shadows.electro_emitter_bg_0
b8f2849f2ddb19d499fb4c408c6b6045	zone2.edge_gray3_0
b8f2849f2ddb19d499fb4c408c6b6045:4136588578997738263	zone2.edge_gray3_0
b8fc7aeeebe2f7e43a201e4cdaaa87a9	zone2.ventilator3_0
b8fc7aeeebe2f7e43a201e4cdaaa87a9:-689999997725386970	zone2.ventilator3_0
b91b492e367a6dd49b763722927aa42b	electric_factory_2.plan_6-3_0
b91b492e367a6dd49b763722927aa42b:-4023661330876309262	electric_factory_2.plan_6-3_0
b93837320c430944a9ce159fec890884	walls.holographic_interface2_0
b93837320c430944a9ce159fec890884:-1589370063355687192	walls.holographic_interface2_0
b94ac3f9725ac2149a6b69267673b317	walls.decal_3_0
b94ac3f9725ac2149a6b69267673b317:7551386884752527723	walls.decal_3_0
b97b6d4f9a5f41742bdb00ae79aa2999	black.lab_corner_4_simple_0
b97b6d4f9a5f41742bdb00ae79aa2999:-471001483817262753	black.lab_corner_4_simple_0
b989c0c7ce5bb524f926ffdefffec682	black.silhouette_main_1_5_0
b989c0c7ce5bb524f926ffdefffec682:-428499334631137212	black.silhouette_main_1_5_0
b9977f11dd4ac194c80bd632bc587888	electric_factory_2.plan_6-2_0
b9977f11dd4ac194c80bd632bc587888:-7135699024921306905	electric_factory_2.plan_6-2_0
b9d86af8687ec24429460136017db4b7	stunts_run.track_trick_handspring_0
b9d86af8687ec24429460136017db4b7:6725890351835730117	stunts_run.track_trick_handspring_0
b9da25f9155b22c4a9ad0a30d50b205a	zone2.darkness_switch7_0
b9da25f9155b22c4a9ad0a30d50b205a:-4949983596155033612	zone2.darkness_switch7_1
b9da25f9155b22c4a9ad0a30d50b205a:4143235144902385781	zone2.darkness_switch7_0
b9e6422ff76f87448a281c0b53c306c1	traps_shadows.banner_2_main_0
b9e6422ff76f87448a281c0b53c306c1:3875400708479138860	traps_shadows.banner_2_main_0
ba16d3de16ec66442848477e1f60e5c6	stunts_run.track_trick_screwdriver_0
ba16d3de16ec66442848477e1f60e5c6:-3682763812087355668	stunts_run.track_trick_screwdriver_0
ba234d484b9d38648a44efb4a90b318f	blue_crystal_lab.plan_2_3_0
ba234d484b9d38648a44efb4a90b318f:-7705264713530216263	blue_crystal_lab.plan_2_3_0
ba2cb275c443b9948a18f0d736044057	walls.decal_8_0
ba2cb275c443b9948a18f0d736044057:-2054338496552984714	walls.decal_8_0
ba3a8cf11b0bc264199ebafbe68dbba2	black.manipulator_charlie_2_0
ba3a8cf11b0bc264199ebafbe68dbba2:6799242504849433859	black.manipulator_charlie_2_0
ba4e83976a99d0e4897e5757115b6b3e	walls.pipeline_wall_recess_blue_0
ba4e83976a99d0e4897e5757115b6b3e:-5309468548529208850	walls.pipeline_wall_recess_blue_0
ba7b8fd4d8754304e961ab6f1c56e01b	q_server.server9_0
ba7b8fd4d8754304e961ab6f1c56e01b:4519553668032593215	q_server.server9_0
ba7c78a949b62a344b61b9a4c44d40d6	metal_pillars.plan_1_2_0
ba7c78a949b62a344b61b9a4c44d40d6:-4601663088653290635	metal_pillars.plan_1_2_0
ba7eb801f118d7b4c93839f731e9d46d	black.manipulator_alpha_2_0
ba7eb801f118d7b4c93839f731e9d46d:143728310832149245	black.manipulator_alpha_2_0
ba812b605da0e944ead8d42529ca9031	traps_shadows.black_ball_station4_0
ba812b605da0e944ead8d42529ca9031:6847408666865861476	traps_shadows.black_ball_station4_0
ba8a53cd63a35434b9e039d29bf4fe47	far_city.plan_6_0
ba8a53cd63a35434b9e039d29bf4fe47:8503714511767343646	far_city.plan_6_0
ba8c4f33d733aca40b54d2ac3f89ffb3	walls.wbth_wall_angle_up_2_0
ba8c4f33d733aca40b54d2ac3f89ffb3:-3220168211185355350	walls.wbth_wall_angle_up_2_0
babb27846a50fae4cb6e7d6a9f54bd62	q_scanner.2_0
babb27846a50fae4cb6e7d6a9f54bd62:-6305760613942662156	q_scanner.2_0
baf6718142d2d18479f4e29df23c4582	q_fuzesocket.3_0
baf6718142d2d18479f4e29df23c4582:8700260951521906663	q_fuzesocket.3_0
baf81211d3bb80b4480cdbbda4d93415	zone2.heavy_panel33_0
baf81211d3bb80b4480cdbbda4d93415:-2363985331981207019	zone2.heavy_panel33_0
baf97b84f479c374c95110c1aca47a5a	stunts_run.track_trick_backflip_0
baf97b84f479c374c95110c1aca47a5a:-6435482805623201496	stunts_run.track_trick_backflip_0
baf97b84f479c374c95110c1aca47a5a:4205018425114889647	stunts_run.track_trick_backflip_1
baff3a4639937974aac02860814518ff	walls.recessed_panel_lock_2_0
baff3a4639937974aac02860814518ff:-46951702832576867	walls.recessed_panel_lock_2_0
bb111a33618f7be4a84d5fe3b4b1dfc6	zone2.light_panel19_0
bb111a33618f7be4a84d5fe3b4b1dfc6:-4338444462641917882	zone2.light_panel19_0
bb1502f2b0514f34898f9a003e7b0827	black.silhouette_main_2_3_0
bb1502f2b0514f34898f9a003e7b0827:-3817819509212836259	black.silhouette_main_2_3_0
bb7528e5c429a054995fd354bc31dc95	zone2.light_panel12_0
bb7528e5c429a054995fd354bc31dc95:6371282599503724180	zone2.light_panel12_0
bb94e7978c9e50946bd8916990a668e7	zone2.edge_brown2_0
bb94e7978c9e50946bd8916990a668e7:2263362221140307932	zone2.edge_brown2_0
bbaf9edc4c6130543b42aa19454419e2	zone2.heavy_panel9_0
bbaf9edc4c6130543b42aa19454419e2:4310816590963651859	zone2.heavy_panel9_0
bbbe84df714d6114d9c56a6648040528	walls.wbsh_tee_1_0
bbbe84df714d6114d9c56a6648040528:-6748358587111710468	walls.wbsh_tee_1_0
bbc1acf025217b840850f4f1b4fc7cb3	zone2.decal_yellow_black_line_0
bbc1acf025217b840850f4f1b4fc7cb3:-5288636778835006664	zone2.decal_yellow_black_line_0
bbd05807166a99c49bf0d74541e9ea37	zone2.scratch5_0
bbd05807166a99c49bf0d74541e9ea37:-1482192374307275253	zone2.scratch5_11
bbd05807166a99c49bf0d74541e9ea37:-2022337966029860182	zone2.scratch5_7
bbd05807166a99c49bf0d74541e9ea37:-3089595047556910188	zone2.scratch5_1
bbd05807166a99c49bf0d74541e9ea37:-3357347718074478367	zone2.scratch5_17
bbd05807166a99c49bf0d74541e9ea37:-3729917780342701764	zone2.scratch5_3
bbd05807166a99c49bf0d74541e9ea37:-4068233988648152489	zone2.scratch5_21
bbd05807166a99c49bf0d74541e9ea37:-4392106907357718335	zone2.scratch5_2
bbd05807166a99c49bf0d74541e9ea37:-5075745347323147868	zone2.scratch5_16
bbd05807166a99c49bf0d74541e9ea37:-5316918735596845718	zone2.scratch5_23
bbd05807166a99c49bf0d74541e9ea37:-5647268274917812295	zone2.scratch5_24
bbd05807166a99c49bf0d74541e9ea37:-6107441966104636350	zone2.scratch5_18
bbd05807166a99c49bf0d74541e9ea37:-7466031888071096551	zone2.scratch5_14
bbd05807166a99c49bf0d74541e9ea37:-8041561128712062960	zone2.scratch5_0
bbd05807166a99c49bf0d74541e9ea37:1033925469798312534	zone2.scratch5_8
bbd05807166a99c49bf0d74541e9ea37:2493234908411588154	zone2.scratch5_6
bbd05807166a99c49bf0d74541e9ea37:4612290776774793554	zone2.scratch5_13
bbd05807166a99c49bf0d74541e9ea37:4867728510117469825	zone2.scratch5_4
bbd05807166a99c49bf0d74541e9ea37:5705286684516620359	zone2.scratch5_20
bbd05807166a99c49bf0d74541e9ea37:5778106077726384723	zone2.scratch5_5
bbd05807166a99c49bf0d74541e9ea37:6060320377561554270	zone2.scratch5_10
bbd05807166a99c49bf0d74541e9ea37:6662197822800894009	zone2.scratch5_15
bbd05807166a99c49bf0d74541e9ea37:6847002537967947683	zone2.scratch5_9
bbd05807166a99c49bf0d74541e9ea37:7412649517249349880	zone2.scratch5_12
bbd05807166a99c49bf0d74541e9ea37:7718777727118650058	zone2.scratch5_19
bbd05807166a99c49bf0d74541e9ea37:7914118710217457445	zone2.scratch5_22
bbf1a31876dbf9a409e1082935a9a35e	memory_terminal.7_0
bbf1a31876dbf9a409e1082935a9a35e:-3288734671455470139	memory_terminal.7_0
bbfa7f57d7f7a4d4595227ea998daaee	bg_red_crane.2_1_0
bbfa7f57d7f7a4d4595227ea998daaee:8109629260982806453	bg_red_crane.2_1_0
bc0e1bf645ea0364c9357efab64c6859	zone2.heavy_panel42_0
bc0e1bf645ea0364c9357efab64c6859:1116500721916421666	zone2.heavy_panel42_0
bc12fa9b3e1baf546982c81427fb406e	zone2.manipulator4_0
bc12fa9b3e1baf546982c81427fb406e:-5246945994945098233	zone2.manipulator4_0
bc22610c38c9335488e2a9b0fc91f570	zone2.light_panel5_0
bc22610c38c9335488e2a9b0fc91f570:8354417914102026015	zone2.light_panel5_0
bc4e9816859c9e84c9b6248bc93b2ebf	zone2.light_panel8_0
bc4e9816859c9e84c9b6248bc93b2ebf:3211757939764466659	zone2.light_panel8_0
bc65700e39446314bb904f693b7d55d3	zone2.heavy_panel47_0
bc65700e39446314bb904f693b7d55d3:1496828037704627453	zone2.heavy_panel47_0
bc6961c14840a2b4a9ce2f73c180956a	walls.pw_main_hor_down_0
bc6961c14840a2b4a9ce2f73c180956a:-8660368899607419596	walls.pw_main_hor_down_0
bc7b11d8a42800748bf94a79709971c3	traps_shadows.triple_bomb4_0
bc7b11d8a42800748bf94a79709971c3:5820040350323625190	traps_shadows.triple_bomb4_0
bd04b55b19c09814eb556d7dd84ec0f4	black.silhouette_main_3_8_0
bd04b55b19c09814eb556d7dd84ec0f4:935511561673721443	black.silhouette_main_3_8_0
bd9bf897e5f91434d80d1ff92753452a	electric_factory_2.plan_5-1_0
bd9bf897e5f91434d80d1ff92753452a:-251445505944613794	electric_factory_2.plan_5-1_0
bd9e49de0e2f3844c9ef73149ae5240b	zone2.slope22_0
bd9e49de0e2f3844c9ef73149ae5240b:1683119127221815318	zone2.slope22_0
bdb4d49883ede994c975ea457b316125	zone2.heavy_panel15_0
bdb4d49883ede994c975ea457b316125:-6687140952223623813	zone2.heavy_panel15_0
bdcc32fae6bb1644e9ed94096d7b3277	cutscene_swarm.cutscene_monitor1_0
bdcc32fae6bb1644e9ed94096d7b3277:-5625698410798782866	cutscene_swarm.cutscene_monitor1_0
bdef95dff1a53b548aad825fd1c655d9	walls.pipeline_edge_light_red_0
bdef95dff1a53b548aad825fd1c655d9:-7641756502554837971	walls.pipeline_edge_light_red_0
bdf66a60e7e36284d8f9d2ad55a1b6fe	memory_terminal.6_0
bdf66a60e7e36284d8f9d2ad55a1b6fe:5635104779996991008	memory_terminal.6_0
be137a2888cf42c41bbe1d46d9e1433e	black.silhouette_main_5_3_0
be137a2888cf42c41bbe1d46d9e1433e:-8733048898747700110	black.silhouette_main_5_3_0
be156a376df1ec94c8d5bc23ce59f5ed	walls.holographic_interface_circles3_0
be156a376df1ec94c8d5bc23ce59f5ed:-1570666210211997762	walls.holographic_interface_circles3_1
be156a376df1ec94c8d5bc23ce59f5ed:6647542442975901030	walls.holographic_interface_circles3_2
be156a376df1ec94c8d5bc23ce59f5ed:7136333179513103966	walls.holographic_interface_circles3_0
be1d81243182b094e8f6f53c9a073eef	q_server.server10_0
be1d81243182b094e8f6f53c9a073eef:-1745371133582143263	q_server.server10_0
be20bf4c4a81a934881cd6a78addaa08	bg_barrel.3_5_0
be20bf4c4a81a934881cd6a78addaa08:-689693833933458909	bg_barrel.3_5_0
be270147191a4254cb916dcd20b53f28	q_scanner_terminal.server6_0
be270147191a4254cb916dcd20b53f28:-5138049423660994385	q_scanner_terminal.server6_0
be2d9c71627957041ad9ad11453c1460	traps_shadows.sound_trap5_2_0
be2d9c71627957041ad9ad11453c1460:2165427568750837436	traps_shadows.sound_trap5_2_0
be70edd36cad0d24f921f7ff091dbb1d	walls.pipeline_main_blue_0
be70edd36cad0d24f921f7ff091dbb1d:2507365156909579030	walls.pipeline_main_blue_0
be851f80d1c2a874d840ca52aee2ef53	walls.pw_main_hor_up_0
be851f80d1c2a874d840ca52aee2ef53:853209284084569004	walls.pw_main_hor_up_0
be890340c01e30c40830f49175bdfac3	memory_terminal.10_0
be890340c01e30c40830f49175bdfac3:-5096594222477296123	memory_terminal.10_0
bed3272c2aa1e6140a0343225ad37fcb	black.tank_1_0
bed3272c2aa1e6140a0343225ad37fcb:-7684957547709906420	black.tank_1_0
bed74ff1f42650b47bd5ff0408e69ff9	metal_pillars.plan_0_1_0
bed74ff1f42650b47bd5ff0408e69ff9:3832192249006809019	metal_pillars.plan_0_1_0
bed83471bad999d40a336d9421e762c9	walls.holographic_interface_circles2_0
bed83471bad999d40a336d9421e762c9:-3669508145679223685	walls.holographic_interface_circles2_2
bed83471bad999d40a336d9421e762c9:-6969758301504840617	walls.holographic_interface_circles2_1
bed83471bad999d40a336d9421e762c9:6057897964337317281	walls.holographic_interface_circles2_0
befa3c5001a2ebc428b6c0d9492ede39	stunts_run.track_trick_monkeytobackflip_0
befa3c5001a2ebc428b6c0d9492ede39:1689836576954005388	stunts_run.track_trick_monkeytobackflip_0
befa3c5001a2ebc428b6c0d9492ede39:4083336236160184730	stunts_run.track_trick_monkeytobackflip_1
befc065a9fa30fe41bc07cf02bd89640	walls.decal_6_0
befc065a9fa30fe41bc07cf02bd89640:3110741297496862430	walls.decal_6_0
bf282f7b69cb787419ccd40805fb399c	zone2.heavy_panel36_0
bf282f7b69cb787419ccd40805fb399c:3669502078853925669	zone2.heavy_panel36_0
bf4843eee7bab0241a29833de139fb80	black.slope_1_5_0
bf4843eee7bab0241a29833de139fb80:-7624353886929215119	black.slope_1_5_0
bf8bb89c125c77e4ca48d1ea28b4b0d4	traps_shadows.flamethrower_horizontal_0
bf8bb89c125c77e4ca48d1ea28b4b0d4:7477619449031688729	traps_shadows.flamethrower_horizontal_0
bfa3e6dfcb2ebbf45bbabe497c6c704d	stunts_run.track_trick_doublekong_0
bfa3e6dfcb2ebbf45bbabe497c6c704d:-4915244208440800541	stunts_run.track_trick_doublekong_0
bfb98ef4721fa084589ca38f1d9f955e	walls.wb_frame_angled_0
bfb98ef4721fa084589ca38f1d9f955e:-6869738234495009764	walls.wb_frame_angled_0
bfcd9cac6a63b3746b2564edc15f9332	cutscene_awaken.cutscene_awakening5_0
bfcd9cac6a63b3746b2564edc15f9332:6946988352540381629	cutscene_awaken.cutscene_awakening5_0
bfcde128d9c10504c846420b17d1ab39	walls.pipeline_lever_green_0
bfcde128d9c10504c846420b17d1ab39:-4247339420379174013	walls.pipeline_lever_green_0
bfce95654b3ba2e499c4857d55d94af0	traps_seq.mine_blink_8_0
bfce95654b3ba2e499c4857d55d94af0:-6906555646209755088	traps_seq.mine_blink_8_0
bfd94e13c1353034f86ec452f6c7b44a	walls.decal_1_0
bfd94e13c1353034f86ec452f6c7b44a:-1509836483614462379	walls.decal_1_0
c02819b53b7bab64c8243af6536ab6c3	black.relief_2_simple_0
c02819b53b7bab64c8243af6536ab6c3:5845370975180514138	black.relief_2_simple_0
c02d3d7e81fe33f40ac6eab74b0f7f67	cutscene_swarm.cutscene11_0
c02d3d7e81fe33f40ac6eab74b0f7f67:1220832057604887879	cutscene_swarm.cutscene11_0
c053cd4cff6f09343a8025dfaba7d2c2	far_city.plan_3_4_0
c053cd4cff6f09343a8025dfaba7d2c2:1630927022816055792	far_city.plan_3_4_0
c05ea908c3ccb5f47b0a7516778f7cc8	bg_red_crane.1_12_0
c05ea908c3ccb5f47b0a7516778f7cc8:3880404830585422541	bg_red_crane.1_12_0
c0652b022488e4b4b988f89b1c80b4d0	traps_shadows.triple_bomb5_0
c0652b022488e4b4b988f89b1c80b4d0:-7049169108762191332	traps_shadows.triple_bomb5_0
c0849c93229b20e49adc7a0e520e6f1e	zone2.slope12_0
c0849c93229b20e49adc7a0e520e6f1e:4303310055042857932	zone2.slope12_0
c09ee51c876deaa4b9c44beba0448ded	walls.cords_lamp_yellow_0
c09ee51c876deaa4b9c44beba0448ded:6779740906444817492	walls.cords_lamp_yellow_0
c0ba1d680d497824890df358894eb665	black.slope_2_1_0
c0ba1d680d497824890df358894eb665:-7656897674371232005	black.slope_2_1_0
c0e0aa6f1f3f0d54abebbcfc47b70d46	stunts_run.track_trick_rocketvault_0
c0e0aa6f1f3f0d54abebbcfc47b70d46:8681921543310443246	stunts_run.track_trick_rocketvault_0
c100e62b1a2d41f41bc115199dd97eae	q_scanner.4_0
c100e62b1a2d41f41bc115199dd97eae:-7235566600124761478	q_scanner.4_0
c10287d8cb3368a4499eec295dfed660	metal_pillars.plan_1_1_0
c10287d8cb3368a4499eec295dfed660:3132026155484743324	metal_pillars.plan_1_1_0
c1080b1d4738523478c05649bb88785e	warning_signs.digit_9_0
c1080b1d4738523478c05649bb88785e:4493115480198374731	warning_signs.digit_9_0
c11200996c6a8024e958c32f6fa7bdab	walls.ws_acceleration_0
c11200996c6a8024e958c32f6fa7bdab:-1368397425920100763	walls.ws_acceleration_1
c11200996c6a8024e958c32f6fa7bdab:-966308849062297565	walls.ws_acceleration_2
c11200996c6a8024e958c32f6fa7bdab:4199761946427262911	walls.ws_acceleration_0
c123d4d6da97a014b872a1cd21d2c5da	walls.wbth_tee_0
c123d4d6da97a014b872a1cd21d2c5da:8911683465224696462	walls.wbth_tee_0
c13833debbf0859449cccd21cf42bebc	walls.pipeline_lever_blue_0
c13833debbf0859449cccd21cf42bebc:2003211897831409361	walls.pipeline_lever_blue_0
c14227ce84ab5cf4798ced098a6622d8	walls.pipeline_type_aw2_green_0
c14227ce84ab5cf4798ced098a6622d8:-4445838114068248458	walls.pipeline_type_aw2_green_5
c14227ce84ab5cf4798ced098a6622d8:-5855449610600497848	walls.pipeline_type_aw2_green_1
c14227ce84ab5cf4798ced098a6622d8:7319835182158634867	walls.pipeline_type_aw2_green_2
c14227ce84ab5cf4798ced098a6622d8:7351407068825034709	walls.pipeline_type_aw2_green_3
c14227ce84ab5cf4798ced098a6622d8:8984207321630479437	walls.pipeline_type_aw2_green_4
c14227ce84ab5cf4798ced098a6622d8:913417325807009477	walls.pipeline_type_aw2_green_0
c14625f964584e345b0c27d908dcd7a1	walls.wall_white_1x400_0
c14625f964584e345b0c27d908dcd7a1:-6115608796411941569	walls.wall_white_1x400_0
c153e138169b60f4e92fa2c1f29f6a09	metal_pillars.plan_1_2_0
c153e138169b60f4e92fa2c1f29f6a09:-4601663088653290635	metal_pillars.plan_1_2_0
c158530ff879a3a479e528446c39611d	cutscene_swarm.cutscene6_0
c158530ff879a3a479e528446c39611d:-1851453079988745952	cutscene_swarm.cutscene6_0
c180eb3d62160434da572fb6251445a6	traps_shadows.black_ball_turbine_0
c180eb3d62160434da572fb6251445a6:-1696145992552228240	traps_shadows.black_ball_turbine_0
c182b8fe0dd2ffb4385262a5f56f144e	zone2.door2_5_0
c182b8fe0dd2ffb4385262a5f56f144e:2442047073247468658	zone2.door2_5_1
c182b8fe0dd2ffb4385262a5f56f144e:7211994900732133156	zone2.door2_5_0
c1c08baffd3839846b725064fc3611c8	bg_barrel.1_3_0
c1c08baffd3839846b725064fc3611c8:-9003423007442584695	bg_barrel.1_3_0
c1f363a3bcbf18d49a945ed1fabb1a2b	walls.cords_wall_recess_0
c1f363a3bcbf18d49a945ed1fabb1a2b:277986166928812296	walls.cords_wall_recess_0
c1f4cca08ce609a46badebb65f2a0adc	stunts_run.track_trick_splitone_0
c1f4cca08ce609a46badebb65f2a0adc:7213159231108067123	stunts_run.track_trick_splitone_0
c20f811a92b560448b1a9f0357816dda	zone2.heavy_panel48_0
c20f811a92b560448b1a9f0357816dda:-5951077378373607391	zone2.heavy_panel48_0
c23d4a76c2808e14a95294416198192e	traps_seq.mine_blink_5_0
c23d4a76c2808e14a95294416198192e:8018728311838660190	traps_seq.mine_blink_5_0
c242f19dad238654496a11bd3a194e79	zone2.ventilator24_0
c242f19dad238654496a11bd3a194e79:-7573741104164918382	zone2.ventilator24_0
c25baa97171f2564a8424593be17fd6c	cutscene_swarm.cutscene_monitor0_0
c25baa97171f2564a8424593be17fd6c:356998074965897591	cutscene_swarm.cutscene_monitor0_0
c27225f0d0ac4d545b586a0d3d8acdb1	black.floor_obstacle_1_2_0
c27225f0d0ac4d545b586a0d3d8acdb1:9204584894499271430	black.floor_obstacle_1_2_0
c2726b24ffbead248a3b768cfed1f379	black.slope_2_2_0
c2726b24ffbead248a3b768cfed1f379:4179524617967400876	black.slope_2_2_0
c2b8f44745a8e5e47a11cba7ba0e8c9d	walls.pw_decal_big_center_down_0
c2b8f44745a8e5e47a11cba7ba0e8c9d:936590589163379909	walls.pw_decal_big_center_down_0
c2f5d47e2cfc7704ea33c9d80363963d	stunts_run.track_trick_underbar_0
c2f5d47e2cfc7704ea33c9d80363963d:-3911439289230037302	stunts_run.track_trick_underbar_0
c343276f4e684df46a8929d0652a2882	traps_seq.mine_blink_5_0
c343276f4e684df46a8929d0652a2882:8018728311838660190	traps_seq.mine_blink_5_0
c348b9546b4cabd43a47cda5984881bd	zone2.edge_brown5_0
c348b9546b4cabd43a47cda5984881bd:1313694575140410234	zone2.edge_brown5_0
c34f66783dbb78e459d908c6cd2c4276	traps_shadows.mine_pillar6_0
c34f66783dbb78e459d908c6cd2c4276:4137871225860186097	traps_shadows.mine_pillar6_0
c35549de253d57744a2efe858f5fccd6	bg_barrel.1_2_0
c35549de253d57744a2efe858f5fccd6:6676951749927501287	bg_barrel.1_2_0
c3cc7e5eb8d2d994fa0840d90aa04b69	traps_seq.mine_blink_4_0
c3cc7e5eb8d2d994fa0840d90aa04b69:-8752332296027718372	traps_seq.mine_blink_4_0
c419e815f00027e418540e29dc8bbad5	black.silhouette_main_2_6_0
c419e815f00027e418540e29dc8bbad5:562969173873203645	black.silhouette_main_2_6_0
c4441e19d76144c41af077664f1f0a76	zone2.light_panel20_0
c4441e19d76144c41af077664f1f0a76:-8081658008052962732	zone2.light_panel20_0
c48e8352f674d794c889166e0b45fbd6	stunts_run.track_trick_360wallcling_0
c48e8352f674d794c889166e0b45fbd6:1108115645692763979	stunts_run.track_trick_360wallcling_0
c497dffec7213d34687a9f767be0302f	walls.monitors_street_0
c497dffec7213d34687a9f767be0302f:7358359935697857997	walls.monitors_street_0
c4c9baa97b729b54584d21ffa9891cb5	q_server.server1_0
c4c9baa97b729b54584d21ffa9891cb5:-5109346819667908226	q_server.server1_0
c4c9baa97b729b54584d21ffa9891cb5:7471328252590284857	q_server.server1_1
c4c9baa97b729b54584d21ffa9891cb5:8699316650333970693	q_server.server1_2
c4ca057305421774181bc9b4ebff3890	walls.holographic_interface_circles1_0
c4ca057305421774181bc9b4ebff3890:-1287413403197545619	walls.holographic_interface_circles1_4
c4ca057305421774181bc9b4ebff3890:2791491271701962997	walls.holographic_interface_circles1_2
c4ca057305421774181bc9b4ebff3890:4359486965657667529	walls.holographic_interface_circles1_0
c4ca057305421774181bc9b4ebff3890:7258307732091368726	walls.holographic_interface_circles1_3
c4ca057305421774181bc9b4ebff3890:7395476179424032636	walls.holographic_interface_circles1_1
c4fe63ebd7109c74f8cf0f03f47cb235	metal_pillars.plan_2_3_0
c4fe63ebd7109c74f8cf0f03f47cb235:-5168751870587212354	metal_pillars.plan_2_3_0
c5098452a4417e0449096d87384582ef	black.wires_0
c5098452a4417e0449096d87384582ef:6998264105672688238	black.wires_0
c55803bfea6118846b4a2e8954c63481	zone2.heavy_panel51_0
c55803bfea6118846b4a2e8954c63481:-2490131374958871910	zone2.heavy_panel51_0
c58ac73c89dfcee4b8c52ee2fb64f77e	zone2.light_panel1_0
c58ac73c89dfcee4b8c52ee2fb64f77e:-1096619405430434007	zone2.light_panel1_0
c5c991bf95e56b749b0b647dce440800	zone2.edge_gray2_0
c5c991bf95e56b749b0b647dce440800:8326075215419020805	zone2.edge_gray2_0
c5ee860de745bbd4981841bec3f42d75	walls.pipeline_arris_dark_green_0
c5ee860de745bbd4981841bec3f42d75:15265533506161648	walls.pipeline_arris_dark_green_0
c5f0a15ec776093409d4fe9a088433b5	zone2.scratch4_0
c5f0a15ec776093409d4fe9a088433b5:-7503914271875219602	zone2.scratch4_0
c5fabf83d04777a43a7ead309e3b28a8	zone2.door2_5_0
c5fabf83d04777a43a7ead309e3b28a8:2442047073247468658	zone2.door2_5_1
c5fabf83d04777a43a7ead309e3b28a8:7211994900732133156	zone2.door2_5_0
c605bdce9c650b3468d16ecf43f0a98d	black.silhouette3_0
c605bdce9c650b3468d16ecf43f0a98d:-4036021746378669395	black.silhouette3_0
c61b858d290b56446ac0ac9baddb7757	zone2.edge_brown3_0
c61b858d290b56446ac0ac9baddb7757:4676796185949247531	zone2.edge_brown3_0
c62536edf918c34428fd7393edf5eccb	walls.wbth_tee_0
c62536edf918c34428fd7393edf5eccb:8911683465224696462	walls.wbth_tee_0
c63b2e2c233556548a893f4162a71a98	zone2.slope24_0
c63b2e2c233556548a893f4162a71a98:-244618773547189235	zone2.slope24_0
c67e9fd6bf190df4bb379dc36a0f7282	walls.ws_divarication_up_down_0
c67e9fd6bf190df4bb379dc36a0f7282:-228298065401663884	walls.ws_divarication_up_down_0
c68043f29a0114b48b06bc95de952e62	blue_crystal_lab.plan_2_9_0
c68043f29a0114b48b06bc95de952e62:2823288030659413102	blue_crystal_lab.plan_2_9_0
c6ba59ef00a2bb84094fe2e55fa86478	cutscene_swarm.cutscene_monitor3_0
c6ba59ef00a2bb84094fe2e55fa86478:-2787451039983925988	cutscene_swarm.cutscene_monitor3_0
c6d35c30a445f6e46b78b2d9adbcccee	bg_barrel.1_1_0
c6d35c30a445f6e46b78b2d9adbcccee:-6219715644799809870	bg_barrel.1_1_0
c7587937a2afc5c4298b456b4865da80	walls.ww_frame_up_0
c7587937a2afc5c4298b456b4865da80:8980276850153948685	walls.ww_frame_up_0
c7ae473f11100b744831ce8bb3ab56b2	zone2.scratch3_0
c7ae473f11100b744831ce8bb3ab56b2:759101258731423012	zone2.scratch3_0
c7ce3e2cd925fca4cb4a3651fbdc0e04	zone2.door2_9_0
c7ce3e2cd925fca4cb4a3651fbdc0e04:-6499182936797036615	zone2.door2_9_0
c7db405b4b638f64aa8a293ea4393f93	zone2.darkness_switch4_0
c7db405b4b638f64aa8a293ea4393f93:-4818228938392380296	zone2.darkness_switch4_0
c7dffb7e1124a6440aaf119cfa178bec	black.press_1_2_0
c7dffb7e1124a6440aaf119cfa178bec:-7701499209000406245	black.press_1_2_0
c7e5028481540eb42a9b2f5a9e7b58dd	zone2.scratch1_0
c7e5028481540eb42a9b2f5a9e7b58dd:-1154383453032703687	zone2.scratch1_1
c7e5028481540eb42a9b2f5a9e7b58dd:-185486142554768086	zone2.scratch1_10
c7e5028481540eb42a9b2f5a9e7b58dd:-4640150973464562582	zone2.scratch1_5
c7e5028481540eb42a9b2f5a9e7b58dd:-5004156976451932614	zone2.scratch1_4
c7e5028481540eb42a9b2f5a9e7b58dd:-7184412483339129164	zone2.scratch1_8
c7e5028481540eb42a9b2f5a9e7b58dd:-7526373794921710844	zone2.scratch1_12
c7e5028481540eb42a9b2f5a9e7b58dd:-8744307115732233540	zone2.scratch1_13
c7e5028481540eb42a9b2f5a9e7b58dd:1869320836460412042	zone2.scratch1_11
c7e5028481540eb42a9b2f5a9e7b58dd:207823805550885938	zone2.scratch1_3
c7e5028481540eb42a9b2f5a9e7b58dd:2963851069890592627	zone2.scratch1_2
c7e5028481540eb42a9b2f5a9e7b58dd:6597895068903248535	zone2.scratch1_0
c7e5028481540eb42a9b2f5a9e7b58dd:6763743921571037641	zone2.scratch1_7
c7e5028481540eb42a9b2f5a9e7b58dd:8779655733839033688	zone2.scratch1_6
c7e5028481540eb42a9b2f5a9e7b58dd:8986937728608362550	zone2.scratch1_9
c7e61a36177030a4f88803c4e591d6ec	walls.panel_blue_underfloor_support_upper_0
c7e61a36177030a4f88803c4e591d6ec:-89649606067178624	walls.panel_blue_underfloor_support_upper_0
c7f20c3c8fe2d8548941e2a60a37c6c5	traps_shadows.swarm_shaft6_0
c7f20c3c8fe2d8548941e2a60a37c6c5:7619045685445605187	traps_shadows.swarm_shaft6_0
c801d6f4469f83f4fbaf3cb7b0e50a01	black.silhouette_main_2_3_0
c801d6f4469f83f4fbaf3cb7b0e50a01:-3817819509212836259	black.silhouette_main_2_3_0
c817b882ab06b2445b755c3884cebdbc	zone2.panel_orange_0
c817b882ab06b2445b755c3884cebdbc:5331207671776575077	zone2.panel_orange_0
c844db4e84bafd649979d97c2cf8f361	black.silhouette_main_2_7_0
c844db4e84bafd649979d97c2cf8f361:8659652466045677991	black.silhouette_main_2_7_0
c8551555f8e4aff46acc53bf5b6e1a37	walls.monitors_wall_0
c8551555f8e4aff46acc53bf5b6e1a37:2073033104015997727	walls.monitors_wall_0
c86286411fa07e54aa62e692707a6f74	walls.wbth_wall_angle_up_1_0
c86286411fa07e54aa62e692707a6f74:-4268572530878225570	walls.wbth_wall_angle_up_1_0
c86e3199e415a484b930f21430c19842	far_city.plan_3_3_0
c86e3199e415a484b930f21430c19842:-6052735763492219209	far_city.plan_3_3_0
c883464d73b9ad547844a1bb643c651c	walls.panel_red_underfloor_secret_0
c883464d73b9ad547844a1bb643c651c:5489461712790753959	walls.panel_red_underfloor_secret_0
c8a8b8a3b4fdd6b4cb20fccf367d88b1	bg_barrel.3_4_0
c8a8b8a3b4fdd6b4cb20fccf367d88b1:56028792844528561	bg_barrel.3_4_0
c8c31f62ffcc9b34e87ff4bff0fbaa85	q_scanner.8_0
c8c31f62ffcc9b34e87ff4bff0fbaa85:-4292887931520369620	q_scanner.8_0
c8c31f62ffcc9b34e87ff4bff0fbaa85:8486778205490696738	q_scanner.8_1
c8f541374bb367e48a6bf4a12833d493	blue_crystal_lab.plan_2_6_0
c8f541374bb367e48a6bf4a12833d493:-1179435252162851849	blue_crystal_lab.plan_2_6_0
c8f5c61348dda2c4b8718afd71e0a15a	walls.cords_type_atf_0
c8f5c61348dda2c4b8718afd71e0a15a:-1445404803399436052	walls.cords_type_atf_2
c8f5c61348dda2c4b8718afd71e0a15a:-6149286173195748030	walls.cords_type_atf_1
c8f5c61348dda2c4b8718afd71e0a15a:1550728984875926803	walls.cords_type_atf_0
c8f5c61348dda2c4b8718afd71e0a15a:2102302381190666548	walls.cords_type_atf_6
c8f5c61348dda2c4b8718afd71e0a15a:3936079094843546752	walls.cords_type_atf_5
c8f5c61348dda2c4b8718afd71e0a15a:4544903046827121284	walls.cords_type_atf_3
c8f5c61348dda2c4b8718afd71e0a15a:8221806546652150981	walls.cords_type_atf_4
c9113d9726af72948a5dd2ccf9605c47	black.lab_sphere_0
c9113d9726af72948a5dd2ccf9605c47:-3700697494855699567	black.lab_sphere_0
c91dffef95ec96f4b849c19c8686c6d7	black.silhouette_main_3_4_0
c91dffef95ec96f4b849c19c8686c6d7:-4897677697983560284	black.silhouette_main_3_4_0
c93376cdd292ff34b9d4d8d5f17dc5dd	zone2.heavy_panel8_0
c93376cdd292ff34b9d4d8d5f17dc5dd:1855833329346306338	zone2.heavy_panel8_0
c935b30c7afe94642a1878a0bb458430	walls.heck_0
c935b30c7afe94642a1878a0bb458430:8917162796686342917	walls.heck_0
c9764cbfa6c32af4899faf2329f2ecc0	walls.ww_corner_up_0
c9764cbfa6c32af4899faf2329f2ecc0:-732446097864717106	walls.ww_corner_up_0
c9b498b335263a84491f2709637a8f84	traps_shadows.banner_3_main_0
c9b498b335263a84491f2709637a8f84:-7088701860540353246	traps_shadows.banner_3_main_0
c9c5eb0261c10bd49b6e04bd474e3230	zone2.ventilator15_0
c9c5eb0261c10bd49b6e04bd474e3230:-6970982920739096591	zone2.ventilator15_0
c9c7e6e9006205644b72839047bb6646	walls.holographic_interface_bg_red_quart_0
c9c7e6e9006205644b72839047bb6646:8836058194729862737	walls.holographic_interface_bg_red_quart_0
c9cd2f16759b10b4ea84ee044dcaf501	walls.panel_red_underfloor_support_lower_0
c9cd2f16759b10b4ea84ee044dcaf501:8063917491223700657	walls.panel_red_underfloor_support_lower_0
c9d4a9034ac2b6f4cb4395bb14807d3d	walls.panel_blue_underfloor_support_0
c9d4a9034ac2b6f4cb4395bb14807d3d:2741742950926944607	walls.panel_blue_underfloor_support_0
c9e8f03319b7487428b2d903afbf329a	metal_pillars.plan_4_3_0
c9e8f03319b7487428b2d903afbf329a:3826340085272737365	metal_pillars.plan_4_3_0
c9f4ef94dadc29b44ac911128ab43c51	zone2.heavy_panel21_0
c9f4ef94dadc29b44ac911128ab43c51:-5431861332307223101	zone2.heavy_panel21_0
c9f7a18b191774e48b29e6165641d882	electric_factory_2.plan_5-3_0
c9f7a18b191774e48b29e6165641d882:-1419586711804207874	electric_factory_2.plan_5-3_0
ca08b50932bc8f0468c1fa644e148100	black.silhouette3_0
ca08b50932bc8f0468c1fa644e148100:-4036021746378669395	black.silhouette3_0
ca1fc9118abfe29488eb9644106b5fa5	black.silhouette_main_4_2_0
ca1fc9118abfe29488eb9644106b5fa5:-3317151697975651862	black.silhouette_main_4_2_0
ca2a9323ab7ed204f880f5804538d1ad	blue_crystal_lab.plan_4_2_0
ca2a9323ab7ed204f880f5804538d1ad:7347365878080517384	blue_crystal_lab.plan_4_2_0
ca53a9c4e5dad9a449d6c3c6e03c130d	walls.panel_red_underfloor_0
ca53a9c4e5dad9a449d6c3c6e03c130d:-1003447691389152022	walls.panel_red_underfloor_0
ca8fefdc328420c41a1555343d39f187	traps_shadows.mine_pillar3_0
ca8fefdc328420c41a1555343d39f187:679369092313978081	traps_shadows.mine_pillar3_0
ca92e2f7b983c8548b4a8a74361de505	walls.wbsh_wall_angle_down_0
ca92e2f7b983c8548b4a8a74361de505:-519733405057756719	walls.wbsh_wall_angle_down_0
cac4d2ec06314954ba9d868a52bdd957	zone2.light_panel2_0
cac4d2ec06314954ba9d868a52bdd957:4914489165036429459	zone2.light_panel2_0
cacd71c126bc0b442981e49cbe13eff0	stunts_run.track_trick_doublekong_0
cacd71c126bc0b442981e49cbe13eff0:-4915244208440800541	stunts_run.track_trick_doublekong_0
cafa2b8647fa10e4998e1809afb33a67	black.lab_ceiling_0
cafa2b8647fa10e4998e1809afb33a67:-7771083614083698021	black.lab_ceiling_0
cb072078a551ccd49bc541f5f3f45788	zone2.darkness_switch4_0
cb072078a551ccd49bc541f5f3f45788:-4818228938392380296	zone2.darkness_switch4_0
cb2b5ecde9a8ed943adc94da75ea9c11	walls.pipeline_hight_pressure_green_0
cb2b5ecde9a8ed943adc94da75ea9c11:-4863953142314597238	walls.pipeline_hight_pressure_green_0
cb2b5ecde9a8ed943adc94da75ea9c11:-6734026354724506222	walls.pipeline_hight_pressure_green_2
cb2b5ecde9a8ed943adc94da75ea9c11:5982239477235010221	walls.pipeline_hight_pressure_green_1
cb319f3cf0b51ac48b723949edc145ae	zone2.edge_orange4_0
cb319f3cf0b51ac48b723949edc145ae:4140052912232496437	zone2.edge_orange4_0
cba8d5ef40ecfbf47b6587b3c0150e22	zone2.panel_dark_brown1_0
cba8d5ef40ecfbf47b6587b3c0150e22:5119659424135981226	zone2.panel_dark_brown1_0
cc2b053e85a2fd94ca6e1f6f3e1462e7	walls.panel_blue_underfloor_secret_0
cc2b053e85a2fd94ca6e1f6f3e1462e7:3693483105615296745	walls.panel_blue_underfloor_secret_0
cc545532269182846889b915c1f800f8	zone2.door2_4_0
cc545532269182846889b915c1f800f8:5223512577077738250	zone2.door2_4_0
cc7c492f10b7fae4e9433455079b164f	walls.panel_brown_underfloor_lightweight_lower_0
cc7c492f10b7fae4e9433455079b164f:-3787058369234982878	walls.panel_brown_underfloor_lightweight_lower_0
cc8576488f28821488be3e3352be4c93	zone2.angle_gray2_0
cc8576488f28821488be3e3352be4c93:4788507556665039555	zone2.angle_gray2_0
ccb4f2ea11b8b3340994afb1aa8b8a2f	lights.lamp_bg_blue_round_64x64_0
ccb4f2ea11b8b3340994afb1aa8b8a2f:1884072517482698115	lights.lamp_bg_blue_round_64x64_0
ccbcf23f5457b404897875f2cf0969b1	walls.wbth_wall_angle_down_2_0
ccbcf23f5457b404897875f2cf0969b1:-889148596172998451	walls.wbth_wall_angle_down_2_0
cce4f728cbb58434687f6f423cb2caec	walls.panel_blue_underfloor_secret_0
cce4f728cbb58434687f6f423cb2caec:3693483105615296745	walls.panel_blue_underfloor_secret_0
cce9588458fb86842b3b0620113c5a67	zone2.shaft3_0
cce9588458fb86842b3b0620113c5a67:9212441349356261593	zone2.shaft3_0
ccf5289a7a7f9fc48888eb1ec8432ab2	stunts_run.track_trick_swallow_0
ccf5289a7a7f9fc48888eb1ec8432ab2:-2217564869214375495	stunts_run.track_trick_swallow_0
cd0a880c453234e4fa27ae686a5d9685	walls.wbsh_beam_1_0
cd0a880c453234e4fa27ae686a5d9685:-6207224560859972365	walls.wbsh_beam_1_0
cd1c65596913cfa46835c69d1202b33b	walls.decal_7_0
cd1c65596913cfa46835c69d1202b33b:6624574656218479189	walls.decal_7_0
cd2153a8d8039af44849676b354bd36e	black.angle_45_2_rounded_512x512_simple_0
cd2153a8d8039af44849676b354bd36e:-8478591983578927162	black.angle_45_2_rounded_512x512_simple_0
cd7c8d436bbd3c540858a4f1e5f6959e	walls.panel_brown_underfloor_empty_0
cd7c8d436bbd3c540858a4f1e5f6959e:-836164391630238029	walls.panel_brown_underfloor_empty_0
cd9d0e2cb0f8f37419a6cf7a3e9efd96	traps_shadows.triple_bomb2_0
cd9d0e2cb0f8f37419a6cf7a3e9efd96:8064148988214773747	traps_shadows.triple_bomb2_0
cdd152eae6b16a44c9f205abf63ed89b	black.silhouette_main_3_7_0
cdd152eae6b16a44c9f205abf63ed89b:8722192096446799345	black.silhouette_main_3_7_0
ce22270a08ab720419811110633ceff1	traps_shadows.swarm_shaft6_0
ce22270a08ab720419811110633ceff1:7619045685445605187	traps_shadows.swarm_shaft6_0
ce259067376926a458f68fcc07f5363f	walls.pipeline_lever_red_0
ce259067376926a458f68fcc07f5363f:-8440630516882639087	walls.pipeline_lever_red_0
ce2aaac6e3a9f964e8114adb138fa2a4	zone2.heavy_panel34_0
ce2aaac6e3a9f964e8114adb138fa2a4:-6281666233587057079	zone2.heavy_panel34_0
ce81765ec0cfee4469eb988be743bc53	zone2.door2_7_0
ce81765ec0cfee4469eb988be743bc53:-7597658352044307750	zone2.door2_7_0
ce86bb6cdb53f854180a1023257e0180	walls.column_white_2_0
ce86bb6cdb53f854180a1023257e0180:-4080464533305984352	walls.column_white_2_0
cee5beda7fc04344891f5e79f19628cd	electric_factory_2.plan_6-1_0
cee5beda7fc04344891f5e79f19628cd:5674558380206578964	electric_factory_2.plan_6-1_0
cef733fc9cdfd6c4ba21f707b39b14ff	zone2.heavy_panel14_0
cef733fc9cdfd6c4ba21f707b39b14ff:1404457930120213047	zone2.heavy_panel14_0
cf0524029ee743347a6289808a9b3615	traps_shadows.swarm_shaft4_0
cf0524029ee743347a6289808a9b3615:-2183906822535912335	traps_shadows.swarm_shaft4_0
cf131d53ec6a1e646b59267674a7c437	black.manipulator_2_1024x1024_0
cf131d53ec6a1e646b59267674a7c437:-5886601917460698427	black.manipulator_2_1024x1024_0
cf297e3f35b11d84b9c19a69d48d859e	walls.decal_level_0
cf297e3f35b11d84b9c19a69d48d859e:-3210171946132687592	walls.decal_level_2
cf297e3f35b11d84b9c19a69d48d859e:-3854439165224908489	walls.decal_level_3
cf297e3f35b11d84b9c19a69d48d859e:-6991885020483562810	walls.decal_level_1
cf297e3f35b11d84b9c19a69d48d859e:8728423274779086623	walls.decal_level_0
cf50b347625e10f43bb9934f35aa39a5	zone2.light_panel7_0
cf50b347625e10f43bb9934f35aa39a5:-570393377934811343	zone2.light_panel7_0
cfb703040ed40204881785132c4e0b62	black.tp_sphere_simple_0
cfb703040ed40204881785132c4e0b62:-593587394916741027	black.tp_sphere_simple_0
cffcc7a0919c78b408057420d68fd702	zone2.light_panel29_0
cffcc7a0919c78b408057420d68fd702:-474315349900100418	zone2.light_panel29_0
cffede1d626bba9478b2d18f398f553c	cutscene_swarm.cutscene5_0
cffede1d626bba9478b2d18f398f553c:-2997500724285698192	cutscene_swarm.cutscene5_0
d00b1cf8a3334869bb14d4518f3f803b	traps_shadows.gradient
d00b1cf8a3334869bb14d4518f3f803b:21300000	traps_shadows.gradient
d00b1cf8a3334869bb14d4518f3f803b:21300002	traps_shadows.gradient_intense
d00b1cf8a3334869bb14d4518f3f803b:21300004	traps_shadows.gradient_intense_rounded
d00b1cf8a3334869bb14d4518f3f803b:21300006	traps_shadows.gradient_rounded
d00b1cf8a3334869bb14d4518f3f803b:21300008	traps_shadows.v_white
d00b1cf8a3334869bb14d4518f3f803b:21300010	traps_shadows.black_ball_body
d00b1cf8a3334869bb14d4518f3f803b:21300012	traps_shadows.black_ball_fang
d00b1cf8a3334869bb14d4518f3f803b:21300014	traps_shadows.black_ball_flap
d00b1cf8a3334869bb14d4518f3f803b:21300016	traps_shadows.black_ball_shadow_underfloor
d00b1cf8a3334869bb14d4518f3f803b:21300018	traps_shadows.black_ball_shine
d00b1cf8a3334869bb14d4518f3f803b:21300020	traps_shadows.black_ball_station1
d00b1cf8a3334869bb14d4518f3f803b:21300022	traps_shadows.black_ball_station2
d00b1cf8a3334869bb14d4518f3f803b:21300024	traps_shadows.black_ball_station3
d00b1cf8a3334869bb14d4518f3f803b:21300026	traps_shadows.black_ball_station4
d00b1cf8a3334869bb14d4518f3f803b:21300028	traps_shadows.black_ball_turbine
d00b1cf8a3334869bb14d4518f3f803b:21300030	traps_shadows.electro_ball_fang1
d00b1cf8a3334869bb14d4518f3f803b:21300032	traps_shadows.electro_ball_fang2
d00b1cf8a3334869bb14d4518f3f803b:21300034	traps_shadows.electro_ball_flap
d00b1cf8a3334869bb14d4518f3f803b:21300036	traps_shadows.electro_balls_lamps
d00b1cf8a3334869bb14d4518f3f803b:21300038	traps_shadows.electro_emitter_bg
d00b1cf8a3334869bb14d4518f3f803b:21300040	traps_shadows.electro_emitter_body1
d00b1cf8a3334869bb14d4518f3f803b:21300042	traps_shadows.electro_emitter_underfloor_main1
d00b1cf8a3334869bb14d4518f3f803b:21300044	traps_shadows.electro_emitter_underfloor_main2
d00b1cf8a3334869bb14d4518f3f803b:21300046	traps_shadows.emitter_soaring_body
d00b1cf8a3334869bb14d4518f3f803b:21300048	traps_shadows.emitter_soaring_lamp
d00b1cf8a3334869bb14d4518f3f803b:21300050	traps_shadows.emitter_soaring_wing_1
d00b1cf8a3334869bb14d4518f3f803b:21300052	traps_shadows.emitter_soaring_wing_2
d00b1cf8a3334869bb14d4518f3f803b:21300054	traps_shadows.emitter_soaring_wing_shining_1
d00b1cf8a3334869bb14d4518f3f803b:21300056	traps_shadows.emitter_soaring_wing_shining_2
d00b1cf8a3334869bb14d4518f3f803b:21300058	traps_shadows.laser_body
d00b1cf8a3334869bb14d4518f3f803b:21300060	traps_shadows.laser_body_pulse
d00b1cf8a3334869bb14d4518f3f803b:21300062	traps_shadows.laser_cone
d00b1cf8a3334869bb14d4518f3f803b:21300064	traps_shadows.laser_emitter_underfloor_flap
d00b1cf8a3334869bb14d4518f3f803b:21300066	traps_shadows.laser_emitter_underfloor_main_1
d00b1cf8a3334869bb14d4518f3f803b:21300068	traps_shadows.laser_emitter_underfloor_main_2
d00b1cf8a3334869bb14d4518f3f803b:21300070	traps_shadows.laser_halo
d00b1cf8a3334869bb14d4518f3f803b:21300072	traps_shadows.laser_halo_floor
d00b1cf8a3334869bb14d4518f3f803b:21300074	traps_shadows.laser_sphere
d00b1cf8a3334869bb14d4518f3f803b:21300076	traps_shadows.laser_sphere_cone_puls
d00b1cf8a3334869bb14d4518f3f803b:21300078	traps_shadows.lightning_halo
d00b1cf8a3334869bb14d4518f3f803b:21300080	traps_shadows.mine_basis
d00b1cf8a3334869bb14d4518f3f803b:21300082	traps_shadows.mine_body
d00b1cf8a3334869bb14d4518f3f803b:21300084	traps_shadows.mine_pillar10
d00b1cf8a3334869bb14d4518f3f803b:21300086	traps_shadows.mine_pillar3
d00b1cf8a3334869bb14d4518f3f803b:21300088	traps_shadows.mine_pillar4
d00b1cf8a3334869bb14d4518f3f803b:21300090	traps_shadows.mine_pillar5
d00b1cf8a3334869bb14d4518f3f803b:21300092	traps_shadows.mine_pillar6
d00b1cf8a3334869bb14d4518f3f803b:21300094	traps_shadows.mine_pillar7
d00b1cf8a3334869bb14d4518f3f803b:21300096	traps_shadows.mine_pillar8
d00b1cf8a3334869bb14d4518f3f803b:21300098	traps_shadows.mine_pillar9
d00b1cf8a3334869bb14d4518f3f803b:21300100	traps_shadows.v_black_traps
d00b1cf8a3334869bb14d4518f3f803b:21300102	traps_shadows.swarm_shaft1
d00b1cf8a3334869bb14d4518f3f803b:21300104	traps_shadows.swarm_shaft2
d00b1cf8a3334869bb14d4518f3f803b:21300106	traps_shadows.swarm_shaft3
d00b1cf8a3334869bb14d4518f3f803b:21300108	traps_shadows.swarm_shaft4
d00b1cf8a3334869bb14d4518f3f803b:21300110	traps_shadows.swarm_shaft5
d00b1cf8a3334869bb14d4518f3f803b:21300112	traps_shadows.swarm_shaft6
d00b1cf8a3334869bb14d4518f3f803b:21300114	traps_shadows.angle_45_hard
d00b1cf8a3334869bb14d4518f3f803b:21300116	traps_shadows.swarm_shaft_flap
d00b1cf8a3334869bb14d4518f3f803b:21300118	traps_shadows.flamethrowe_body
d00b1cf8a3334869bb14d4518f3f803b:21300120	traps_shadows.flamethrowe_body_on1
d00b1cf8a3334869bb14d4518f3f803b:21300122	traps_shadows.flamethrowe_body_on2
d00b1cf8a3334869bb14d4518f3f803b:21300124	traps_shadows.flamethrowe_horizontal
d00b1cf8a3334869bb14d4518f3f803b:21300126	traps_shadows.flamethrowe_horizontal_on1
d00b1cf8a3334869bb14d4518f3f803b:21300128	traps_shadows.flamethrowe_horizontal_on2
d00b1cf8a3334869bb14d4518f3f803b:21300130	traps_shadows.flamethrowe_vertical_on2
d00b1cf8a3334869bb14d4518f3f803b:21300132	traps_shadows.flamethrower_1
d00b1cf8a3334869bb14d4518f3f803b:21300134	traps_shadows.flamethrower_2
d00b1cf8a3334869bb14d4518f3f803b:21300136	traps_shadows.flamethrower_6
d00b1cf8a3334869bb14d4518f3f803b:21300138	traps_shadows.flamethrower_7
d00b1cf8a3334869bb14d4518f3f803b:21300140	traps_shadows.flamethrower_horizontal
d00b1cf8a3334869bb14d4518f3f803b:21300142	traps_shadows.flamethrower_horizontal_on1
d00b1cf8a3334869bb14d4518f3f803b:21300144	traps_shadows.flamethrower_horizontal_on2
d00b1cf8a3334869bb14d4518f3f803b:21300146	traps_shadows.flamethrower_vertical
d00b1cf8a3334869bb14d4518f3f803b:21300148	traps_shadows.flamethrower_vertical_on1
d00b1cf8a3334869bb14d4518f3f803b:21300150	traps_shadows.electro_emitter_underfloor_bg
d00b1cf8a3334869bb14d4518f3f803b:21300152	traps_shadows.electro_flap_horizontsl
d00b1cf8a3334869bb14d4518f3f803b:21300154	traps_shadows.electro_horizontal
d00b1cf8a3334869bb14d4518f3f803b:21300156	traps_shadows.banner_1_main
d00b1cf8a3334869bb14d4518f3f803b:21300158	traps_shadows.banner_1_top
d00b1cf8a3334869bb14d4518f3f803b:21300160	traps_shadows.banner_2_main
d00b1cf8a3334869bb14d4518f3f803b:21300162	traps_shadows.banner_2_top
d00b1cf8a3334869bb14d4518f3f803b:21300164	traps_shadows.banner_3_main
d00b1cf8a3334869bb14d4518f3f803b:21300166	traps_shadows.banner_3_top
d00b1cf8a3334869bb14d4518f3f803b:21300168	traps_shadows.triple_bomb1
d00b1cf8a3334869bb14d4518f3f803b:21300170	traps_shadows.triple_bomb2
d00b1cf8a3334869bb14d4518f3f803b:21300172	traps_shadows.triple_bomb3
d00b1cf8a3334869bb14d4518f3f803b:21300174	traps_shadows.triple_bomb4
d00b1cf8a3334869bb14d4518f3f803b:21300176	traps_shadows.triple_bomb5
d00b1cf8a3334869bb14d4518f3f803b:21300178	traps_shadows.triple_bomb6
d00b1cf8a3334869bb14d4518f3f803b:21300180	traps_shadows.sound_trap1
d00b1cf8a3334869bb14d4518f3f803b:21300182	traps_shadows.sound_trap2
d00b1cf8a3334869bb14d4518f3f803b:21300184	traps_shadows.sound_trap3
d00b1cf8a3334869bb14d4518f3f803b:21300186	traps_shadows.sound_trap4
d00b1cf8a3334869bb14d4518f3f803b:21300188	traps_shadows.sound_trap6
d00b1cf8a3334869bb14d4518f3f803b:21300190	traps_shadows.sound_trap7
d00b1cf8a3334869bb14d4518f3f803b:21300192	traps_shadows.sound_trap8
d00b1cf8a3334869bb14d4518f3f803b:21300194	traps_shadows.sound_trap5_1
d00b1cf8a3334869bb14d4518f3f803b:21300196	traps_shadows.sound_trap5_2
d037127e161047e45b976494435e0908	black.silhouette_main_2_5_0
d037127e161047e45b976494435e0908:6545148019901710267	black.silhouette_main_2_5_0
d0378ed7023cde34491155376875be6d	q_scanner_terminal.server3_0
d0378ed7023cde34491155376875be6d:-1678292006171481416	q_scanner_terminal.server3_0
d039d32d0da27774ba77b208f33ba776	black.pedestal_1_1_0
d039d32d0da27774ba77b208f33ba776:-5063198516414609328	black.pedestal_1_1_0
d04c4b53d731efc4c92104c2d3cfecb9	metal_pillars.plan_2_3_0
d04c4b53d731efc4c92104c2d3cfecb9:-5168751870587212354	metal_pillars.plan_2_3_0
d058fde4842c9134c8589272ce84ca20	q_scanner_terminal.7_0
d058fde4842c9134c8589272ce84ca20:3037542765415797217	q_scanner_terminal.7_0
d062fce5dc3f43d48a72f299392cac8f	metal_pillars.plan_2_1_0
d062fce5dc3f43d48a72f299392cac8f:57440550001436180	metal_pillars.plan_2_1_0
d06778815d3134a4093b8d57b9e0bc81	zone2.ventilator4_0
d06778815d3134a4093b8d57b9e0bc81:2360478308664455089	zone2.ventilator4_0
d0d3d43c6f3fe4f4d9627c17a10aa0fb	zone2.panel_dark_brown1_0
d0d3d43c6f3fe4f4d9627c17a10aa0fb:5119659424135981226	zone2.panel_dark_brown1_0
d0dca24c29698704986a4dde31d80f51	metal_pillars.plan_1_4_0
d0dca24c29698704986a4dde31d80f51:1345351926227491589	metal_pillars.plan_1_4_0
d0f187ce05215d042909bd56d8cc537d	zone2.heavy_panel27_0
d0f187ce05215d042909bd56d8cc537d:2051029439860250248	zone2.heavy_panel27_0
d10d63c76fea27143997c1cc932fe4e1	walls.holographic_interface1_0
d10d63c76fea27143997c1cc932fe4e1:3519010477797714863	walls.holographic_interface1_0
d11a46587ba31af4597039148a7dd2e5	zone2.shaft3_0
d11a46587ba31af4597039148a7dd2e5:9212441349356261593	zone2.shaft3_0
d1248cac29885ee4a9329b588e2feea5	traps_shadows.flamethrowe_horizontal_0
d1248cac29885ee4a9329b588e2feea5:-485659826042814873	traps_shadows.flamethrowe_horizontal_0
d1329d388f7277847b4d6742c33aab05	stunts_run.track_trick_splitone_0
d1329d388f7277847b4d6742c33aab05:7213159231108067123	stunts_run.track_trick_splitone_0
d138570a6bbc2ad429a40bc512af808d	bg_communication.1_3_0
d138570a6bbc2ad429a40bc512af808d:983396780342687591	bg_communication.1_3_0
d14dd30687803cb46b6945080d522fd9	black.silhouette_main_2_4_0
d14dd30687803cb46b6945080d522fd9:3744909791050183700	black.silhouette_main_2_4_0
d15e859c3f7524c4395c235b604c1ac7	stunts_run.track_trick_triplehit_0
d15e859c3f7524c4395c235b604c1ac7:-8040039364441134314	stunts_run.track_trick_triplehit_0
d15e859c3f7524c4395c235b604c1ac7:287922427844742233	stunts_run.track_trick_triplehit_1
d173910c49a3c3745b7814c1c8bedbad	walls.hex_green_flare_0
d173910c49a3c3745b7814c1c8bedbad:-8071348635207765575	walls.hex_green_flare_0
d1a5a5f127bb71e40bf9edd8aed83376	q_scanner_terminal.6_0
d1a5a5f127bb71e40bf9edd8aed83376:-7156590541299301312	q_scanner_terminal.6_0
d1cd229cc6ab5ed498d8892feae49296	black.obstacle_3_1_0
d1cd229cc6ab5ed498d8892feae49296:-332130128233113247	black.obstacle_3_1_0
d1f70dd0936000a4a9b77aa3083a29ba	black.barrel_1_simple_0
d1f70dd0936000a4a9b77aa3083a29ba:-7734712897784140940	black.barrel_1_simple_0
d22c72a113465e843b2810162f396ea7	black.slope_2_2_0
d22c72a113465e843b2810162f396ea7:4179524617967400876	black.slope_2_2_0
d25866e0b679bac48bee9832d2f23f1f	cutscene_swarm.cutscene_lamp_off5_0
d25866e0b679bac48bee9832d2f23f1f:-8044917625125755446	cutscene_swarm.cutscene_lamp_off5_0
d28edd6897104254596686399c51043d	q_scanner_terminal.server11_0
d28edd6897104254596686399c51043d:1869463898220088918	q_scanner_terminal.server11_0
d29b962bfaba68545a8f3053ac3df51b	zone2.light_panel15_0
d29b962bfaba68545a8f3053ac3df51b:6042646235559558920	zone2.light_panel15_0
d2d0e4a7ba0db6949abc34599181da75	stunts_run.track_trick_triplehit_0
d2d0e4a7ba0db6949abc34599181da75:-8040039364441134314	stunts_run.track_trick_triplehit_0
d2d0e4a7ba0db6949abc34599181da75:287922427844742233	stunts_run.track_trick_triplehit_1
d2da3271c8f9d9a47bff479a958489ad	zone2.light_panel14_0
d2da3271c8f9d9a47bff479a958489ad:-8288370444459094100	zone2.light_panel14_0
d302dc8c3df1c16489263404f7aa86a1	traps_shadows.electro_ball_fang2_0
d302dc8c3df1c16489263404f7aa86a1:5912253424264317674	traps_shadows.electro_ball_fang2_0
d31bb1feb984fb84fb314ecfed9e7d00	bg_red_crane.1_7_0
d31bb1feb984fb84fb314ecfed9e7d00:8212647966159057525	bg_red_crane.1_7_0
d32c5adecdf17ab4d9336255a0445e0d	zone2.darkness_switch3_0
d32c5adecdf17ab4d9336255a0445e0d:1600084838265479421	zone2.darkness_switch3_0
d339de8dee1b2064faf6d23b5ed00fb5	warning_signs.digit_4_0
d339de8dee1b2064faf6d23b5ed00fb5:-4449470210828473518	warning_signs.digit_4_0
d341f2e899e16664aaa5b56f7cec05c1	walls.ws_laser_0
d341f2e899e16664aaa5b56f7cec05c1:-6241562950898840405	walls.ws_laser_0
d37dd488f7e5a1d418080e4fae646036	walls.wb_narrow_frame_vertical_0
d37dd488f7e5a1d418080e4fae646036:-3889567213105255349	walls.wb_narrow_frame_vertical_0
d3b280f3e36a87d46a008a8d00862fbf	bg_red_crane.1_22_0
d3b280f3e36a87d46a008a8d00862fbf:-2536284193075057690	bg_red_crane.1_22_0
d3bc9f841c98e1340a9bb98fd96bfe53	walls.wbth_support_up_0
d3bc9f841c98e1340a9bb98fd96bfe53:-3331958450176919581	walls.wbth_support_up_0
d3c3990cc59633c42bfbf99384f64ed3	black.drawer_panel_1_0
d3c3990cc59633c42bfbf99384f64ed3:7502674368315870927	black.drawer_panel_1_0
d3ec9ed7ed6ef0248b7560390cd475e4	zone2.light_panel35_0
d3ec9ed7ed6ef0248b7560390cd475e4:7085900232094239758	zone2.light_panel35_0
d3ff0acff62c1214e80a931baf850a58	zone2.edge_brown3_0
d3ff0acff62c1214e80a931baf850a58:4676796185949247531	zone2.edge_brown3_0
d443bcf6b077dde4f8036b9c50774d1f	bg_red_crane.1_6_0
d443bcf6b077dde4f8036b9c50774d1f:6320911701506052728	bg_red_crane.1_6_0
d47eae38155d76f4cb9d473755c4a0f1	black.slope_1_4_0
d47eae38155d76f4cb9d473755c4a0f1:4112203389286032715	black.slope_1_4_0
d4eefe66c4611cb439e9a7262bc94a4a	black.silhouette_main_5_2_0
d4eefe66c4611cb439e9a7262bc94a4a:-3119459462006392376	black.silhouette_main_5_2_0
d4f9ede79c7b476498004620c108cca5	q_scanner_terminal.5_0
d4f9ede79c7b476498004620c108cca5:2059749434545088629	q_scanner_terminal.5_0
d5019eb94505aab43887371e7f0591e0	q_server.server10_0
d5019eb94505aab43887371e7f0591e0:-1745371133582143263	q_server.server10_0
d527ec6af58225141af02c4abbca4579	black.obstacle_3_2_0
d527ec6af58225141af02c4abbca4579:3451924506982987573	black.obstacle_3_2_0
d52beeea57741e848a27606f7898da85	cutscene_swarm.cutscene13_0
d52beeea57741e848a27606f7898da85:-7623928259323445271	cutscene_swarm.cutscene13_0
d551ba53a7f28224db2c7555ecccfe84	actives.activator2_0
d551ba53a7f28224db2c7555ecccfe84:1033298107538287827	actives.activator2_0
d59bce7df7504a042af459d428dae927	black.wallbox_0
d59bce7df7504a042af459d428dae927:-5332085291527863834	black.wallbox_0
d612c0c3b3f20f849ac8ff53adbe2f58	traps_seq.mine_blink_9_0
d612c0c3b3f20f849ac8ff53adbe2f58:8482529329545046344	traps_seq.mine_blink_9_0
d643da0932c90e544907fbb41a585c88	zone2.edge_orange5_0
d643da0932c90e544907fbb41a585c88:3192173788215783119	zone2.edge_orange5_0
d647a0310f1694744b8a89c7cad0e463	walls.wb_corner_down_0
d647a0310f1694744b8a89c7cad0e463:-5494141786056510024	walls.wb_corner_down_0
d658ef173a295e94d8c38dcead5d0e9b	cutscene_awaken.cutscene_awakening4_0
d658ef173a295e94d8c38dcead5d0e9b:-7470638701723152850	cutscene_awaken.cutscene_awakening4_0
d6704e5d6e7329948a50c25d1e418b67	walls.ws_blackball_0
d6704e5d6e7329948a50c25d1e418b67:-3581259245299786234	walls.ws_blackball_0
d67245b29c00f8e4092c7eea357885c8	stunts_run.track_trick_reversevault_0
d67245b29c00f8e4092c7eea357885c8:3543613181088695471	stunts_run.track_trick_reversevault_0
d69b20d6d0f5e4841bfba90b62f4975d	lights.lamp_v_white_0
d69b20d6d0f5e4841bfba90b62f4975d:-5305475441819809834	lights.lamp_v_white_0
d69d04ca4c131094b8c82e9889295512	zone2.ventilator11_0
d69d04ca4c131094b8c82e9889295512:6760863742939941015	zone2.ventilator11_0
d6af520a9baf9524a9768bc723f5b4fc	walls.holographic_interface2_0
d6af520a9baf9524a9768bc723f5b4fc:-1589370063355687192	walls.holographic_interface2_0
d6af520a9baf9524a9768bc723f5b4fc:7739610502579701979	walls.holographic_interface2_1
d6f01377fc4ac714ebf5ad8cff0de50c	black.box_2_0
d6f01377fc4ac714ebf5ad8cff0de50c:2242710370077565972	black.box_2_0
d70949421f6989d4fbb4172363e2a88a	walls.pipeline_divarication_blue_0
d70949421f6989d4fbb4172363e2a88a:-5687170498484295372	walls.pipeline_divarication_blue_0
d72261f925d4d1a4196a24105380a733	warning_signs.digit_3_0
d72261f925d4d1a4196a24105380a733:-2343001072593813779	warning_signs.digit_3_0
d72d99834f0052748aee3b46ad80876f	zone2.scratch5_0
d72d99834f0052748aee3b46ad80876f:-3089595047556910188	zone2.scratch5_1
d72d99834f0052748aee3b46ad80876f:-4392106907357718335	zone2.scratch5_2
d72d99834f0052748aee3b46ad80876f:-8041561128712062960	zone2.scratch5_0
d741d18163e75fe4b9ab3be71eb9dc58	black.slope_2_5_0
d741d18163e75fe4b9ab3be71eb9dc58:-1923639862718212010	black.slope_2_5_0
d7517c98264827742b5bc21b7f291ecc	walls.wbsh_vertical_0
d7517c98264827742b5bc21b7f291ecc:-2282718295855671814	walls.wbsh_vertical_0
d79415b41022d624ebce9d77f36dc170	walls.heck_0
d79415b41022d624ebce9d77f36dc170:8917162796686342917	walls.heck_0
d7a881d9f87d6e54fa55b191565be3a7	lights.lamp_bg_green_grad_center_2x32_0
d7a881d9f87d6e54fa55b191565be3a7:795789724915529147	lights.lamp_bg_green_grad_center_2x32_0
d7c775c6bdca46342bfd47c7cb7e379f	stunts_run.track_trick_thiefvault_0
d7c775c6bdca46342bfd47c7cb7e379f:-1534499191958326665	stunts_run.track_trick_thiefvault_0
d7e9e9e9a9c606a45bc9570a4c971d51	zone2.panel_gray_0
d7e9e9e9a9c606a45bc9570a4c971d51:8795633503658368406	zone2.panel_gray_0
d7f2ad73b17a19846a5c524f233de9ca	stunts_run.track_trick_cheatgainer_0
d7f2ad73b17a19846a5c524f233de9ca:-3397783749856250686	stunts_run.track_trick_cheatgainer_0
d806aeccea3e2f84abfaf7e0cc089670	traps_shadows.black_ball_station3_0
d806aeccea3e2f84abfaf7e0cc089670:7836131982026953011	traps_shadows.black_ball_station3_0
d82c31f80ec961747bebec79fb3d3e6b	memory_terminal.2_0
d82c31f80ec961747bebec79fb3d3e6b:-426197251736799515	memory_terminal.2_0
d8bf2a4bc48bfc04abea41d6c197a8d1	traps_shadows.electro_ball_fang2_0
d8bf2a4bc48bfc04abea41d6c197a8d1:5912253424264317674	traps_shadows.electro_ball_fang2_0
d8ea78be3960c9f47b11f095734c699b	black.barrel_4_0
d8ea78be3960c9f47b11f095734c699b:8805576465910852086	black.barrel_4_0
d8ef8db2ac6e355449bfe0cc667076de	warning_signs.landmine_holography_orange_0
d8ef8db2ac6e355449bfe0cc667076de:-2069828573828830323	warning_signs.landmine_holography_orange_0
d8f02fff62a8f6f4cbbf0fbc285634cb	electric_factory_1.plan_4-1_0
d8f02fff62a8f6f4cbbf0fbc285634cb:-2047432673867938259	electric_factory_1.plan_4-1_0
d92316dc24b115c41844ff42802cbd85	traps_shadows.banner_3_top_0
d92316dc24b115c41844ff42802cbd85:-4575610480943899187	traps_shadows.banner_3_top_0
d93db4bdbbef79c4b880bd7191d59624	black.silhouette2_0
d93db4bdbbef79c4b880bd7191d59624:-1249585448352098730	black.silhouette2_0
d94bdf539e285b7488570dd7d2396f9d	walls.holographic_interface1_0
d94bdf539e285b7488570dd7d2396f9d:3519010477797714863	walls.holographic_interface1_0
d94e344010c3d2e409145f08c9970a98	walls.pipeline_arris_light_blue_0
d94e344010c3d2e409145f08c9970a98:8914994389094350113	walls.pipeline_arris_light_blue_0
d94f82a123481604b9b65f66d88c221f	walls.wb_corner_up_0
d94f82a123481604b9b65f66d88c221f:2879720265039280889	walls.wb_corner_up_0
d97e35d60be0f594ba9eb899e1508ef7	traps_shadows.flamethrowe_body_on1_0
d97e35d60be0f594ba9eb899e1508ef7:-5513599994346851811	traps_shadows.flamethrowe_body_on1_0
d982b81c3318984439ee2783c3ecf977	zone2.panel_orange_0
d982b81c3318984439ee2783c3ecf977:5331207671776575077	zone2.panel_orange_0
d990c6c57bf9e844cb5b648ca7c8d7c3	walls.pipeline_main_green_0
d990c6c57bf9e844cb5b648ca7c8d7c3:-7787083677215154775	walls.pipeline_main_green_0
d9d0f0602ef730347bf88bd4e33e9b11	lights.lamp_bg_green_foundation_edge_32x8_0
d9d0f0602ef730347bf88bd4e33e9b11:-482640887799556832	lights.lamp_bg_green_foundation_edge_32x8_0
d9d5a02c8b550294cac8abfefaa6f30a	zone2.grid_0
d9d5a02c8b550294cac8abfefaa6f30a:-1867939699561034506	zone2.grid_0
d9fd18b1c6e2ef14ab147bb2c4c6cacb	stunts_run.track_trick_doublejumproll_0
d9fd18b1c6e2ef14ab147bb2c4c6cacb:-2818642006887684398	stunts_run.track_trick_doublejumproll_0
da02a44b5571a7f49bbe9bd6b0e12e0d	traps_shadows.sound_trap4_0
da02a44b5571a7f49bbe9bd6b0e12e0d:4174736662121133190	traps_shadows.sound_trap4_0
da0ae8be298b00f45864838f907f5b9b	walls.recessed_panel_edge_1_0
da0ae8be298b00f45864838f907f5b9b:-6472070160796666643	walls.recessed_panel_edge_1_0
da4dbc0a0be44bc4c8397a63dca4414f	zone2.heavy_panel47_0
da4dbc0a0be44bc4c8397a63dca4414f:1496828037704627453	zone2.heavy_panel47_0
da698a8bb9159ab46ba0956524fc5067	zone2.edge_gray4_0
da698a8bb9159ab46ba0956524fc5067:-1058475632136103749	zone2.edge_gray4_0
da6dafe8cfb3a5e45af69b1698d2897b	q_scanner.10_0
da6dafe8cfb3a5e45af69b1698d2897b:5788703147126724973	q_scanner.10_0
daacbc785677a924193cab9226b842be	zone2.ventilator9_0
daacbc785677a924193cab9226b842be:-5568261866040066421	zone2.ventilator9_0
dac6d4086bef36c4c9177a1451dfdcb6	stunts_run.track_trick_diveroll_0
dac6d4086bef36c4c9177a1451dfdcb6:-8207764798837168437	stunts_run.track_trick_diveroll_1
dac6d4086bef36c4c9177a1451dfdcb6:-8604308957375118366	stunts_run.track_trick_diveroll_0
dae2d4d31e14dfb43abf5c787a75b116	electric_factory_1.plan_3-5_0
dae2d4d31e14dfb43abf5c787a75b116:3119829681350885749	electric_factory_1.plan_3-5_0
dae5e016e662a784d9024234d5adc5ed	traps_shadows.electro_ball_fang1_0
dae5e016e662a784d9024234d5adc5ed:-2094985038288793687	traps_shadows.electro_ball_fang1_0
daec06d01cd886d469d44538688787b3	walls.ww_decal_up_0
daec06d01cd886d469d44538688787b3:-884509446995016910	walls.ww_decal_up_0
db085af37378fd84ebc38dc4f9d3c7ca	zone2.ventilator27_0
db085af37378fd84ebc38dc4f9d3c7ca:3918975642915464104	zone2.ventilator27_0
db09d536d7c71dd45b4524f565dd26b6	black.slope_2_3_0
db09d536d7c71dd45b4524f565dd26b6:8036102503431048520	black.slope_2_3_0
db192f92fbdc4374995ba3cfc9c44aa3	stunts_run.track_trick_webster_0
db192f92fbdc4374995ba3cfc9c44aa3:6653283956163510198	stunts_run.track_trick_webster_1
db192f92fbdc4374995ba3cfc9c44aa3:8633988653079001051	stunts_run.track_trick_webster_0
db40cace7a5c82b4f9fc221aee3dc137	stunts_run.track_trick_divedown_0
db40cace7a5c82b4f9fc221aee3dc137:-5397140193764586601	stunts_run.track_trick_divedown_1
db40cace7a5c82b4f9fc221aee3dc137:5418073383076433916	stunts_run.track_trick_divedown_0
db4860535e07ba44682b4cc09046f10b	walls.pw_decal_big_down_0
db4860535e07ba44682b4cc09046f10b:-936050905404500646	walls.pw_decal_big_down_0
db4cfc2bfcc5f3a45bc660109ad3f864	warning_signs.antisound_0
db4cfc2bfcc5f3a45bc660109ad3f864:-4025947297204459087	warning_signs.antisound_0
db52aef22e97d5a498be978feab9bc2a	black.tank_hooped_1_1_0
db52aef22e97d5a498be978feab9bc2a:-8966518118796403758	black.tank_hooped_1_1_0
db859f0c25bf5934baf2b5aa31d97be3	blue_crystal_lab.plan_2_6_0
db859f0c25bf5934baf2b5aa31d97be3:-1179435252162851849	blue_crystal_lab.plan_2_6_0
db889952c0fc30f4594f3030fc024fcc	zone2.slope3_0
db889952c0fc30f4594f3030fc024fcc:-6206414672544684992	zone2.slope3_0
db90292b9b473b043be025b297b6f1b5	walls.hex_orange_flare_0
db90292b9b473b043be025b297b6f1b5:-4458420708819820640	walls.hex_orange_flare_0
db9d8a2dd3c895b4994d567b5a970d57	bg_red_crane.1_14_0
db9d8a2dd3c895b4994d567b5a970d57:2783896671262269116	bg_red_crane.1_14_0
dba5e8e6ec6930441af901b823079cb0	walls.monitors_wall_0
dba5e8e6ec6930441af901b823079cb0:2073033104015997727	walls.monitors_wall_0
dbab14a6a8e3c544f95b3fc09fde46c6	walls.recessed_panel_edge_1_0
dbab14a6a8e3c544f95b3fc09fde46c6:-6472070160796666643	walls.recessed_panel_edge_1_0
dbad8105fb1664e488cd732cb66902e4	lights.lamp_bg_green_foundation_center_2x8_0
dbad8105fb1664e488cd732cb66902e4:-4295915964696832453	lights.lamp_bg_green_foundation_center_2x8_0
dbc4f03d004e8424281043b040c083d1	black.silhouette_main_3_1_0
dbc4f03d004e8424281043b040c083d1:8903359033115322465	black.silhouette_main_3_1_0
dbf57775838425e43bd3b66a03041268	zone2.shaft6_0
dbf57775838425e43bd3b66a03041268:8644008052690817377	zone2.shaft6_0
dc52b18e148283444800a3b8ffc7b3e0	walls.pipeline_coupling_green_0
dc52b18e148283444800a3b8ffc7b3e0:-5516032996628004793	walls.pipeline_coupling_green_0
dc7425380f07a0b4783c765f1205593f	walls.column_white_1_0
dc7425380f07a0b4783c765f1205593f:346494228411111765	walls.column_white_1_0
dc88c15af0587d4459ec1d3ab11e82b2	black.manipulator_1_512x256_0
dc88c15af0587d4459ec1d3ab11e82b2:6902643852827040389	black.manipulator_1_512x256_0
dc97008e3d64bc143b99df639f4e34e1	black.silhouette_main_1_8_0
dc97008e3d64bc143b99df639f4e34e1:4158425832012930976	black.silhouette_main_1_8_0
dcc65b4ff86c26b419359a9ebff52874	zone2.heavy_panel40_0
dcc65b4ff86c26b419359a9ebff52874:-4224109529715376567	zone2.heavy_panel40_0
dcd326b32d12ed549bd4bf6896043057	bg_red_crane.1_19_0
dcd326b32d12ed549bd4bf6896043057:7738894183619563584	bg_red_crane.1_19_0
dcf9071bf4bd4ec44b518af5d6647eef	bg_communication.2_2_0
dcf9071bf4bd4ec44b518af5d6647eef:-5000076116632139027	bg_communication.2_2_0
dd01603ad6294574ebaf80f07bcde18b	zone2.slope19_0
dd01603ad6294574ebaf80f07bcde18b:-1812797141986185544	zone2.slope19_0
dd273a6557a99634e9077ba5dc24de6d	zone2.slope16_0
dd273a6557a99634e9077ba5dc24de6d:-1502814688182225231	zone2.slope16_0
dd50b745490281e4b87738fa70e6a5bc	black.floor_obstacle_1_1_0
dd50b745490281e4b87738fa70e6a5bc:-3382447231019007276	black.floor_obstacle_1_1_0
dd5c455133d971d468734e38378957d4	q_scanner_terminal.server12_0
dd5c455133d971d468734e38378957d4:-361863857846053468	q_scanner_terminal.server12_0
dd6703abd38185c42863cedc5a1af2ea	walls.wbsh_support_horizontal_down_0
dd6703abd38185c42863cedc5a1af2ea:384180306510671531	walls.wbsh_support_horizontal_down_0
dd810bac355a5e64a948d74535e3c36a	black.lab_ceiling_wires_0
dd810bac355a5e64a948d74535e3c36a:-797688580381918228	black.lab_ceiling_wires_0
dd98811f20acdf148801fddb3bdf2097	traps_shadows.emitter_soaring_wing_shining_1_0
dd98811f20acdf148801fddb3bdf2097:8132929286202917805	traps_shadows.emitter_soaring_wing_shining_1_0
de01ac908b3b11b4b9c798cc38b8fbee	warning_signs.triplebomb_0
de01ac908b3b11b4b9c798cc38b8fbee:-1129288104081048394	warning_signs.triplebomb_0
de0d985e5ce3ddd48ab06796014c7332	q_server.server8_0
de0d985e5ce3ddd48ab06796014c7332:-4007822379969274018	q_server.server8_0
de2f1ccfe8edfaa42a5ce0b8888afa2b	walls.ww_bend_up_0
de2f1ccfe8edfaa42a5ce0b8888afa2b:-1763055407242715644	walls.ww_bend_up_0
de6d4d827cd78e643a46338c67c3a892	walls.ws_skull_0
de6d4d827cd78e643a46338c67c3a892:2625414056713840714	walls.ws_skull_0
de90a0a101fbe1049a9827873447c64c	walls.pipeline_valve_green_0
de90a0a101fbe1049a9827873447c64c:1642660277881166288	walls.pipeline_valve_green_0
de9b4416f529ac441ac806002f24fe40	zone2.darkness_switch7_0
de9b4416f529ac441ac806002f24fe40:-4949983596155033612	zone2.darkness_switch7_1
de9b4416f529ac441ac806002f24fe40:-81975806520865268	zone2.darkness_switch7_3
de9b4416f529ac441ac806002f24fe40:4143235144902385781	zone2.darkness_switch7_0
de9b4416f529ac441ac806002f24fe40:8556200007400980140	zone2.darkness_switch7_2
de9ef6e8076b3b34ab27ce2cc336487d	q_reactor.base_wires2_0
de9ef6e8076b3b34ab27ce2cc336487d:-2354196078755773337	q_reactor.base_wires2_0
de9ef6e8076b3b34ab27ce2cc336487d:2095123005969748582	q_reactor.base_wires2_1
dea96c65b4732ad4592b8be24970b680	walls.pipeline_connection_lever_blue_0
dea96c65b4732ad4592b8be24970b680:7147972440815600979	walls.pipeline_connection_lever_blue_0
deac885facf443447afe5b746083c57c	walls.pipeline_lever_red_0
deac885facf443447afe5b746083c57c:-8440630516882639087	walls.pipeline_lever_red_0
deba00eff4d367947b43a6a70ca27f5d	walls.decal_5_0
deba00eff4d367947b43a6a70ca27f5d:-5493951604932330687	walls.decal_5_0
def7c90f15773a34ea8d6e8b35d576ea	zone2.heavy_panel62_0
def7c90f15773a34ea8d6e8b35d576ea:7849070291855665082	zone2.heavy_panel62_0
df080c3d41812bd478544f23c4972035	traps_seq.mine_blink_2_0
df080c3d41812bd478544f23c4972035:5929927476462927783	traps_seq.mine_blink_2_0
df0c56fb4624c1148baa7bf39e03cd44	zone2.heavy_panel63_0
df0c56fb4624c1148baa7bf39e03cd44:5244313234637817815	zone2.heavy_panel63_0
df2dd681ebb14c44ab1c1818feb85711	zone2.heavy_panel50_0
df2dd681ebb14c44ab1c1818feb85711:7227462825439419113	zone2.heavy_panel50_0
df37b933d6ecdb543b7a4bd906109a9e	walls.wbsh_beam_2_0
df37b933d6ecdb543b7a4bd906109a9e:-7246660123640397569	walls.wbsh_beam_2_0
df549d8a5fac0c34ca5978f17d3f40c9	electric_factory_1.plan_3-3_0
df549d8a5fac0c34ca5978f17d3f40c9:-4269851058263470934	electric_factory_1.plan_3-3_0
dfc277c1e59fc364fb967396e05147cd	bg_red_crane.1_16_0
dfc277c1e59fc364fb967396e05147cd:1368379288242172325	bg_red_crane.1_16_0
dfefe0919a503d0489620fb7d0baf4ef	zone2.5_0
dfefe0919a503d0489620fb7d0baf4ef:-6125560333868858548	zone2.5_0
e02c676837b8a9748bab8cf2bc273b98	traps_shadows.laser_sphere_cone_puls_0
e02c676837b8a9748bab8cf2bc273b98:285386717702314299	traps_shadows.laser_sphere_cone_puls_0
e04b1db51999e8d4b90b3c13dae93672	zone2.light_panel13_0
e04b1db51999e8d4b90b3c13dae93672:5895918402294615225	zone2.light_panel13_0
e04c7b7bb21593c48b1fbe803f359dbc	zone2.heavy_panel12_0
e04c7b7bb21593c48b1fbe803f359dbc:3234034674751064345	zone2.heavy_panel12_0
e06c91fa6e8bd424595faf3c074dc411	stunts_run.stunt_lock_0
e06c91fa6e8bd424595faf3c074dc411:-2757120340911219462	stunts_run.stunt_lock_0
e07b0bde90f85ca48bac3bc7a88b2a29	traps_shadows.emitter_soaring_wing_1_0
e07b0bde90f85ca48bac3bc7a88b2a29:-3862467986830379741	traps_shadows.emitter_soaring_wing_1_0
e081fff88104bfc48ba7fa61ccfc4bc8	q_fuzesocket.5_0
e081fff88104bfc48ba7fa61ccfc4bc8:8853268354712972938	q_fuzesocket.5_0
e084ede2e056e444eb0c312d5db65108	far_city.plan_6_0
e084ede2e056e444eb0c312d5db65108:8503714511767343646	far_city.plan_6_0
e090037fbf8cc7d448b9c4a357e8e78c	walls.pipeline_type_aw2_blue_0
e090037fbf8cc7d448b9c4a357e8e78c:-2294438528475911547	walls.pipeline_type_aw2_blue_4
e090037fbf8cc7d448b9c4a357e8e78c:-3198875922812837885	walls.pipeline_type_aw2_blue_0
e090037fbf8cc7d448b9c4a357e8e78c:-3981350816172638137	walls.pipeline_type_aw2_blue_7
e090037fbf8cc7d448b9c4a357e8e78c:-4361078597722924815	walls.pipeline_type_aw2_blue_1
e090037fbf8cc7d448b9c4a357e8e78c:-495331523218613755	walls.pipeline_type_aw2_blue_5
e090037fbf8cc7d448b9c4a357e8e78c:-7187137108932774380	walls.pipeline_type_aw2_blue_3
e090037fbf8cc7d448b9c4a357e8e78c:2923514774513401221	walls.pipeline_type_aw2_blue_6
e090037fbf8cc7d448b9c4a357e8e78c:7947808082686358564	walls.pipeline_type_aw2_blue_2
e092d7287e512214395401c41f3771cb	zone2.light_panel31_0
e092d7287e512214395401c41f3771cb:153051566092223322	zone2.light_panel31_0
e0952697e8bd8eb418f0b9ac4817972a	bg_barrel.1_5_0
e0952697e8bd8eb418f0b9ac4817972a:-8225351149340416955	bg_barrel.1_5_0
e0a405e52444cef4c8538d0762346022	bg_red_crane.1_9_0
e0a405e52444cef4c8538d0762346022:6340563961646001209	bg_red_crane.1_9_0
e0a8e35e3475a5f41adf323591c4d474	metal_pillars.plan_4_2_0
e0a8e35e3475a5f41adf323591c4d474:-676938195867983965	metal_pillars.plan_4_2_0
e0a8e35e3475a5f41adf323591c4d474:7593509737988510704	metal_pillars.plan_4_2_1
e0c1aa552d6492a4e9dc63fa0d55838b	zone2.slope10_0
e0c1aa552d6492a4e9dc63fa0d55838b:-2063458369549919026	zone2.slope10_0
e0cce521cc6fac5499346a6819edff5e	zone2.light_panel18_0
e0cce521cc6fac5499346a6819edff5e:2038601220531225364	zone2.light_panel18_0
e0d1968eb8d4e044fadfe99bcd65d8e4	walls.pipeline_valve_blue_0
e0d1968eb8d4e044fadfe99bcd65d8e4:-7837681127080371741	walls.pipeline_valve_blue_0
e11c8df701a22114f9867d4d483a773d	walls.hex_orange_flare_0
e11c8df701a22114f9867d4d483a773d:-4458420708819820640	walls.hex_orange_flare_0
e11d0df97fe40b242b7f98b8103c7c1a	walls.ws_exit_0
e11d0df97fe40b242b7f98b8103c7c1a:-12569247166875247	walls.ws_exit_0
e11d0df97fe40b242b7f98b8103c7c1a:-5587996118567022245	walls.ws_exit_1
e1364e92eda89da49a0e782a89cdc122	memory_terminal.4_0
e1364e92eda89da49a0e782a89cdc122:-1287063852761420807	memory_terminal.4_0
e16491a6bb2ced4418df876a3333e4a1	zone2.10_0
e16491a6bb2ced4418df876a3333e4a1:-4171973684384744323	zone2.10_0
e1c62cfa50559a04ba9f6a33608c837b	warning_signs.divarication_up_down_holography_orange_0
e1c62cfa50559a04ba9f6a33608c837b:3156261179353530537	warning_signs.divarication_up_down_holography_orange_0
e250e5ec27ce66d4c903c0161eccae2e	stunts_run.track_trick_barrelvault_0
e250e5ec27ce66d4c903c0161eccae2e:-1298081932899673200	stunts_run.track_trick_barrelvault_0
e278d0de32f4c2a4395d2c5851b8a4b8	traps_shadows.electro_ball_flap_0
e278d0de32f4c2a4395d2c5851b8a4b8:-7858519799069467822	traps_shadows.electro_ball_flap_0
e27f33e624087064e98871c0df8d90e5	traps_shadows.flamethrowe_vertical_on2_0
e27f33e624087064e98871c0df8d90e5:-8465779797295066292	traps_shadows.flamethrowe_vertical_on2_0
e2995a9603baa704db22ada077a56682	q_server.server12_0
e2995a9603baa704db22ada077a56682:1561549419946826377	q_server.server12_0
e2c186f21c3fc5b46a6fa47070eecd90	q_scanner.10_0
e2c186f21c3fc5b46a6fa47070eecd90:5788703147126724973	q_scanner.10_0
e2f27de3d9514ff4da625f9717775465	black.silhouette_main_5_1_0
e2f27de3d9514ff4da625f9717775465:-4367320039752130665	black.silhouette_main_5_1_0
e314cc8d1ab943e4da45a718cd3a96d8	zone2.heavy_panel19_0
e314cc8d1ab943e4da45a718cd3a96d8:-9161921833452844354	zone2.heavy_panel19_0
e315192b8b04c19418014d98a26d981c	memory_terminal.3_0
e315192b8b04c19418014d98a26d981c:6703112766509595725	memory_terminal.3_0
e345e61e313bf0648bb9895d5b13be28	walls.panel_blue_underfloor_support_0
e345e61e313bf0648bb9895d5b13be28:2741742950926944607	walls.panel_blue_underfloor_support_0
e347a4451cbfbba4491661d7c9603b53	zone2.scratch2_0
e347a4451cbfbba4491661d7c9603b53:-8301174551123287788	zone2.scratch2_0
e347a4451cbfbba4491661d7c9603b53:7463630923451622559	zone2.scratch2_2
e347a4451cbfbba4491661d7c9603b53:801117174774387561	zone2.scratch2_1
e34c657564947ea488d972999e3d2389	black.silhouette_main_1_7_0
e34c657564947ea488d972999e3d2389:-7650334949821999250	black.silhouette_main_1_7_0
e3660fc8a269c014bba364fb9f2bcca6	q_scanner_terminal.server4_0
e3660fc8a269c014bba364fb9f2bcca6:-1362104787087677467	q_scanner_terminal.server4_0
e37e560e3c6ee7441873d5b9f8ae375f	q_server.server3_0
e37e560e3c6ee7441873d5b9f8ae375f:-8988951531962237029	q_server.server3_0
e3c41d42937528a4cb139d2dfca35bfd	black.ceiling_silhouette_1_2_0
e3c41d42937528a4cb139d2dfca35bfd:3144329037699775372	black.ceiling_silhouette_1_2_0
e3f46ee24e545a14eb4dfbe45c606bbc	walls.pipeline_edge_light_blue_0
e3f46ee24e545a14eb4dfbe45c606bbc:-1028944492936155334	walls.pipeline_edge_light_blue_0
e42be4543302e664fad8ddd05c4778af	q_fuzesocket.7_0
e42be4543302e664fad8ddd05c4778af:-8260189538582512166	q_fuzesocket.7_0
e45fbf74797bda240bd8cc4800a635a6	bg_red_crane.1_2_0
e45fbf74797bda240bd8cc4800a635a6:2394904943701790157	bg_red_crane.1_2_0
e48624949ac99b244a98ede7ba80287f	q_powernode.2_0
e48624949ac99b244a98ede7ba80287f:2854348163066959295	q_powernode.2_0
e486f034f6b679148929b873ab7b8331	zone2.heavy_panel50_0
e486f034f6b679148929b873ab7b8331:7227462825439419113	zone2.heavy_panel50_0
e4d03d1b724ea8e4db097d56d4d8074c	walls.recessed_panel_main_1_0
e4d03d1b724ea8e4db097d56d4d8074c:-3713492651973486315	walls.recessed_panel_main_1_0
e4d1ec4559da087409aa4207019218cb	cutscene_swarm.cutscene_lamp_off6_0
e4d1ec4559da087409aa4207019218cb:5150084831785133985	cutscene_swarm.cutscene_lamp_off6_0
e4d52d820ba2ab64a9d1edbf253fff7e	traps_shadows.electro_emitter_underfloor_main2_0
e4d52d820ba2ab64a9d1edbf253fff7e:-28505108082736633	traps_shadows.electro_emitter_underfloor_main2_0
e4ed52232cfeb2a4d8ab5a5cd7e7a025	bg_barrel.1_10_0
e4ed52232cfeb2a4d8ab5a5cd7e7a025:-4944052064836968551	bg_barrel.1_10_0
e4fc1cd18c2f26a42a3b27bc6c65d3eb	cutscene_swarm.cutscene_monitor9_0
e4fc1cd18c2f26a42a3b27bc6c65d3eb:763566770011450808	cutscene_swarm.cutscene_monitor9_0
e4ffbf697f0f7d048ba723855069ffaa	stunts_run.track_trick_tripleswing_0
e4ffbf697f0f7d048ba723855069ffaa:-1487843647910353907	stunts_run.track_trick_tripleswing_0
e52d5b148744c894183ba0be33b96aef	cutscene_awaken.cutscene_awakening1_0
e52d5b148744c894183ba0be33b96aef:4521143463036472049	cutscene_awaken.cutscene_awakening1_0
e53c85cf82211994ba083f0727c3ef9f	bg_barrel.1_5_0
e53c85cf82211994ba083f0727c3ef9f:-8225351149340416955	bg_barrel.1_5_0
e54897b539dcee54a89223def5ccd1dd	zone2.edge_gray4_0
e54897b539dcee54a89223def5ccd1dd:-1058475632136103749	zone2.edge_gray4_0
e55bcc56a40e802489506eb9434dfe86	traps_shadows.laser_halo_floor_0
e55bcc56a40e802489506eb9434dfe86:-7684677322421304039	traps_shadows.laser_halo_floor_0
e5730825950397748b607ff350fb9af5	zone2.ventilator29_0
e5730825950397748b607ff350fb9af5:3050901138348325642	zone2.ventilator29_0
e5a49ed96e6b037449fbe0b2789cd0f4	black.ceiling_silhouette_3_0
e5a49ed96e6b037449fbe0b2789cd0f4:462477552557382546	black.ceiling_silhouette_3_0
e5c81c40d1f08284182ce5c496e0ccd3	electric_factory_2.plan_6-1_0
e5c81c40d1f08284182ce5c496e0ccd3:5674558380206578964	electric_factory_2.plan_6-1_0
e5e302e1bb0f87a42983367b9c590be4	zone2.light_panel24_0
e5e302e1bb0f87a42983367b9c590be4:-2088957530186837609	zone2.light_panel24_0
e61d9a4825331b74f8aa3cb2d70e18be	walls.pipeline_connection_green_0
e61d9a4825331b74f8aa3cb2d70e18be:-8960310897124423664	walls.pipeline_connection_green_0
e62de72425605c74187a35963d45fdab	walls.pipeline_type_aw2_red_0
e62de72425605c74187a35963d45fdab:-3928475031148861601	walls.pipeline_type_aw2_red_4
e62de72425605c74187a35963d45fdab:-4235615538087604664	walls.pipeline_type_aw2_red_6
e62de72425605c74187a35963d45fdab:-5037126178047141357	walls.pipeline_type_aw2_red_0
e62de72425605c74187a35963d45fdab:-8947095408374284967	walls.pipeline_type_aw2_red_5
e62de72425605c74187a35963d45fdab:3651803552694295297	walls.pipeline_type_aw2_red_2
e62de72425605c74187a35963d45fdab:4271668196487852083	walls.pipeline_type_aw2_red_3
e62de72425605c74187a35963d45fdab:5921945078360993578	walls.pipeline_type_aw2_red_7
e62de72425605c74187a35963d45fdab:8482014446482692904	walls.pipeline_type_aw2_red_1
e67f6b2828e9c194f98c4c6ddea07154	zone2.edge_orange4_0
e67f6b2828e9c194f98c4c6ddea07154:4140052912232496437	zone2.edge_orange4_0
e6e3a6d2de09ab04b8d5e1e3f695470c	zone2.flap_orange_up2_0
e6e3a6d2de09ab04b8d5e1e3f695470c:-1974755452695576627	zone2.flap_orange_up2_0
e6e5d8f7a9dac364d82cbb4b6406f9cb	walls.panel_brown_underfloor_0
e6e5d8f7a9dac364d82cbb4b6406f9cb:1744249023170187118	walls.panel_brown_underfloor_0
e6eee0cb043906b46abee5f3ff6df4c2	walls.wbsh_support_horizontal_vertical_2_0
e6eee0cb043906b46abee5f3ff6df4c2:-7094481851735196999	walls.wbsh_support_horizontal_vertical_2_0
e6fce8d73f8b6354badce4620b6ba9ae	traps_shadows.flamethrower_7_0
e6fce8d73f8b6354badce4620b6ba9ae:351128521646390849	traps_shadows.flamethrower_7_0
e7182586370271747b18e5ddc8c9ea3b	q_server.server15_0
e7182586370271747b18e5ddc8c9ea3b:-224354100721899272	q_server.server15_0
e71cfd79d329c1645b3bf04b5d34381e	q_scanner.13_0
e71cfd79d329c1645b3bf04b5d34381e:7337378649965098415	q_scanner.13_0
e74582760814f034e8516cf3a4b7f9b1	stunts_run.track_trick_longcircle_0
e74582760814f034e8516cf3a4b7f9b1:-1353101274270716608	stunts_run.track_trick_longcircle_0
e79d1ecd53ec52d41bc45de24aeb4c29	walls.wbsh_tee_1_0
e79d1ecd53ec52d41bc45de24aeb4c29:-6748358587111710468	walls.wbsh_tee_1_0
e7ca83486fca579479779153b3d1dbd0	stunts_run.banner_2_top_0
e7ca83486fca579479779153b3d1dbd0:-3328860474161134430	stunts_run.banner_2_top_0
e7d72c309dc61c844b54c59b1ab68d7b	cutscene_swarm.cutscene_lamp8_0
e7d72c309dc61c844b54c59b1ab68d7b:-8219769567572922741	cutscene_swarm.cutscene_lamp8_0
e7d7749929fc1e2439bbc39a25cd9eba	black.silhouette_main_5_3_0
e7d7749929fc1e2439bbc39a25cd9eba:-8733048898747700110	black.silhouette_main_5_3_0
e830cbd7fefdd2e4084e56b168f71e2e	walls.pipeline_wall_recess_red_0
e830cbd7fefdd2e4084e56b168f71e2e:5199467281728680523	walls.pipeline_wall_recess_red_0
e87b61ebd44a428409432108a9e7e99f	warning_signs.blackball_holography_orange_0
e87b61ebd44a428409432108a9e7e99f:-6663589625360950978	warning_signs.blackball_holography_orange_0
e892e0a1a25b49445b8cf4b9dd6a37c8	zone2.11_0
e892e0a1a25b49445b8cf4b9dd6a37c8:-1912005576379972810	zone2.11_0
e89a131c81cce694e8bc3f083d9a6b96	lights.lamp_gradient_intense_0
e89a131c81cce694e8bc3f083d9a6b96:-4705529790787368188	lights.lamp_gradient_intense_0
e8a0d4d042544bf4fab8cad649acc4a7	walls.pipeline_meter_large_green_0
e8a0d4d042544bf4fab8cad649acc4a7:1882140993302807115	walls.pipeline_meter_large_green_0
e8b9835df83ff8c4da66556d1977c147	traps_shadows.banner_1_main_0
e8b9835df83ff8c4da66556d1977c147:-8058355512419031374	traps_shadows.banner_1_main_0
e8de8632dd72dc344aba25ff95d32cc9	warning_signs.digit_7_0
e8de8632dd72dc344aba25ff95d32cc9:6755362070212255090	warning_signs.digit_7_0
e8e8eb1c1ac3f694c9c743136dcb299d	walls.pw_angle_down_0
e8e8eb1c1ac3f694c9c743136dcb299d:-7712280651950490789	walls.pw_angle_down_0
e94fafc3479d31240b702a6fe797815b	walls.panel_blue_underfloor_support_lower_0
e94fafc3479d31240b702a6fe797815b:8850649873854493763	walls.panel_blue_underfloor_support_lower_0
e962f701aac431643ac9ab1cd9f9665a	traps_shadows.flamethrower_1_0
e962f701aac431643ac9ab1cd9f9665a:-1139968167958961913	traps_shadows.flamethrower_1_0
e972a58344744054ca66a20142a3fcac	zone2.darkness_switch8_0
e972a58344744054ca66a20142a3fcac:-6469783155663121147	zone2.darkness_switch8_0
e972a58344744054ca66a20142a3fcac:-8380875781073433475	zone2.darkness_switch8_1
e97fe06a63ee5114c8c12bbeeb84ea39	cutscene_swarm.cutscene_monitor2_0
e97fe06a63ee5114c8c12bbeeb84ea39:1343664184864120384	cutscene_swarm.cutscene_monitor2_0
e99c5aeb5ff89504192e6a823e9c2530	stunts_run.track_trick_vertvault_0
e99c5aeb5ff89504192e6a823e9c2530:-759589814065602599	stunts_run.track_trick_vertvault_0
e9db059328400ef4999e87ccd89e56bc	walls.pw_main_hor_down_0
e9db059328400ef4999e87ccd89e56bc:-8660368899607419596	walls.pw_main_hor_down_0
e9de60c2ac96f4c4787b0543b1683f9f	far_city.plan_4_7_0
e9de60c2ac96f4c4787b0543b1683f9f:4662366953711570653	far_city.plan_4_7_0
e9f5604107b253d4dba7d2cd1c3f3fbf	walls.pipeline_divarication_red_0
e9f5604107b253d4dba7d2cd1c3f3fbf:-1620384456554075427	walls.pipeline_divarication_red_0
ea20552e0d565a04bbaef900d45b3ed2	zone2.slope2_0
ea20552e0d565a04bbaef900d45b3ed2:-707850068755477806	zone2.slope2_0
ea5d8d3b3d4f9694099c1d4bc1178213	walls.panel_blue_underfloor_lightweight_0
ea5d8d3b3d4f9694099c1d4bc1178213:3672223897766533099	walls.panel_blue_underfloor_lightweight_0
eaa53b456d21b484aa5e3f0a6a0cd583	q_scanner_terminal.server10_0
eaa53b456d21b484aa5e3f0a6a0cd583:-7273770174709290947	q_scanner_terminal.server10_0
eae709863de332c40922515ed71288ec	traps_shadows.electro_emitter_underfloor_bg_0
eae709863de332c40922515ed71288ec:7318535183759702948	traps_shadows.electro_emitter_underfloor_bg_0
eb20bf46664b07043bd58a62d4107a87	stunts_run.track_trick_boomboomshhuh_0
eb20bf46664b07043bd58a62d4107a87:3180266594470703549	stunts_run.track_trick_boomboomshhuh_0
eb23817a2981b6f40a4db3a840a7145f	traps_shadows.black_ball_station1_0
eb23817a2981b6f40a4db3a840a7145f:8551236927498678964	traps_shadows.black_ball_station1_0
eb32132007182a64c9b40854f367016c	walls.pipeline_divarication_green_0
eb32132007182a64c9b40854f367016c:4826311938699761827	walls.pipeline_divarication_green_0
eb97355ca25eeac4fa924b8c930eae4e	walls.wbth_support_down_0
eb97355ca25eeac4fa924b8c930eae4e:-7508124148963391506	walls.wbth_support_down_0
eb9b4221d4b3f2349a065fb1f52feb1b	walls.cords_lamp_blue_0
eb9b4221d4b3f2349a065fb1f52feb1b:453900366142175404	walls.cords_lamp_blue_0
ebc5ed8fff245b94693a42540096dc1f	blue_crystal_lab.plan_2_8_0
ebc5ed8fff245b94693a42540096dc1f:4914128177071789827	blue_crystal_lab.plan_2_8_0
ebd3f7c85f7d4084695e176a353ec154	walls.cords_contetnt_0
ebd3f7c85f7d4084695e176a353ec154:2207536762510321625	walls.cords_contetnt_0
ebd715a689da5ff408c2a778f0da9ea2	walls.column_white_3_0
ebd715a689da5ff408c2a778f0da9ea2:-4827068549798317057	walls.column_white_3_0
ebe71a0a5287db04ca664f40048d5340	traps_shadows.mine_basis_0
ebe71a0a5287db04ca664f40048d5340:7145262636916895963	traps_shadows.mine_basis_0
ec036103893619b49a4aed552b93241d	walls.wbsh_support_horizontal_up_0
ec036103893619b49a4aed552b93241d:-7578514075731485944	walls.wbsh_support_horizontal_up_0
ec0ade33b49e74c418f83c34699a043e	cutscene_swarm.cutscene_lamp_on7_0
ec0ade33b49e74c418f83c34699a043e:-3851927407832344506	cutscene_swarm.cutscene_lamp_on7_0
ec22db457f995fb4b86bd82f74008e0a	zone2.slope14_0
ec22db457f995fb4b86bd82f74008e0a:-3407311141749982985	zone2.slope14_0
ec347740627aa8f4d8400d45d67da1a8	black.slope_1_1_0
ec347740627aa8f4d8400d45d67da1a8:1248619853067525191	black.slope_1_1_0
ec6a69ae23cbe224fb29f16cc1c3e125	black.silhouette_main_4_4_0
ec6a69ae23cbe224fb29f16cc1c3e125:-6246599008012141397	black.silhouette_main_4_4_0
ec6b75d0b8e19f945998cb4eba94a28b	walls.pw_decal_edge_up_0
ec6b75d0b8e19f945998cb4eba94a28b:1896550354762437570	walls.pw_decal_edge_up_0
ec6fec3476bcb7845bf6904ef4a29c5b	bg_red_crane.2_1_0
ec6fec3476bcb7845bf6904ef4a29c5b:8109629260982806453	bg_red_crane.2_1_0
ec8104ebb455be24f8b9f30b7714384c	walls.panel_blue_underfloor_lower_0
ec8104ebb455be24f8b9f30b7714384c:-4747831833145119487	walls.panel_blue_underfloor_lower_0
ec936d751d4ca374c90b38bdbdbdf21b	cutscene_swarm.cutscene_monitor5_0
ec936d751d4ca374c90b38bdbdbdf21b:2007682288963196575	cutscene_swarm.cutscene_monitor5_0
eccfa735b3a0ff24ca55f4d9865ca6d9	zone2.heavy_panel45_0
eccfa735b3a0ff24ca55f4d9865ca6d9:-609876170818986393	zone2.heavy_panel45_0
ed19b317f9d4f844a8713af26b3e6b28	walls.wb_narrow_frame_up_0
ed19b317f9d4f844a8713af26b3e6b28:-9129744220300108631	walls.wb_narrow_frame_up_0
ed1f3e1676fc3c048bdefefdd809bbaf	zone2.heavy_panel23_0
ed1f3e1676fc3c048bdefefdd809bbaf:1534325576593856936	zone2.heavy_panel23_0
ed233081ee55ba1479864d8998f55730	walls.panel_brown_underfloor_secret_0
ed233081ee55ba1479864d8998f55730:641178889355031746	walls.panel_brown_underfloor_secret_0
ed3333acfff42544cb45165253688adb	zone2.heavy_panel32_0
ed3333acfff42544cb45165253688adb:3463703977524431134	zone2.heavy_panel32_0
ed4bcda4901b519498bdaf3bb9c7124d	lights.lamp_bg_red_grad_edge_128x32_0
ed4bcda4901b519498bdaf3bb9c7124d:-8337015053799378607	lights.lamp_bg_red_grad_edge_128x32_0
ed6f3d7e2b98e61419821b8501a461fb	traps_shadows.black_ball_station1_0
ed6f3d7e2b98e61419821b8501a461fb:8551236927498678964	traps_shadows.black_ball_station1_0
ed8c5d6495ef1f247b5b6f72acccfe9c	black.angle_3_rounded_0
ed8c5d6495ef1f247b5b6f72acccfe9c:-2866145368151006968	black.angle_3_rounded_0
ed93437a6f4c45141801589840bb8f27	zone2.panel_brown1_0
ed93437a6f4c45141801589840bb8f27:7683004078621462898	zone2.panel_brown1_0
ed96f18c0a31e7c43b309d5c3bc6eee5	black.silhouette_main_4_3_0
ed96f18c0a31e7c43b309d5c3bc6eee5:-3552652443399236224	black.silhouette_main_4_3_0
edbfc334d0d67394c9a4547f2b1b5591	blue_crystal_lab.plan_5_0
edbfc334d0d67394c9a4547f2b1b5591:-3131675131967461735	blue_crystal_lab.plan_5_0
edceeea93ef7b434b9129469eb41e4e6	q_scanner_terminal.server8_0
edceeea93ef7b434b9129469eb41e4e6:6890507204091252707	q_scanner_terminal.server8_0
edd15297db8a81b42a049d0b00ba2fe2	walls.ww_corner_down_0
edd15297db8a81b42a049d0b00ba2fe2:-7238184340342560644	walls.ww_corner_down_0
ede70c2fd5ca61f4790ac25fb573274a	black.silhouette_main_4_1_0
ede70c2fd5ca61f4790ac25fb573274a:-2155540925968146675	black.silhouette_main_4_1_0
edf4b0cec800d8a4282b55bfbfcb5f31	black.obstacle_1_2_0
edf4b0cec800d8a4282b55bfbfcb5f31:-5941714798960254787	black.obstacle_1_2_0
ee1b8ada61eb84341a859fc135224023	walls.panel_blue_underfloor_beam_0
ee1b8ada61eb84341a859fc135224023:3992989006233293395	walls.panel_blue_underfloor_beam_0
ee22caab85e09d14fb8604cb1c50f829	walls.pipeline_lever_blue_0
ee22caab85e09d14fb8604cb1c50f829:2003211897831409361	walls.pipeline_lever_blue_0
ee48cc0b384798548a7d1d210c9494f3	zone2.heavy_panel27_0
ee48cc0b384798548a7d1d210c9494f3:2051029439860250248	zone2.heavy_panel27_0
ee609751ff2536a4b85f9da85da8762a	zone2.heavy_panel46_0
ee609751ff2536a4b85f9da85da8762a:3442818598872288820	zone2.heavy_panel46_0
ee6943fb6303c524faa408579ec2318a	zone2.door2_1_0
ee6943fb6303c524faa408579ec2318a:-3265069374261947168	zone2.door2_1_0
ee74826a72ca2ab4e803d8f2c6c5dcf3	traps_shadows.laser_cone_0
ee74826a72ca2ab4e803d8f2c6c5dcf3:7875039895554918292	traps_shadows.laser_cone_0
eea752c83c4b2904faff7c40ffdd530d	black.ceiling_silhouette_2_0
eea752c83c4b2904faff7c40ffdd530d:-8771891991062044092	black.ceiling_silhouette_2_0
eec463f96a161b74fa96b5604dc01d0e	zone2.heavy_panel35_0
eec463f96a161b74fa96b5604dc01d0e:-2264845035772741235	zone2.heavy_panel35_0
eed79673fed21aa40af8b8e3b50eec48	walls.pw_decal_light_center_down_0
eed79673fed21aa40af8b8e3b50eec48:-5981905864172468393	walls.pw_decal_light_center_down_0
ef0773f1e03b02442b305e774ff12d87	zone2.light_panel4_0
ef0773f1e03b02442b305e774ff12d87:3949459508531422647	zone2.light_panel4_0
ef330662b8904934abba280bf430cc8d	walls.pw_decal_edge_down_0
ef330662b8904934abba280bf430cc8d:-6340669413745948869	walls.pw_decal_edge_down_0
ef5501a7198bb774a966f2cce0a56255	stunts_run.track_trick_doublejumproll_0
ef5501a7198bb774a966f2cce0a56255:-2818642006887684398	stunts_run.track_trick_doublejumproll_0
ef76f71b6a9387e438f67693949ebcd9	black.slope_1_6_0
ef76f71b6a9387e438f67693949ebcd9:-3356264963937738214	black.slope_1_6_0
eff496e11f21e4140bcb7a8d56d52a5c	zone2.8_0
eff496e11f21e4140bcb7a8d56d52a5c:2141457816194027500	zone2.8_0
f0141a3b3597bc546ba731bbb6d487cc	black.balk_1_0
f0141a3b3597bc546ba731bbb6d487cc:-5821512129205951474	black.balk_1_0
f037043cfba66d945bc0f41011c3ecca	zone2.slope18_0
f037043cfba66d945bc0f41011c3ecca:3625476885824963448	zone2.slope18_0
f0449f599f12c93478db55ad486bc058	walls.panel_blue_underfloor_0
f0449f599f12c93478db55ad486bc058:4767314551746934692	walls.panel_blue_underfloor_0
f080226dc0fa0bf4d8fdf3dc41e00f61	zone2.6_0
f080226dc0fa0bf4d8fdf3dc41e00f61:2717753445224566024	zone2.6_0
f1384222cb17587468371cd73ab9f782	traps_shadows.mine_pillar6_0
f1384222cb17587468371cd73ab9f782:4137871225860186097	traps_shadows.mine_pillar6_0
f14135a2f67ba094dbda4de7bc112833	blue_crystal_lab.plan_2_7_0
f14135a2f67ba094dbda4de7bc112833:7408160511102889821	blue_crystal_lab.plan_2_7_0
f161b316ca637364c98c3d9510a3f65b	zone2.decal_yellow_black_line_0
f161b316ca637364c98c3d9510a3f65b:-5288636778835006664	zone2.decal_yellow_black_line_0
f192fe49b04335e48a81d1a8df3015e6	warning_signs.digit_2_0
f192fe49b04335e48a81d1a8df3015e6:-7751467250520741208	warning_signs.digit_2_0
f1c25cf2a8e1e3d4e91bb11d3d2a1af8	zone2.heavy_panel60_0
f1c25cf2a8e1e3d4e91bb11d3d2a1af8:-3788679200481671958	zone2.heavy_panel60_0
f1edae53013c3b3469bb37acbceeff25	q_scanner.4_0
f1edae53013c3b3469bb37acbceeff25:-7235566600124761478	q_scanner.4_0
f210b460403b58e4e9e94e8abfe5a149	walls.wbth_support_down_0
f210b460403b58e4e9e94e8abfe5a149:-7508124148963391506	walls.wbth_support_down_0
f21ba09ed40ac594489efb96d39b950e	walls.pipeline_arris_light_green_0
f21ba09ed40ac594489efb96d39b950e:-7448165488704376997	walls.pipeline_arris_light_green_0
f249a43aaa7383546949810f9b3ff60d	black.silhouette_main_1_4_0
f249a43aaa7383546949810f9b3ff60d:3177424025052988114	black.silhouette_main_1_4_0
f264e11aea7974a41b073b4f4213542e	walls.wb_wide_to_narrow_down_0
f264e11aea7974a41b073b4f4213542e:6836018207095624748	walls.wb_wide_to_narrow_down_0
f27a3140a7b743046bf8244acccc1168	walls.panel_blue_underfloor_lightweight_lower_0
f27a3140a7b743046bf8244acccc1168:4761522431252513125	walls.panel_blue_underfloor_lightweight_lower_0
f287eb5d361be6440be558ed377b7ec3	traps_shadows.swarm_shaft5_0
f287eb5d361be6440be558ed377b7ec3:3888647592707874403	traps_shadows.swarm_shaft5_0
f28cf0570c37baf4b84e280c763721d1	q_server.server17_0
f28cf0570c37baf4b84e280c763721d1:6010409910719353737	q_server.server17_0
f2de4bfbfa7d4374ebc0928aa307cd02	q_reactor.base_wires2_0
f2de4bfbfa7d4374ebc0928aa307cd02:-2354196078755773337	q_reactor.base_wires2_0
f2de4bfbfa7d4374ebc0928aa307cd02:2095123005969748582	q_reactor.base_wires2_1
f2eaa746e630b7149b96d7bdc7681f29	stunts_run.track_trick_handspringtoroll_0
f2eaa746e630b7149b96d7bdc7681f29:-2224715777430361418	stunts_run.track_trick_handspringtoroll_0
f2eaa746e630b7149b96d7bdc7681f29:-7398057296227975406	stunts_run.track_trick_handspringtoroll_1
f2ecd060ea2948e42a7223972f51ef26	q_scanner.9_0
f2ecd060ea2948e42a7223972f51ef26:-3006347861261401626	q_scanner.9_0
f2ee0277037e6c448afe8c85bf1806b5	far_city.plan_4_3_0
f2ee0277037e6c448afe8c85bf1806b5:4617142755654751152	far_city.plan_4_3_0
f2f5ff4920425c842904d866254a9a40	cutscene_swarm.cutscene1_0
f2f5ff4920425c842904d866254a9a40:1462199014591080807	cutscene_swarm.cutscene1_0
f3026472cfdce5649a45cd5db2299b4a	far_city.plan_5_1_0
f3026472cfdce5649a45cd5db2299b4a:6057434279082225033	far_city.plan_5_1_0
f305101b2f17d9b4abc45b7bf8de87de	q_powernode.7_0
f305101b2f17d9b4abc45b7bf8de87de:-7030809728651682365	q_powernode.7_0
f3214bf9120ea9f4aa5e08b8fe7fd1b2	bg_red_crane.2_2_0
f3214bf9120ea9f4aa5e08b8fe7fd1b2:-8214678171995981432	bg_red_crane.2_2_0
f36defdbc0a16bd4abe81b71c0ef5839	metal_pillars.plan_0_2_0
f36defdbc0a16bd4abe81b71c0ef5839:-671767786045302456	metal_pillars.plan_0_2_0
f389a50d308be0f48a95c44d436d4da1	stunts_run.track_trick_longjumptobarrel_0
f389a50d308be0f48a95c44d436d4da1:-5128220765943798357	stunts_run.track_trick_longjumptobarrel_0
f392759d7b744d341b86ae56ebf2d074	black.pedestal_1_3_0
f392759d7b744d341b86ae56ebf2d074:-2360699971505251037	black.pedestal_1_3_0
f392aff9287ae6b498f9d683b6e85694	lights.lamp_bg_green_foundation_edge_32x8_0
f392aff9287ae6b498f9d683b6e85694:-482640887799556832	lights.lamp_bg_green_foundation_edge_32x8_0
f3c70aa1b5d938c4d955f615f3f3b0fd	traps_shadows.electro_flap_horizontsl_0
f3c70aa1b5d938c4d955f615f3f3b0fd:-6978414777220182242	traps_shadows.electro_flap_horizontsl_0
f3cc06c64f07fab418336b2df635927e	cutscene_swarm.cutscene_monitor4_0
f3cc06c64f07fab418336b2df635927e:-8053361158234570090	cutscene_swarm.cutscene_monitor4_0
f3d1c70649e21b84a9ae1b55fafa3671	blue_crystal_lab.plan_3_0
f3d1c70649e21b84a9ae1b55fafa3671:-565936082483510384	blue_crystal_lab.plan_3_0
f3d6f80834eed864290d8e4e6119fce6	electric_factory_1.plan_4-3_0
f3d6f80834eed864290d8e4e6119fce6:8064714584198443386	electric_factory_1.plan_4-3_0
f3d965d878a6b864ca8dbd949d09cfa9	walls.pipeline_arris_dark_blue_0
f3d965d878a6b864ca8dbd949d09cfa9:4269697989971946068	walls.pipeline_arris_dark_blue_0
f3d98973d85980a46829a1af5f9a135b	stunts_run.track_trick_flyingarrow_0
f3d98973d85980a46829a1af5f9a135b:-3260092475412186914	stunts_run.track_trick_flyingarrow_0
f40cd35f3738c8c49b725fe0cf8f9d37	zone2.heavy_panel35_0
f40cd35f3738c8c49b725fe0cf8f9d37:-2264845035772741235	zone2.heavy_panel35_0
f416c97dd654d4744a41bd81ba7a5678	traps_shadows.swarm_shaft_flap_0
f416c97dd654d4744a41bd81ba7a5678:3563899387465612342	traps_shadows.swarm_shaft_flap_0
f417bc23f99bf8b46817f4302072a52d	walls.pipeline_pipeline_a24_green_0
f417bc23f99bf8b46817f4302072a52d:-3004418215624085522	walls.pipeline_pipeline_a24_green_7
f417bc23f99bf8b46817f4302072a52d:-4250258928197759240	walls.pipeline_pipeline_a24_green_8
f417bc23f99bf8b46817f4302072a52d:-5166471935990298476	walls.pipeline_pipeline_a24_green_5
f417bc23f99bf8b46817f4302072a52d:-5927599593645520229	walls.pipeline_pipeline_a24_green_9
f417bc23f99bf8b46817f4302072a52d:-611977102025154169	walls.pipeline_pipeline_a24_green_6
f417bc23f99bf8b46817f4302072a52d:-7150109594909282785	walls.pipeline_pipeline_a24_green_0
f417bc23f99bf8b46817f4302072a52d:1579323550191912350	walls.pipeline_pipeline_a24_green_11
f417bc23f99bf8b46817f4302072a52d:1733354207214259491	walls.pipeline_pipeline_a24_green_2
f417bc23f99bf8b46817f4302072a52d:4098740283085911466	walls.pipeline_pipeline_a24_green_10
f417bc23f99bf8b46817f4302072a52d:4257768530116463876	walls.pipeline_pipeline_a24_green_4
f417bc23f99bf8b46817f4302072a52d:442342683337442014	walls.pipeline_pipeline_a24_green_3
f417bc23f99bf8b46817f4302072a52d:7896050514439456863	walls.pipeline_pipeline_a24_green_1
f43700964d55ed3408da97d82c69331e	walls.wb_narrow_frame_up_0
f43700964d55ed3408da97d82c69331e:-9129744220300108631	walls.wb_narrow_frame_up_0
f44704451a741504aa6ca522fd7bc678	zone2.darkness_switch2_0
f44704451a741504aa6ca522fd7bc678:-7444318755084753874	zone2.darkness_switch2_0
f448879975fab744497d3e5afe6134e6	zone2.manipulator12_0
f448879975fab744497d3e5afe6134e6:4669172334201217580	zone2.manipulator12_0
f44dc13d5c678a041a27bbdd731991e7	stunts_run.track_trick_wallbackroll_0
f44dc13d5c678a041a27bbdd731991e7:7594167116785181997	stunts_run.track_trick_wallbackroll_0
f4599e91e95d730478cc32804e9de298	bg_red_crane.2_3_0
f4599e91e95d730478cc32804e9de298:-423743865722648693	bg_red_crane.2_3_0
f48849dbd3e444e41b44e8c097db34dd	q_scanner_terminal.6_0
f48849dbd3e444e41b44e8c097db34dd:-7156590541299301312	q_scanner_terminal.6_0
f4d6b9bfec9bc73449e229594f4181ef	stunts_run.track_trick_barjump_0
f4d6b9bfec9bc73449e229594f4181ef:-2274937777604380506	stunts_run.track_trick_barjump_1
f4d6b9bfec9bc73449e229594f4181ef:8939962293137524609	stunts_run.track_trick_barjump_0
f4fc164872304b74a9fba4bbf0c4d743	metal_pillars.plan_1_3_0
f4fc164872304b74a9fba4bbf0c4d743:-7054830281358261701	metal_pillars.plan_1_3_0
f500ff30bef241648b39821e11a60e9a	walls.panel_red_underfloor_support_lower_0
f500ff30bef241648b39821e11a60e9a:8063917491223700657	walls.panel_red_underfloor_support_lower_0
f539487f3baeb794f91352cdca4ae226	walls.pw_decal_center_0
f539487f3baeb794f91352cdca4ae226:-434814386521457922	walls.pw_decal_center_0
f5401015850acc8429cccbd293caa31d	lights.lamp_bg_blue_foundation_center_2x8_0
f5401015850acc8429cccbd293caa31d:-3046260900778898335	lights.lamp_bg_blue_foundation_center_2x8_0
f549d8a83b80da248aef5df449049285	walls.holographic_interface_circles2_0
f549d8a83b80da248aef5df449049285:6057897964337317281	walls.holographic_interface_circles2_0
f58d3255c2bed8f479fc2de4a7c152c3	zone2.light_panel8_0
f58d3255c2bed8f479fc2de4a7c152c3:3211757939764466659	zone2.light_panel8_0
f58d580438295c346a5d787353c0aa14	black.barrel_1_simple_0
f58d580438295c346a5d787353c0aa14:-7734712897784140940	black.barrel_1_simple_0
f5c0c550f739cc7478fc1189eaa7eab0	walls.pw_decal_edge_up_0
f5c0c550f739cc7478fc1189eaa7eab0:1896550354762437570	walls.pw_decal_edge_up_0
f5e3c23ee543edc428bf8f5dbc9f4732	bg_red_crane.1_21_0
f5e3c23ee543edc428bf8f5dbc9f4732:-5352014819022349658	bg_red_crane.1_21_0
f6294ae2bbd55cb4aa8c0fef79b958e7	bg_barrel.2_4_0
f6294ae2bbd55cb4aa8c0fef79b958e7:-1130097132748612397	bg_barrel.2_4_0
f634bd060b5bb0d4babc44f0a64ee1bf	actives.activator2_0
f634bd060b5bb0d4babc44f0a64ee1bf:1033298107538287827	actives.activator2_0
f63658f7b486c5443b90a0ca2e01cae4	actives.emp_0
f63658f7b486c5443b90a0ca2e01cae4:-2132842366724975557	actives.emp_0
f651410028490dd4eb67432eca468bf1	stunts_run.banner_3_main_0
f651410028490dd4eb67432eca468bf1:-7601375849597926358	stunts_run.banner_3_main_0
f67d450136c06d444b2345b9b4e3cbb0	bg_red_crane.1_12_0
f67d450136c06d444b2345b9b4e3cbb0:3880404830585422541	bg_red_crane.1_12_0
f67f502bbfd2da14395ebf30e92fa649	zone2.heavy_panel37_0
f67f502bbfd2da14395ebf30e92fa649:524588650012893704	zone2.heavy_panel37_0
f6cde4bf7998d574c82b1c397a1bc20f	zone2.heavy_panel2_0
f6cde4bf7998d574c82b1c397a1bc20f:-102368596934778048	zone2.heavy_panel2_0
f763ca471b9c2dc40a57655839e3f37c	zone2.slope15_0
f763ca471b9c2dc40a57655839e3f37c:5675733798727505496	zone2.slope15_0
f7904e3c56e9d8f4e9a8b48826b71484	cutscene_swarm.cutscene_monitor9_0
f7904e3c56e9d8f4e9a8b48826b71484:763566770011450808	cutscene_swarm.cutscene_monitor9_0
f7abfbcd4e1d95b4e9fb8e38976538c1	stunts_run.track_trick_monkeytobackflip_0
f7abfbcd4e1d95b4e9fb8e38976538c1:1689836576954005388	stunts_run.track_trick_monkeytobackflip_0
f7abfbcd4e1d95b4e9fb8e38976538c1:4083336236160184730	stunts_run.track_trick_monkeytobackflip_1
f7af57c03f69eb44cb9a3fbab78d13ab	black.obstacle_1_2_0
f7af57c03f69eb44cb9a3fbab78d13ab:-5941714798960254787	black.obstacle_1_2_0
f7c7e7c9764660244b135be180a31423	bg_barrel.3_2_0
f7c7e7c9764660244b135be180a31423:-2884858729135116560	bg_barrel.3_2_0
f7ead0e0db7fb624e945b2d0888a4a82	lights.lamp_bg_yellow_grad_edge_128x32_0
f7ead0e0db7fb624e945b2d0888a4a82:2927008283595692570	lights.lamp_bg_yellow_grad_edge_128x32_0
f7fec46edb2af224ab8487049e93f291	black.manipulator_bravo_1_0
f7fec46edb2af224ab8487049e93f291:7180176937646511692	black.manipulator_bravo_1_0
f8103d7e993cadf4e8bed1a53c4eec75	traps_seq.mine_blink_8_0
f8103d7e993cadf4e8bed1a53c4eec75:-6906555646209755088	traps_seq.mine_blink_8_0
f815d78776f2072449cf8c336412e007	black.slope_4_1_0
f815d78776f2072449cf8c336412e007:2557275371599942233	black.slope_4_1_0
f850c2af5dcc36444af4cdce51b8423c	zone2.heavy_panel1_0
f850c2af5dcc36444af4cdce51b8423c:1893523797511537467	zone2.heavy_panel1_0
f8865c39b6d1d2b4cb12203ac90c03f8	walls.wb_narrow_frame_down_0
f8865c39b6d1d2b4cb12203ac90c03f8:-5065082969859430275	walls.wb_narrow_frame_down_0
f8e48b0e54eadad4dbc8c019c03315c9	walls.recessed_panel_edge_3_0
f8e48b0e54eadad4dbc8c019c03315c9:-6548309772916379379	walls.recessed_panel_edge_3_0
f8f0186022011e84b8537046c76a398e	zone2.heavy_panel34_0
f8f0186022011e84b8537046c76a398e:-6281666233587057079	zone2.heavy_panel34_0
f9258a72825f07b41ad4f0fc7eeeb132	bg_barrel.1_3_0
f9258a72825f07b41ad4f0fc7eeeb132:-9003423007442584695	bg_barrel.1_3_0
f9432dd00f3ea4b439d00828886267e3	stunts_run.track_trick_flipandroll_0
f9432dd00f3ea4b439d00828886267e3:-5963445453200179703	stunts_run.track_trick_flipandroll_0
f97e53d1576d62d4aab979da95a8fefd	black.slope_4_3_0
f97e53d1576d62d4aab979da95a8fefd:8750570804887841968	black.slope_4_3_0
f9af19f91d7c15c4a8ac289a54a2b408	black.manipulator_charlie_1_0
f9af19f91d7c15c4a8ac289a54a2b408:-2511102087125720978	black.manipulator_charlie_1_0
fa03b510498ba504d99119764dad3b30	zone2.heavy_panel56_0
fa03b510498ba504d99119764dad3b30:2923124375288134792	zone2.heavy_panel56_0
fa2e339f57ab1ba4c89f6a0a3a731265	black.pedestal_1_2_0
fa2e339f57ab1ba4c89f6a0a3a731265:-3241261002003167845	black.pedestal_1_2_0
fa46c743483f9dd418e4e6280bba15ce	q_fuzesocket.2_0
fa46c743483f9dd418e4e6280bba15ce:6182025397405652082	q_fuzesocket.2_0
fa48a69916434aa49b372a4d84e93065	lights.lamp_bg_red_grad_center_2x32_0
fa48a69916434aa49b372a4d84e93065:8562340319055543937	lights.lamp_bg_red_grad_center_2x32_0
fa64f2a72d19cb04a924bc65de24e8b2	zone2.slope13_0
fa64f2a72d19cb04a924bc65de24e8b2:6391260428733353107	zone2.slope13_0
fa8632305935bee428650f5bf59fb531	walls.pipeline_arris_light_green_0
fa8632305935bee428650f5bf59fb531:-7448165488704376997	walls.pipeline_arris_light_green_0
fa9b45642ea11bf4693c3b78913b878f	zone2.heavy_panel5_0
fa9b45642ea11bf4693c3b78913b878f:-2981332543003750183	zone2.heavy_panel5_0
faabdd5e19d6cff4f8e6e0f310f36808	black.manipulator_2_1024x1024_0
faabdd5e19d6cff4f8e6e0f310f36808:-5886601917460698427	black.manipulator_2_1024x1024_0
fadebb139dfd94540a74b8a363309382	metal_pillars.plan_2_2_0
fadebb139dfd94540a74b8a363309382:2059528089245351430	metal_pillars.plan_2_2_0
fb0eae38c5c53d94c9f756f4d496b49d	zone2.slope15_0
fb0eae38c5c53d94c9f756f4d496b49d:5675733798727505496	zone2.slope15_0
fb25a459e242382408f70a61d404ea13	stunts_run.track_trick_boomboomshhuh_0
fb25a459e242382408f70a61d404ea13:3180266594470703549	stunts_run.track_trick_boomboomshhuh_0
fb2fcebf7c47d044c9e59efb4603a52d	traps_shadows.flamethrowe_body_on2_0
fb2fcebf7c47d044c9e59efb4603a52d:8335834069132856651	traps_shadows.flamethrowe_body_on2_0
fb3163f51c3b24d4eb3af4f58c6049c2	cutscene_swarm.cutscene10_0
fb3163f51c3b24d4eb3af4f58c6049c2:-1820890030240234708	cutscene_swarm.cutscene10_0
fb587e697e8da1a49a5ca1cbd929641a	bg_barrel.4_2_0
fb587e697e8da1a49a5ca1cbd929641a:-7958561410596513771	bg_barrel.4_2_0
fb9b633d8d7e2d54fb5c086d58b70be6	memory_terminal.10_0
fb9b633d8d7e2d54fb5c086d58b70be6:-5096594222477296123	memory_terminal.10_0
fbbf8b4bc9c58254491532c5109de635	traps_shadows.banner_1_top_0
fbbf8b4bc9c58254491532c5109de635:-6054165403999573806	traps_shadows.banner_1_top_0
fbcad9bdc0e6477489639b51e76d90b2	stunts_run.track_trick_barjumpsaltoless_0
fbcad9bdc0e6477489639b51e76d90b2:-3622476138926452308	stunts_run.track_trick_barjumpsaltoless_0
fbfc59ef37786ca4ebfa0743af99ceb4	walls.decal_0_0
fbfc59ef37786ca4ebfa0743af99ceb4:8344153342684033020	walls.decal_0_0
fc318af430e42ac45b730ca9a120e724	zone2.heavy_panel40_0
fc318af430e42ac45b730ca9a120e724:-4224109529715376567	zone2.heavy_panel40_0
fc486d7b53619144f9ffa3556e74f77a	walls.pw_main_hor_up_0
fc486d7b53619144f9ffa3556e74f77a:853209284084569004	walls.pw_main_hor_up_0
fc663f21a9d78934587ec03ab4173668	q_scanner.11_0
fc663f21a9d78934587ec03ab4173668:-143346108874547331	q_scanner.11_0
fcf22da0e3390e040abc397e12b4c2ae	zone2.heavy_panel8_0
fcf22da0e3390e040abc397e12b4c2ae:1855833329346306338	zone2.heavy_panel8_0
fcffdcb884714c7448def7e32311d793	zone2.edge_brown4_0
fcffdcb884714c7448def7e32311d793:6275629910075681628	zone2.edge_brown4_0
fd013e99a23ed804e984dfde42a5578e	q_scanner.5_0
fd013e99a23ed804e984dfde42a5578e:-6801728344682138468	q_scanner.5_0
fd03b0cfbe1b21f42b838d203cbf5980	walls.pipeline_connection_blue_0
fd03b0cfbe1b21f42b838d203cbf5980:-1912230016221561284	walls.pipeline_connection_blue_0
fd09f79003fa66b4e9e2143711ea0d0d	walls.ws_exit_0
fd09f79003fa66b4e9e2143711ea0d0d:-12569247166875247	walls.ws_exit_0
fd09f79003fa66b4e9e2143711ea0d0d:-5587996118567022245	walls.ws_exit_1
fd4683852d760b64e9de8a7a6073113d	zone2.heavy_panel20_0
fd4683852d760b64e9de8a7a6073113d:-605717372151769513	zone2.heavy_panel20_0
fd55dd2e02f5665459e5c89ae40724da	bg_barrel.1_6_0
fd55dd2e02f5665459e5c89ae40724da:-4881416828579272224	bg_barrel.1_6_0
fd628839a15e3aa41a6f210ec804bb40	traps_shadows.triple_bomb1_0
fd628839a15e3aa41a6f210ec804bb40:3200552824773556365	traps_shadows.triple_bomb1_0
fd6dba3f4bc2f994285c42b4793aa608	stunts_run.track_trick_kingkongjump_0
fd6dba3f4bc2f994285c42b4793aa608:3202480341390549473	stunts_run.track_trick_kingkongjump_0
fd7701932d4dd724596257a1dcdb788c	walls.panel_red_underfloor_secret_0
fd7701932d4dd724596257a1dcdb788c:5489461712790753959	walls.panel_red_underfloor_secret_0
fd8a47fa4208f6f489adc24ef3bd82e6	lights.lamp_bg_blue_foundation_edge_32x8_0
fd8a47fa4208f6f489adc24ef3bd82e6:7347582169167933622	lights.lamp_bg_blue_foundation_edge_32x8_0
fdb5d52b05662084fa7f7e7d770261e3	walls.ws_divarication_forward_0
fdb5d52b05662084fa7f7e7d770261e3:-3548724695398240960	walls.ws_divarication_forward_0
fe356079311fd1c4aa17280c4728b77a	q_reactor.reactor_heat_0
fe356079311fd1c4aa17280c4728b77a:-3348109926408950186	q_reactor.reactor_heat_0
fe61dbade72c0b14fb61a4ca3f157a82	black.tp_obst_0
fe61dbade72c0b14fb61a4ca3f157a82:7677382302181526111	black.tp_obst_0
fe7bb397460351a4ea17df2db94335f2	zone2.cords1_0
fe7bb397460351a4ea17df2db94335f2:8422923770816504742	zone2.cords1_0
fe99822c22da1de48b8e9bff2a23f3e5	electric_factory_1.plan_4-2_0
fe99822c22da1de48b8e9bff2a23f3e5:-7882861740894216827	electric_factory_1.plan_4-2_0
feb7c363ba6674449a9a41240b9c079c	walls.pipeline_valve_green_0
feb7c363ba6674449a9a41240b9c079c:1642660277881166288	walls.pipeline_valve_green_0
fedde06cf64908048b5670eea9512987	traps_shadows.mine_body_0
fedde06cf64908048b5670eea9512987:-857855566747818321	traps_shadows.mine_body_0
fee1729572517ca48a36fdb4d39ffaa5	zone2.panel_brown_bg_0
fee1729572517ca48a36fdb4d39ffaa5:-5806057479598814875	zone2.panel_brown_bg_0
ff18eb6c48056ea468fb48317815a847	walls.pipeline_type_aw4_blue_0
ff18eb6c48056ea468fb48317815a847:-1155723760157997667	walls.pipeline_type_aw4_blue_2
ff18eb6c48056ea468fb48317815a847:-1374299932182490941	walls.pipeline_type_aw4_blue_0
ff18eb6c48056ea468fb48317815a847:-6270435831373599087	walls.pipeline_type_aw4_blue_3
ff18eb6c48056ea468fb48317815a847:-6479510415559272776	walls.pipeline_type_aw4_blue_1
ff18eb6c48056ea468fb48317815a847:-6645937244265905588	walls.pipeline_type_aw4_blue_7
ff18eb6c48056ea468fb48317815a847:3103108353599476807	walls.pipeline_type_aw4_blue_6
ff18eb6c48056ea468fb48317815a847:6285583418163487098	walls.pipeline_type_aw4_blue_4
ff18eb6c48056ea468fb48317815a847:6345691397873615225	walls.pipeline_type_aw4_blue_8
ff18eb6c48056ea468fb48317815a847:7015162558982403377	walls.pipeline_type_aw4_blue_5
ff1d1fec844ab6c4cac287dcd5533645	zone2.slope1_0
ff1d1fec844ab6c4cac287dcd5533645:-7973383416405720270	zone2.slope1_0
ff56cc6f33ed35b4d8fca7978bed7fe2	traps_shadows.mine_pillar8_0
ff56cc6f33ed35b4d8fca7978bed7fe2:5382019513265208193	traps_shadows.mine_pillar8_0
ff5d0004d5d629d45a4e33a4e04f93f8	black.wallbox_0
ff5d0004d5d629d45a4e33a4e04f93f8:-5332085291527863834	black.wallbox_0
ffca329078e3cfc44ae978e6579f3ba9	stunts_run.track_trick_flipandroll_0
ffca329078e3cfc44ae978e6579f3ba9:-5963445453200179703	stunts_run.track_trick_flipandroll_0
ffd1818a19bd97e44b06d3e88e3e7c04	bg_barrel.2_2_0
ffd1818a19bd97e44b06d3e88e3e7c04:-5288781215422544760	bg_barrel.2_2_0
ffda8b06a7ffc054bbd509fd09053193	traps_shadows.sound_trap1_0
ffda8b06a7ffc054bbd509fd09053193:5010926258513045279	traps_shadows.sound_trap1_0
ffe5adc7a0e28074fab704647288955e	walls.pipeline_edge_light_green_0
ffe5adc7a0e28074fab704647288955e:7027628811017513918	walls.pipeline_edge_light_green_0
